TCGplayer Id,Product Line,Set Name,Product Name,Number,Rarity,Condition,TCG Market Price,TCG Direct Low,TCG Low Price With Shipping,TCG Low Price,Total Quantity,Add to Quantity,TCG Marketplace Price,My totals,My Store Price,Photo URL,Sold For ,Listed Where,Sold When,Where is it?,Sold For,Profit
7817862,Magic,Outlaws of Thunder Junction: Breaking News,Grindstone,62,M,Near Mint,3.2,,,,,2,3.2,6.4,3.2,https://user-content.cardcastle.co/uploads/card_user/scanned_image/c9439cef-420a-4453-a9e9-d8ece1e7543d.jpg,$2.75,In store,8/15/2026,81326,,1.15
4506502,Magic,Double Masters,Hammer of Nazahn,260,R,Near Mint,15.52,,,,,1,15.52,15.52,15.52,https://user-content.cardcastle.co/uploads/card_user/scanned_image/cd908a75-31d8-4689-b836-fa5f52ead471.jpg,$15.00,In store,8/17/2026,81326,,7.24
7246726,Magic,Commander Masters,Pearl Medallion,401,R,Near Mint,5.73,,,,,1,5.73,5.73,5.73,https://user-content.cardcastle.co/uploads/card_user/scanned_image/21add399-04d6-4aaa-9f94-7bdf91e7eab6.jpg,$5.99,In store,8/23/2026,81326,,3.125
7927999,Magic,Modern Horizons 3,Jet Medallion,292,R,Near Mint,11.79,,,,,1,11.79,11.79,11.79,https://user-content.cardcastle.co/uploads/card_user/scanned_image/43aa0bd4-1c4e-48a6-83a7-fb5bde501bf7.jpg,$11.85,In store,8/23/2026,81326,,5.955
7246851,Magic,Commander Masters,Jet Medallion,395,R,Near Mint,12.18,,,,,1,12.18,12.18,12.18,https://user-content.cardcastle.co/uploads/card_user/scanned_image/a55119c7-a09e-4dec-80b1-d1ecd7099b44.jpg,$11.85,In store,8/23/2026,81326,,5.76
7821368,Magic,Outlaws of Thunder Junction: The Big Score,Torpor Orb,27,M,Near Mint,4.95,,,,,1,4.95,4.95,4.95,https://user-content.cardcastle.co/uploads/card_user/scanned_image/da73f14e-f5e5-40c2-af57-c4063bb96ca7.jpg,,,,81326,,
8887,Magic,Mirrodin,Chalice of the Void,150,R,Near Mint,15.7,,,,,1,15.7,15.7,15.7,https://user-content.cardcastle.co/uploads/card_user/scanned_image/5e039b99-c778-49d8-ac16-c66d9998ba35.jpg,,,,81326,,
8980192,Magic,Avatar: The Last Airbender,"Bumi, Unleashed",211,M,Near Mint,4.48,,,,,3,4.48,13.44,4.48,https://user-content.cardcastle.co/uploads/card_user/scanned_image/c7fb77fc-ff8e-45fa-959b-d41a5f89b385.jpg,,,,81326,,
6990386,Magic,Commander: Phyrexia: All Will Be One,"Vishgraz, the Doomhive",4,M,Near Mint,1.7,,,,,1,1.7,1.7,1.7,https://user-content.cardcastle.co/uploads/card_user/scanned_image/f75be746-48c1-419a-955e-1d01876fe906.jpg,,,,81326,,
8906590,Magic,Marvel's Spider-Man,Eddie Brock (0224) (Borderless),224,M,Near Mint,4.5,,,,,1,4.5,4.5,4.5,https://user-content.cardcastle.co/uploads/card_user/scanned_image/0105dd34-0b46-42d5-b2f1-356092140dcd.jpg,,,,81326,,
7490389,Magic,Universes Beyond: Fallout,"Caesar, Legion's Emperor",1,M,Near Mint Foil,8.26,,,,,1,8.26,8.26,8.26,https://user-content.cardcastle.co/uploads/card_user/scanned_image/17cf605e-e1d2-49c8-bfb1-f58e4a16860e.jpg,,,,81326,,
7258817,Magic,Commander Masters,"Morophon, the Boundless (Borderless)",669,M,Near Mint,10.84,,,,,1,10.84,10.84,10.84,https://user-content.cardcastle.co/uploads/card_user/scanned_image/76eb6fdc-68ac-4960-91bf-18d69fff00db.jpg,,,,81326,,
7790012,Magic,Modern Horizons 3,Psychic Frog,199,R,Near Mint,5.68,,,,,1,5.68,5.68,5.68,https://user-content.cardcastle.co/uploads/card_user/scanned_image/2b2873ea-b255-4af7-b9a7-7809646c910b.jpg,,,,81326,,
8914887,Magic,Marvel's Spider-Man,Cosmic Spider-Man,127,M,Near Mint,3.99,,,,,1,3.99,3.99,3.99,https://user-content.cardcastle.co/uploads/card_user/scanned_image/d434e9b4-a2e3-429d-abde-e8ccccd9d3e1.jpg,,,,81326,,
7280509,Magic,Commander Masters,Teysa Karlov,359,R,Near Mint,2.63,,,,,2,2.63,5.26,2.63,https://user-content.cardcastle.co/uploads/card_user/scanned_image/79ecb151-2a77-4895-8a48-4529cf32cb2c.jpg,,,,81326,,
8618368,Magic,Tarkir: Dragonstorm,"Teval, Arbiter of Virtue (Showcase)",319,M,Near Mint,2.32,,,,,1,2.32,2.32,2.32,https://user-content.cardcastle.co/uploads/card_user/scanned_image/98ae2c99-9710-45cc-b061-54d910c8b702.jpg,,,,81326,,
9080970,Magic,Lorwyn Eclipsed,Wistfulness,252,M,Near Mint,6.87,,,,,1,6.87,6.87,6.87,https://user-content.cardcastle.co/uploads/card_user/scanned_image/e580a5c3-16c4-4bf9-9712-26fcecaa5871.jpg,,,,81326,,
4275635,Magic,The List Reprints,Rhys the Redeemed,SHM-237,R,Near Mint,5.03,,,,,1,5.03,5.03,5.03,https://user-content.cardcastle.co/uploads/card_user/scanned_image/8e33e5dd-b605-48c5-87a1-ece484544653.jpg,,,,81326,,
7998360,Magic,Universes Beyond: Assassin's Creed,Bureau Headmaster,296,U,Near Mint,5.67,,,,,2,5.67,11.34,5.67,https://user-content.cardcastle.co/uploads/card_user/scanned_image/059e2fae-ac18-4f65-8f42-1dd6b2067ac6.jpg,,,,81326,,
7006777,Magic,March of the Machine,Yargle and Multani,256,R,Near Mint,2.88,,,,,1,2.88,2.88,2.88,https://user-content.cardcastle.co/uploads/card_user/scanned_image/8e62f38b-b0cd-49f4-907e-5a130688d01b.jpg,,,,81326,,
7267885,Magic,Commander Masters,"Gisela, Blade of Goldnight",338,R,Near Mint,5.06,,,,,2,5.06,10.12,5.06,https://user-content.cardcastle.co/uploads/card_user/scanned_image/84e2c22d-86c8-4f32-baba-c76adb4aac63.jpg,,,,81326,,
3608864,Magic,Masters 25,Conflux,202,R,Near Mint,2.48,,,,,1,2.48,2.48,2.48,https://user-content.cardcastle.co/uploads/card_user/scanned_image/b4807fbd-6774-4d24-af83-8bf7e2dc9001.jpg,,,,81326,,
9373562,Magic,Marvel Universe Eternal-Legal,"Monica, the Marvel - Aurelia, the Warleader (Borderless)",86,M,Near Mint,3.01,,,,,1,3.01,3.01,3.01,https://user-content.cardcastle.co/uploads/card_user/scanned_image/183741a7-8fff-43d5-bada-c5d3b1b3ec99.jpg,,,,81326,,
8580955,Magic,FINAL FANTASY,"Cloud, Planet's Champion",552,M,Near Mint Foil,1.84,,,,,1,1.84,1.84,1.84,https://user-content.cardcastle.co/uploads/card_user/scanned_image/269475a6-038e-4f40-8561-61ab3404fa57.jpg,,,,81326,,
9306763,Magic,Commander: Marvel Super Heroes,The Fantastic Four,741,M,Near Mint Foil,$29.92,,,,,1,,$29.92,,https://user-content.cardcastle.co/uploads/card_user/scanned_image/ed5cbf14-3e12-4652-8df5-e775a13b1333.jpg,,,,81326,,
9335772,Magic,Commander: Marvel Super Heroes,"Karolina Dean, Runaway",694,U,Near Mint Foil,13.15,,,,,1,13.15,13.15,13.15,https://user-content.cardcastle.co/uploads/card_user/scanned_image/7171bd54-fafe-4701-9283-a128db061b18.jpg,,,,81326,,
8701410,Magic,FINAL FANTASY: Through the Ages,"Sephiroth, the Savior - Atraxa, Grand Unifier (Showcase)",49,M,Near Mint,27.01,,,,,1,27.01,27.01,27.01,https://user-content.cardcastle.co/uploads/card_user/scanned_image/74edda39-bfe2-4011-be29-bf20c3701ce2.jpg,,,,81326,,
,Magic,Multiverse Legends,"Aurelia, the Warleader",100,M,Near Mint Foil,$28.47,,,,,1,,$28.47,,https://user-content.cardcastle.co/uploads/card_user/scanned_image/605926f4-ea59-472c-978c-4a92598e6d5b.jpg,,,,81326,,
8286680,Magic,Foundations,"Niv-Mizzet, Visionary",123,M,Near Mint,6.38,,,,,1,6.38,6.38,6.38,https://user-content.cardcastle.co/uploads/card_user/scanned_image/6cf37389-9efa-4306-9ac5-6abb5baa78c7.jpg,,,,81326,,
8864735,Magic,Marvel's Spider-Man,Peter Parker (0208) (Borderless),208,M,Near Mint Foil,7.38,,,,,1,7.38,7.38,7.38,https://user-content.cardcastle.co/uploads/card_user/scanned_image/1a2cc3a8-e959-4132-9d6a-7ec4d4f5ba1d.jpg,,,,81326,,
8883745,Magic,Avatar: The Last Airbender,Avatar Aang,207,M,Near Mint,3.12,,,,,2,3.12,6.24,3.12,https://user-content.cardcastle.co/uploads/card_user/scanned_image/eedb9349-32f0-422b-8201-f04fec3448c7.jpg,,,,81326,,
8922023,Magic,Marvel's Spider-Man,Mister Negative,135,M,Near Mint,1.15,,,,,2,1.15,2.3,1.15,https://user-content.cardcastle.co/uploads/card_user/scanned_image/b199ab45-237b-4636-b607-0fc080f68705.jpg,,,,81326,,
3609707,Magic,Masters 25,Cloudshift,7,C,Near Mint,2.97,,,,,1,2.97,2.97,2.97,https://user-content.cardcastle.co/uploads/card_user/scanned_image/cb197743-f18b-4c24-aa10-b85c75e1ff7a.jpg,,,,81326,,
9329717,Magic,Commander: Marvel Super Heroes,"Black Panther, Claws of Bast",829,M,Near Mint Foil,10.09,,,,,1,10.09,10.09,10.09,https://user-content.cardcastle.co/uploads/card_user/scanned_image/a4b7668a-f5b2-4086-8039-3dc50704d669.jpg,,,,81326,,
22484,Magic,Torment,Cleansing Meditation,3,U,Near Mint,7.44,,,,,1,7.44,7.44,7.44,https://user-content.cardcastle.co/uploads/card_user/scanned_image/a12f24c7-bbcd-4da4-9b4a-d0b003058ad5.jpg,,,,81326,,
8632818,Magic,Tarkir: Dragonstorm,Clarion Conqueror,5,R,Near Mint,2.04,,,,,1,2.04,2.04,2.04,https://user-content.cardcastle.co/uploads/card_user/scanned_image/5d907436-4747-43fe-af15-4eef48c4e8a5.jpg,,,,81326,,
7933284,Magic,Special Guests,Subtlety (Borderless),45,M,Near Mint,15.77,,,,,1,15.77,15.77,15.77,https://user-content.cardcastle.co/uploads/card_user/scanned_image/bb7d1ae0-28d1-46c2-90da-8b101be45f7b.jpg,,,,81326,,
8039763,Magic,Bloomburrow,Valley Floodcaller,79,R,Near Mint,3.5,,,,,1,3.5,3.5,3.5,https://user-content.cardcastle.co/uploads/card_user/scanned_image/02ec933c-b092-42df-bee1-3dd565df229a.jpg,,,,81326,,
7150908,Magic,Commander Masters,Personal Tutor,110,R,Near Mint,5.95,,,,,2,5.95,11.9,5.95,https://user-content.cardcastle.co/uploads/card_user/scanned_image/57e52b2e-8ebf-47f8-8316-e0d43de4091b.jpg,$7.00,In store,8/21/2026,81326,,4.025
8180493,Magic,Duskmourn: House of Horror,Unstoppable Slasher (0119),119,R,Near Mint,5.37,,,,,2,5.37,10.74,5.37,https://user-content.cardcastle.co/uploads/card_user/scanned_image/6f91d80a-fa77-41dc-8e5d-a97e0c826587.jpg,,,,81326,,
3608914,Magic,Masters 25,Ratcatcher,103,R,Near Mint,10.41,,,,,1,10.41,10.41,10.41,https://user-content.cardcastle.co/uploads/card_user/scanned_image/d0ee9110-9ea8-4316-8621-54b60358b372.jpg,,,,81326,,
5305653,Magic,The List Reprints,Bloodchief Ascension,ZEN-82,R,Near Mint,21.45,,,,,1,21.45,21.45,21.45,https://user-content.cardcastle.co/uploads/card_user/scanned_image/2f7443df-f139-46e3-be19-0fa3b619f3bd.jpg,$20.79,In store,8/21/2026,81326,,10.065
5199120,Magic,The List Reprints,"Mikaeus, the Unhallowed",UMA-106,M,Near Mint,27.36,,,,,1,27.36,27.36,27.36,https://user-content.cardcastle.co/uploads/card_user/scanned_image/e7bf631a-a890-40f3-91be-fe20af3e265e.jpg,,,,81326,,
9088510,Magic,Lorwyn Eclipsed,Moonshadow,110,M,Near Mint,11.73,,,,,1,11.73,11.73,11.73,https://user-content.cardcastle.co/uploads/card_user/scanned_image/04a17a96-cf97-4cef-9179-ccf3ae3dfab3.jpg,,,,81326,,
4896568,Magic,Commander 2021,Stinging Study,44,R,Near Mint,15.56,,,,,1,15.56,15.56,15.56,https://user-content.cardcastle.co/uploads/card_user/scanned_image/0a142aa8-0a6a-4d5e-809d-3779855101ad.jpg,,,,81326,,
8022189,Magic,Bloomburrow,"Maha, Its Feathers Night",100,M,Near Mint,21.86,,,,,1,21.86,21.86,21.86,https://user-content.cardcastle.co/uploads/card_user/scanned_image/7bdf56e2-b35b-4377-bdcc-f695f60ddf6f.jpg,,,,81326,,
7261498,Magic,Commander Masters,Toxic Deluge,191,R,Near Mint,5.67,,,,,1,5.67,5.67,5.67,https://user-content.cardcastle.co/uploads/card_user/scanned_image/0bd19cae-6e10-4a8c-9f89-1dba1daff096.jpg,,,,81326,,
8323032,Magic,Foundations,Painful Quandary,179,R,Near Mint,1.76,,,,,1,1.76,1.76,1.76,https://user-content.cardcastle.co/uploads/card_user/scanned_image/0e62c4cc-f5e0-4cbb-9ef2-c04d23f8b653.jpg,,,,81326,,
8465126,Magic,Innistrad Remastered,Griselbrand,115,M,Near Mint,7.7,,,,,1,7.7,7.7,7.7,https://user-content.cardcastle.co/uploads/card_user/scanned_image/64fcf619-ef6d-4f46-af31-cbf11cf3d3e7.jpg,,,,81326,,
7962119,Magic,Modern Horizons 3,Pinnacle Monk,246,U,Near Mint,1.7,,,,,2,1.7,3.4,1.7,https://user-content.cardcastle.co/uploads/card_user/scanned_image/99f7011a-0dcd-4ca2-ae96-e0054198b2ea.jpg,,,,81326,,
394484,Magic,Scars of Mirrodin,Painful Quandary,73,R,Near Mint,1.78,,,,,1,1.78,1.78,1.78,https://user-content.cardcastle.co/uploads/card_user/scanned_image/a27f1d8b-a77d-44fa-8887-74c7b0f174f3.jpg,,,,81326,,
3608626,Magic,Masters 25,Imperial Recruiter,136,M,Near Mint,14.03,,,,,1,14.03,14.03,14.03,https://user-content.cardcastle.co/uploads/card_user/scanned_image/db7544dc-b1ff-4e79-bf74-9695cbb678f3.jpg,$18.19,In store,8/17/2026,81326,,11.175
7815335,Magic,Outlaws of Thunder Junction,Slickshot Show-Off,146,R,Near Mint,5.76,,,,,2,5.76,11.52,5.76,https://user-content.cardcastle.co/uploads/card_user/scanned_image/5e9e0cde-d3b8-4f5a-bdd5-acd7a556eaac.jpg,,,,81326,,
8976461,Magic,Avatar: The Last Airbender,The Last Agni Kai,144,R,Near Mint,2.76,,,,,1,2.76,2.76,2.76,https://user-content.cardcastle.co/uploads/card_user/scanned_image/fca0212b-a65a-497e-916d-970e0a1c4697.jpg,,,,81326,,
8882940,Magic,Avatar: The Last Airbender,Fated Firepower,132,M,Near Mint,4.72,,,,,1,4.72,4.72,4.72,https://user-content.cardcastle.co/uploads/card_user/scanned_image/9b5d5287-dc6d-4067-9bd8-751be83bf98a.jpg,,,,81326,,
7927454,Magic,Modern Horizons 3,Flare of Duplication,119,R,Near Mint Foil,2.52,,,,,1,2.52,2.52,2.52,https://user-content.cardcastle.co/uploads/card_user/scanned_image/8ac9b02a-4ffc-468b-833b-e59a19279df6.jpg,,,,81326,,
7927449,Magic,Modern Horizons 3,Flare of Duplication,119,R,Near Mint,1.68,,,,,1,1.68,1.68,1.68,https://user-content.cardcastle.co/uploads/card_user/scanned_image/2ae3ea42-cb3e-4754-95ef-93d808f93e7e.jpg,,,,81326,,
7931319,Magic,Modern Horizons 3,Flare of Duplication (Retro Frame),416,R,Near Mint,3.36,,,,,1,3.36,3.36,3.36,https://user-content.cardcastle.co/uploads/card_user/scanned_image/f64f4f3e-a99d-4331-80a0-de10384dcf92.jpg,,,,81326,,
9079710,Magic,Lorwyn Eclipsed,Collective Inferno,132,R,Near Mint,1.56,,,,,2,1.56,3.12,1.56,https://user-content.cardcastle.co/uploads/card_user/scanned_image/e0414933-5cad-4eb0-b178-21b1b4b7ac8c.jpg,,Online,,81326,$1.56,0.78
3608762,Magic,Masters 25,Protean Hulk,185,R,Near Mint,6.43,,,,,1,6.43,6.43,6.43,https://user-content.cardcastle.co/uploads/card_user/scanned_image/7afa2338-494b-4b50-baaa-f98492df97f9.jpg,,,,81326,,
4269898,Magic,The List Reprints,"Selvala, Heart of the Wilds",CN2-70,M,Near Mint,6.15,,,,,1,6.15,6.15,6.15,https://user-content.cardcastle.co/uploads/card_user/scanned_image/c6f771d1-11f0-4ef2-a65d-e6f20ee3fc56.jpg,,,,81326,,
7250306,Magic,Commander Masters,Ohran Frostfang,309,R,Near Mint,6.94,,,,,2,6.94,13.88,6.94,https://user-content.cardcastle.co/uploads/card_user/scanned_image/8ad717c5-5a07-40a8-b0dc-ee66983d8196.jpg,$7.00,In store,8/18/2026,81326,,3.53
7927369,Magic,Modern Horizons 3,"Eladamri, Korvecdal",149,M,Near Mint,5,,,,,1,5,5,5,https://user-content.cardcastle.co/uploads/card_user/scanned_image/c983c535-ba5b-46ae-8746-6e29564527e4.jpg,,,,81326,,
7946055,Magic,Modern Horizons 3,Birthing Ritual,146,M,Near Mint,4.04,,,,,1,4.04,4.04,4.04,https://user-content.cardcastle.co/uploads/card_user/scanned_image/7c304a98-9f23-4bf0-a540-46517b1205a0.jpg,,,,81326,,
8802265,Magic,Edge of Eternities,Terrasymbiosis,210,R,Near Mint,7.39,,,,,1,7.39,7.39,7.39,https://user-content.cardcastle.co/uploads/card_user/scanned_image/865c68c5-5268-4c0a-962e-0329e64b2a42.jpg,,,,81326,,
7150658,Magic,Commander Masters,"Selvala, Heart of the Wilds",320,M,Near Mint,6.07,,,,,1,6.07,6.07,6.07,https://user-content.cardcastle.co/uploads/card_user/scanned_image/9bb69a43-7791-40df-8684-47416a6e3772.jpg,,,,81326,,
4743011,Magic,Commander: Kaldheim,Wolverine Riders,14,R,Near Mint,12.08,,,,,1,12.08,12.08,12.08,https://user-content.cardcastle.co/uploads/card_user/scanned_image/f06ed042-629a-4472-b270-e180073a71f6.jpg,,,,81326,,
9339012,Magic,Commander: Marvel Super Heroes,"Wolverine, Claws Out",737,R,Near Mint Foil,15.71,,,,,1,15.71,15.71,15.71,https://user-content.cardcastle.co/uploads/card_user/scanned_image/fd58a296-f01e-4d93-8605-09ea0510805d.jpg,,,,81326,,
7263690,Magic,Commander Masters,Kodama's Reach (Borderless),649,C,Near Mint,1.98,,,,,3,1.98,5.94,1.98,https://user-content.cardcastle.co/uploads/card_user/scanned_image/02b1b748-9da6-49f5-8761-c22e7f724b48.jpg,,,,81326,,
8804580,Magic,Edge of Eternities,Frenzied Baloth,183,R,Near Mint,1.28,,,,,1,1.28,1.28,1.28,https://user-content.cardcastle.co/uploads/card_user/scanned_image/f162ea75-0615-41de-ae63-45cbe75976d5.jpg,,,,81326,,
7263000,Magic,Commander Masters,Stonehoof Chieftain,325,R,Near Mint,3.13,,,,,1,3.13,3.13,3.13,https://user-content.cardcastle.co/uploads/card_user/scanned_image/2c59057f-c36b-47eb-b975-75c0f1b33d6b.jpg,,,,81326,,
8032120,Magic,Bloomburrow,Innkeeper's Talent,180,R,Near Mint,7.81,,,,,1,7.81,7.81,7.81,https://user-content.cardcastle.co/uploads/card_user/scanned_image/5578521f-cb5f-44d4-abd6-81c7e679417d.jpg,,,,81326,,
4891531,Magic,Commander 2021,"Ruxa, Patient Professor",66,R,Near Mint,3.89,,,,,1,3.89,3.89,3.89,https://user-content.cardcastle.co/uploads/card_user/scanned_image/24f7e0c1-2492-4ac0-87e9-afa39831b0b9.jpg,,,,81326,,
7927079,Magic,Modern Horizons 3,Pearl Medallion,294,R,Near Mint,5.48,,,,,2,5.48,10.96,5.48,https://user-content.cardcastle.co/uploads/card_user/scanned_image/fc4c15f1-cfdb-4560-af9d-07f5bfb28741.jpg,$5.99,In store,8/23/2026,81326,,3.25
9001211,Magic,Avatar: The Last Airbender,Agna Qel'a,264,R,Near Mint,1.29,,,,,1,1.29,1.29,1.29,https://user-content.cardcastle.co/uploads/card_user/scanned_image/d0bc1a83-85c3-4e4f-981d-8972640db497.jpg,,,,81326,,
8786258,Magic,Edge of Eternities,Stomping Ground,258,R,Near Mint,6.61,,,,,1,6.61,6.61,6.61,https://user-content.cardcastle.co/uploads/card_user/scanned_image/4eec9b65-a0d3-48c6-9168-9d1de742c417.jpg,,,,81326,,
9206417,Magic,Secrets of Strixhaven,Shattered Sanctum (Borderless),303,R,Near Mint Foil,3.72,,,,,1,3.72,3.72,3.72,https://user-content.cardcastle.co/uploads/card_user/scanned_image/72fe0d43-f51d-4c04-bb14-489d8234b7fb.jpg,,,,81326,,
8626906,Magic,Commander: Tarkir: Dragonstorm,Shattered Sanctum,391,R,Near Mint,1.88,,,,,1,1.88,1.88,1.88,https://user-content.cardcastle.co/uploads/card_user/scanned_image/b64ddcc1-668d-4ceb-8578-736b952186dc.jpg,,,,81326,,
9010107,Magic,Avatar: The Last Airbender,Abandoned Air Temple,263,R,Near Mint,6.03,,,,,2,6.03,12.06,6.03,https://user-content.cardcastle.co/uploads/card_user/scanned_image/f3bc7c30-caee-4aa5-9a7a-8c1c595c88e9.jpg,,,,81326,,
7266826,Magic,Commander Masters,Reliquary Tower,425,U,Near Mint Foil,5.91,,,,,1,5.91,5.91,5.91,https://user-content.cardcastle.co/uploads/card_user/scanned_image/37b421b4-9233-4d3d-b28c-d72298320a64.jpg,$4.75,In store,8/21/2026,81326,,1.795
9304963,Magic,Marvel Super Heroes,Training Compound,275,R,Near Mint,1.66,,,,,1,1.66,1.66,1.66,https://user-content.cardcastle.co/uploads/card_user/scanned_image/4ef03b95-8ffe-4fc5-a1fa-e9ee9e80a2ed.jpg,,,,81326,,
7266821,Magic,Commander Masters,Reliquary Tower,425,U,Near Mint,3.89,,,,,3,3.89,11.67,3.89,https://user-content.cardcastle.co/uploads/card_user/scanned_image/89f04ca0-92a0-4b45-a62a-1b2438dea6d0.jpg,$4.75,In store,8/21/2026,81326,,2.805
7283114,Magic,Commander Masters,Mystic Gate,1013,R,Near Mint,4.29,,,,,1,4.29,4.29,4.29,https://user-content.cardcastle.co/uploads/card_user/scanned_image/21bcd313-d323-4f55-ba49-41df99e41ace.jpg,,,,81326,,
7283514,Magic,Commander Masters,Spectator Seating,427,R,Near Mint,13.51,,,,,1,13.51,13.51,13.51,https://user-content.cardcastle.co/uploads/card_user/scanned_image/190ce53a-e5a7-4e50-8a9b-3d74c0852183.jpg,$10.50,In store,8/24/2026,81326,,3.745
8786198,Magic,Edge of Eternities,Sacred Foundry,256,R,Near Mint,10.18,,,,,1,10.18,10.18,10.18,https://user-content.cardcastle.co/uploads/card_user/scanned_image/a669bff8-3a69-4029-9ed8-8f809af27324.jpg,$10.19,In store,8/16/2026,81326,,5.1
7666919,Magic,Murders at Karlov Manor,Meticulous Archive,264,R,Near Mint,10.46,,,,,1,10.46,10.46,10.46,https://user-content.cardcastle.co/uploads/card_user/scanned_image/c9413e21-a9e1-480d-99dd-af9fa370765c.jpg,$12.00,In store,8/24/2026,81326,,6.77
7790172,Magic,Modern Horizons 3,Bloodstained Mire,216,R,Near Mint,18.73,,,,,1,18.73,18.73,18.73,https://user-content.cardcastle.co/uploads/card_user/scanned_image/a2811cd0-9228-4ab7-8486-e9183223d48b.jpg,$18.56,In store,8/16/2026,81326,,9.195
7847400,Magic,Outlaws of Thunder Junction: Breaking News,Reanimate,18,R,Near Mint,8.99,,,,,1,8.99,8.99,8.99,https://user-content.cardcastle.co/uploads/card_user/scanned_image/3f1e8fd2-02ca-4c5b-8d3b-6babc89392b8.jpg,$10.00,In store,8/18/2026,81326,,5.505
7976317,Magic,Prerelease Cards,Birthing Ritual,146s,M,Near Mint Foil,10.31,,,,,1,10.31,10.31,10.31,https://user-content.cardcastle.co/uploads/card_user/scanned_image/16684b1b-effe-489c-8d24-a31f6c3401f5.jpg,,,,81326,,
8340955,Magic,Foundations,Rise of the Dark Realms (Borderless),323,M,Near Mint,21.97,,,,,1,21.97,21.97,21.97,https://user-content.cardcastle.co/uploads/card_user/scanned_image/b12b72b1-b25b-43c5-955d-cd5131d1579c.jpg,,,,81326,,
7010707,Magic,Commander Masters,Jeweled Lotus,396,M,Near Mint,43.51,,,,,1,43.51,43.51,43.51,https://user-content.cardcastle.co/uploads/card_user/scanned_image/6eeb3610-0a92-4685-86bd-d1dc4dc2c9eb.jpg,$43.00,In store,8/18/2026,81326,,21.245
,Magic,Kamigawa: Neon Dynasty,Farewell,417,R,Near Mint Foil,$15.60,,,,,1,,$15.60,,https://user-content.cardcastle.co/uploads/card_user/scanned_image/5d8b49bf-9d2a-4c94-a964-5081f60a2767.jpg,,,,81326,,
3609352,Magic,Masters 25,"Animar, Soul of Elements",196,M,Near Mint Foil,93.03,,,,,1,93.03,93.03,93.03,https://user-content.cardcastle.co/uploads/card_user/scanned_image/bdb4de96-625c-4fe6-a15c-1e313b3649b7.jpg,,,,81326,,
9304363,Magic,Marvel Super Heroes,"Thanos, The Mad Titan (Borderless) (0400)",400,M,Near Mint Foil,228.37,,,,,1,228.37,228.37,228.37,https://user-content.cardcastle.co/uploads/card_user/scanned_image/8bc97f4f-52a7-4c0a-b449-38a3db071549.jpg,,,,81326,,
8285030,Magic,Foundations,Bloodthirsty Conqueror,58,M,Near Mint,39.97,,,,,1,39.97,39.97,39.97,https://user-content.cardcastle.co/uploads/card_user/scanned_image/ce8348a4-888d-4d96-bbe2-79b0be9b7d38.jpg,$36.20,In store,8/17/2026,81326,,16.215
7265981,Magic,Commander Masters,Doubling Season,283,M,Near Mint,35.3,,,,,1,35.3,35.3,35.3,https://user-content.cardcastle.co/uploads/card_user/scanned_image/14b1896a-06ce-4ee2-83ab-54485a8d7281.jpg,$34.00,In store,8/17/2026,81326,,16.35
7265071,Magic,Commander Masters,Fierce Guardianship,94,R,Near Mint,56.21,,,,,1,56.21,56.21,56.21,https://user-content.cardcastle.co/uploads/card_user/scanned_image/b5ee242a-23db-4933-8949-455888740644.jpg,$58.37,In store,8/17/2026,81326,,30.265
7266041,Magic,Commander Masters,The Great Henge,294,M,Near Mint,62.97,,,,,1,62.97,62.97,62.97,https://user-content.cardcastle.co/uploads/card_user/scanned_image/23c983c6-0bc7-4e0e-8c30-442f355004d8.jpg,$64.00,In store,8/18/2026,81326,,32.515
7258332,Magic,Commander Masters,Finale of Devastation (Borderless),700,M,Near Mint,79.64,,,,,1,79.64,79.64,79.64,https://user-content.cardcastle.co/uploads/card_user/scanned_image/fb5c3ada-a38b-4796-aeb8-46dd769d8f93.jpg,,,,81326,,
7265321,Magic,Commander Masters,Demonic Tutor,150,M,Near Mint,74.61,,,,,1,74.61,74.61,74.61,https://user-content.cardcastle.co/uploads/card_user/scanned_image/5ba3504a-94c3-41a3-9cda-e8d5ade9d095.jpg,$65.00,In store,8/17/2026,81326,,27.695
6959478,Magic,Phyrexia: All Will Be One,"Solphim, Mayhem Dominus (Showcase)",312,M,Near Mint,30.63,,,,,1,30.63,30.63,30.63,https://user-content.cardcastle.co/uploads/card_user/scanned_image/8195fc8f-2b68-44ca-b5df-289611a0be9a.jpg,,,,81326,,
7264371,Magic,Commander Masters,"Purphoros, God of the Forge",246,M,Near Mint,30.72,,,,,1,30.72,30.72,30.72,https://user-content.cardcastle.co/uploads/card_user/scanned_image/32b6bbd1-20f8-462c-a968-2862d89f3283.jpg,,,,81326,,
9205667,Magic,Secrets of Strixhaven,Stormcarved Coast,263,R,Near Mint Foil,2.27,,,,,1,2.27,2.27,2.27,https://user-content.cardcastle.co/uploads/card_user/scanned_image/d62595c1-1f10-46fa-8e01-90941ab5f96f.jpg,,,,81326,,
9310409,Magic,Marvel Super Heroes,"Daredevil, Man Without Fear (Borderless) (0398)",398,R,Near Mint Foil,38.3,,,,,1,38.3,38.3,38.3,https://user-content.cardcastle.co/uploads/card_user/scanned_image/79a83da0-3ff8-4d1a-bf56-ad95f24e0ee4.jpg,,Online,,81326,$40.16,21.01
337606,Magic,Urza's Legacy,Mother of Runes,14,U,Moderately Played,9.42,,,,,1,9.42,9.42,9.42,https://user-content.cardcastle.co/uploads/card_user/scanned_image/b8a2f633-5b9f-4460-a00d-d7b2b553cc0a.jpg,$12.50,In store,8/21/2026,80326,,7.79
8998431,Magic,Avatar: The Last Airbender: Eternal-Legal,Mayor Tong of Chin Village - Drannith Magistrate (Borderless),2,M,Near Mint,9.2,,,,,1,9.2,9.2,9.2,https://user-content.cardcastle.co/uploads/card_user/scanned_image/19ac3e00-5a89-4997-a814-3d891c0e7f41.jpg,,,,80326,,
7077065,Magic,Commander: March of the Machine,Filigree Vector,15,R,Near Mint,12.3,,,,,1,12.3,12.3,12.3,https://user-content.cardcastle.co/uploads/card_user/scanned_image/1ff415f0-1e6e-4a7f-b17e-23d7f9114edb.jpg,,,,80326,,
8998951,Magic,Avatar: The Last Airbender: Eternal-Legal,Monk Gyatso,81,R,Near Mint,7.68,,,,,2,7.68,15.36,7.68,https://user-content.cardcastle.co/uploads/card_user/scanned_image/6e8c8854-fc70-4277-9518-4ea58bdd25f6.jpg,,Online,,80326,$7.68,3.84
4671095,Magic,Commander Legends,Timely Ward,363,R,Near Mint,4.51,,,,,1,4.51,4.51,4.51,https://user-content.cardcastle.co/uploads/card_user/scanned_image/eaa2e9ba-7f4b-4838-b7a1-f18b4d05fcfa.jpg,,,,80326,,
7901407,Magic,Modern Horizons 3,"Phelia, Exuberant Shepherd",40,R,Near Mint,5.48,,,,,1,5.48,5.48,5.48,https://user-content.cardcastle.co/uploads/card_user/scanned_image/08d88849-b77d-428c-a58e-59978e7022bd.jpg,,,,80326,,
7200080,Magic,Commander: The Lord of the Rings: Tales of Middle-earth,Path to Exile,175,U,Near Mint,2.03,,,,,1,2.03,2.03,2.03,https://user-content.cardcastle.co/uploads/card_user/scanned_image/f904a4ca-ce3e-41d3-bcca-df64696c8f09.jpg,$2.30,In store,8/16/2026,80326,,1.285
9244281,Magic,Secrets of Strixhaven: Mystical Archive,Angel's Grace,2,R,Near Mint,2.89,,,,,1,2.89,2.89,2.89,https://user-content.cardcastle.co/uploads/card_user/scanned_image/072dde75-a266-4d36-af62-2a8ccd0ab5dc.jpg,,,,80326,,
8062115,Magic,Commander: Bloomburrow,Jacked Rabbit (Extended Art),45,R,Near Mint,5.3,,,,,1,5.3,5.3,5.3,https://user-content.cardcastle.co/uploads/card_user/scanned_image/ca78745e-0279-4ace-97d8-4e80e6522859.jpg,,,,80326,,
1131260,Magic,Theros,Gift of Immortality,14,R,Moderately Played,2.65,,,,,1,2.65,2.65,2.65,https://user-content.cardcastle.co/uploads/card_user/scanned_image/bb282828-786c-4213-8e3c-79ad93dcfc8b.jpg,,,,80326,,
8691970,Magic,FINAL FANTASY,Aerith Gainsborough,4,R,Near Mint,2.21,,,,,1,2.21,2.21,2.21,https://user-content.cardcastle.co/uploads/card_user/scanned_image/fe1dddc3-a087-449f-9df5-8df1ef0c48ee.jpg,,,,80326,,
8973862,Magic,Avatar: The Last Airbender,Airbender Ascension,6,R,Near Mint,1.33,,,,,1,1.33,1.33,1.33,https://user-content.cardcastle.co/uploads/card_user/scanned_image/f0cd2b69-7c3e-4209-bf3d-38ae1afe981f.jpg,,,,80326,,
7200125,Magic,Commander: The Lord of the Rings: Tales of Middle-earth,Swords to Plowshares,178,U,Near Mint,1.8,,,,,1,1.8,1.8,1.8,https://user-content.cardcastle.co/uploads/card_user/scanned_image/58ae7ba3-8602-4d8b-8b93-27aed445a560.jpg,$1.75,In store,8/15/2026,80326,,0.85
9065984,Magic,Lorwyn Eclipsed,Curious Colossus (Showcase),298,M,Near Mint,1.48,,,,,1,1.48,1.48,1.48,https://user-content.cardcastle.co/uploads/card_user/scanned_image/40945918-0f94-4458-b267-99e81d7fdcee.jpg,,,,80326,,
7073910,Magic,Commander: March of the Machine,Swords to Plowshares,211,U,Near Mint,1.87,,,,,1,1.87,1.87,1.87,https://user-content.cardcastle.co/uploads/card_user/scanned_image/8fbc25ec-73ef-4cb7-b2d4-7e678d858589.jpg,$1.75,In store,8/15/2026,80326,,0.815
7354511,Magic,The List Reprints,Swords to Plowshares (VOC),VOC-99,U,Near Mint,1.92,,,,,1,1.92,1.92,1.92,https://user-content.cardcastle.co/uploads/card_user/scanned_image/a92d5106-b926-4202-8f5d-2e20756ebad0.jpg,,,,80326,,
3568944,Magic,Rivals of Ixalan,Forerunner of the Legion,9,U,Near Mint,1.28,,,,,1,1.28,1.28,1.28,https://user-content.cardcastle.co/uploads/card_user/scanned_image/9f4864f6-4bb2-45ed-87c7-dfe4f48060d4.jpg,,,,80326,,
8738644,Magic,FINAL FANTASY,Restoration Magic,30,U,Near Mint,2.21,,,,,1,2.21,2.21,2.21,https://user-content.cardcastle.co/uploads/card_user/scanned_image/5f174bb3-0d76-4a74-87c2-9383d83928fd.jpg,,,,80326,,
6929178,Magic,Phyrexia: All Will Be One,Skrelv's Hive,34,R,Near Mint,2.15,,,,,1,2.15,2.15,2.15,https://user-content.cardcastle.co/uploads/card_user/scanned_image/2ab57a42-4015-41a7-a932-ae8918afab88.jpg,,,,80326,,
7076675,Magic,Commander: March of the Machine,Darksteel Splicer,13,R,Near Mint,2.77,,,,,1,2.77,2.77,2.77,https://user-content.cardcastle.co/uploads/card_user/scanned_image/b5879f22-966a-4097-b43a-07d78013896d.jpg,,,,80326,,
7824908,Magic,Launch Party & Release Event Promos,Oltec Matterweaver (Extended Art),12,M,Near Mint Foil,1.21,,,,,1,1.21,1.21,1.21,https://user-content.cardcastle.co/uploads/card_user/scanned_image/2353bc99-1acc-4f74-a417-8560b2486dc9.jpg,,,,80326,,
22816,Magic,Onslaught,Shared Triumph,53,R,Near Mint,3.92,,,,,1,3.92,3.92,3.92,https://user-content.cardcastle.co/uploads/card_user/scanned_image/aed5339f-0bc1-4ecb-bf76-d0b16ebf058e.jpg,,Online,,80326,$3.92,1.96
8329586,Magic,Foundations,Hare Apparent,15,C,Near Mint,2.35,,,,,3,2.35,7.05,2.35,https://user-content.cardcastle.co/uploads/card_user/scanned_image/ab34199f-ab91-42ea-9448-00194f908c0d.jpg,,Online,,80326,$2.35,1.175
8989554,Magic,Avatar: The Last Airbender,The Legend of Yangchen,27,M,Near Mint,3.6,,,,,1,3.6,3.6,3.6,https://user-content.cardcastle.co/uploads/card_user/scanned_image/2c98ae3a-6a00-41cb-bd35-92521940c62e.jpg,,,,80326,,
9239541,Magic,Secrets of Strixhaven: Mystical Archive,Return to the Ranks (JP Alternate Art),76,R,Near Mint,0.89,,,,,1,0.89,0.89,0.89,https://user-content.cardcastle.co/uploads/card_user/scanned_image/4377ccc9-4b69-4eda-bd9f-bbe6b4f406d9.jpg,,,,80326,,
5767200,Magic,Dominaria United,"Danitha, Benalia's Hope",15,R,Near Mint,0.87,,,,,1,0.87,0.87,0.87,https://user-content.cardcastle.co/uploads/card_user/scanned_image/f9a53203-5bdd-4744-945d-0a60361b21a5.jpg,,,,80326,,
8522554,Magic,Aetherdrift,"Basri, Tomorrow's Champion (First-Place Foil)",427,R,Near Mint Foil,1.04,,,,,1,1.04,1.04,1.04,https://user-content.cardcastle.co/uploads/card_user/scanned_image/b50e67d8-a7a4-4c44-b3e3-329c301b9691.jpg,,,,80326,,
7215038,Magic,Universes Beyond: The Lord of the Rings: Tales of Middle-earth,"Frodo, Determined Hero",289,R,Near Mint,0.98,,,,,1,0.98,0.98,0.98,https://user-content.cardcastle.co/uploads/card_user/scanned_image/222d83c9-8ba2-4e73-bbc2-94231e070b99.jpg,,,,80326,,
7215198,Magic,Universes Beyond: The Lord of the Rings: Tales of Middle-earth,"Gandalf, White Rider",290,R,Near Mint,3.48,,,,,1,3.48,3.48,3.48,https://user-content.cardcastle.co/uploads/card_user/scanned_image/771d2a16-85ff-4e39-852a-2d87cf1cdb7c.jpg,,,,80326,,
8750253,Magic,FINAL FANTASY,"Venat, Heart of Hydaelyn",39,R,Near Mint,2.06,,,,,3,2.06,6.18,2.06,https://user-content.cardcastle.co/uploads/card_user/scanned_image/cf49c049-d02c-4268-95b8-b88838a851e2.jpg,,,,80326,,
6911830,Magic,SLX Cards,"Baldin, Century Herdmaster",10,R,Near Mint,1.16,,,,,1,1.16,1.16,1.16,https://user-content.cardcastle.co/uploads/card_user/scanned_image/d5639cfe-462b-4581-83bb-8cdcd1901782.jpg,,,,80326,,
7307759,Magic,Commander Masters,"Losheel, Clockwork Scholar",38,U,Near Mint,2.31,,,,,1,2.31,2.31,2.31,https://user-content.cardcastle.co/uploads/card_user/scanned_image/26d992ba-a411-4906-afd8-e349e7526449.jpg,,,,80326,,
8801365,Magic,Edge of Eternities,"Haliya, Guided by Light",19,R,Near Mint,1.82,,,,,1,1.82,1.82,1.82,https://user-content.cardcastle.co/uploads/card_user/scanned_image/8b0b4bed-33a2-4351-a97b-5c288b05db78.jpg,,,,80326,,
8322072,Magic,Foundations,An Offer You Can't Refuse (Borderless),311,U,Near Mint,5.83,,,,,1,5.83,5.83,5.83,https://user-content.cardcastle.co/uploads/card_user/scanned_image/2f5dfcc8-67e4-4ba0-8c9d-9ea5a8fdbd70.jpg,,,,80326,,
8953021,Magic,Secret Lair Drop Series,Maddening Cacophony (2322),2322,R,Near Mint,16.02,,,,,1,16.02,16.02,16.02,https://user-content.cardcastle.co/uploads/card_user/scanned_image/1c38ce67-48ce-4565-8a91-6e62fdf3c989.jpg,,,,80326,,
7245909,Magic,Secret Lair Showdown,An Offer You Can't Refuse,7,R,Near Mint,9.57,,,,,1,9.57,9.57,9.57,https://user-content.cardcastle.co/uploads/card_user/scanned_image/8e27ee6b-213c-4a6e-bdaf-9fa692ccf20b.jpg,,,,80326,,
7200820,Magic,Commander: The Lord of the Rings: Tales of Middle-earth,Raise the Palisade,23,R,Near Mint,10.58,,,,,1,10.58,10.58,10.58,https://user-content.cardcastle.co/uploads/card_user/scanned_image/65dafc07-5f75-48ca-897e-54081e862e5c.jpg,$11.00,In store,8/21/2026,80326,,5.71
6950399,Magic,Phyrexia: All Will Be One,"Tekuthal, Inquiry Dominus (Showcase)",302,M,Near Mint,7.44,,,,,1,7.44,7.44,7.44,https://user-content.cardcastle.co/uploads/card_user/scanned_image/83290f0c-a7c5-4902-8477-e3afd5d270cb.jpg,,,,80326,,
4569517,Magic,Zendikar Rising,Maddening Cacophony,67,R,Near Mint,6.13,,,,,2,6.13,12.26,6.13,https://user-content.cardcastle.co/uploads/card_user/scanned_image/d1b659e2-56da-4ff8-aa22-547e7a8d01c3.jpg,,,,80326,,
8039823,Magic,Bloomburrow,Valley Floodcaller (Showcase),308,R,Near Mint,6.92,,,,,2,6.92,13.84,6.92,https://user-content.cardcastle.co/uploads/card_user/scanned_image/973e76ae-0533-484a-bb96-5a92f393a289.jpg,,,,80326,,
4573377,Magic,Zendikar Rising,Glasspool Mimic,60,R,Near Mint,6.69,,,,,1,6.69,6.69,6.69,https://user-content.cardcastle.co/uploads/card_user/scanned_image/6986cd7c-948c-455f-b8d1-8920487989fe.jpg,$5.75,In store,8/23/2026,80326,,2.405
7861532,Magic,Commander: Outlaws of Thunder Junction,Mind's Dilation,101,M,Near Mint,4.8,,,,,1,4.8,4.8,4.8,https://user-content.cardcastle.co/uploads/card_user/scanned_image/7994cb86-02f8-4b5a-8023-ff897043a562.jpg,,,,80326,,
341485,Magic,Mirrodin,Fabricate,35,U,Moderately Played,6.72,,,,,1,6.72,6.72,6.72,https://user-content.cardcastle.co/uploads/card_user/scanned_image/fe3c2078-f015-4666-a987-7747a722d046.jpg,,,,80326,,
7935832,Magic,Buy-A-Box Promos,Flusterstorm (Retro Frame),496,R,Near Mint Foil,5.64,,,,,1,5.64,5.64,5.64,https://user-content.cardcastle.co/uploads/card_user/scanned_image/c7a49dc4-44bb-4e03-96fe-96b7c55fa09c.jpg,,,,80326,,
9236633,Magic,Secrets of Strixhaven,Echocasting Symposium (Borderless),291,M,Near Mint,4.53,,,,,1,4.53,4.53,4.53,https://user-content.cardcastle.co/uploads/card_user/scanned_image/a44f0c13-5bbe-42c5-bc1c-bc9c6c9771f6.jpg,,,,80326,,
7895309,Magic,Standard Showdown Promos,Disdainful Stroke,2,R,Near Mint Foil,4.4,,,,,1,4.4,4.4,4.4,https://user-content.cardcastle.co/uploads/card_user/scanned_image/ea262b6d-1bf6-4b9c-88f0-f44cd57ffab4.jpg,,,,80326,,
7500553,Magic,The Lost Caverns of Ixalan,"Malcolm, Alluring Scoundrel",63,R,Near Mint,2.2,,,,,1,2.2,2.2,2.2,https://user-content.cardcastle.co/uploads/card_user/scanned_image/38c77b1a-dcb2-42a6-99ed-be0fe0b6e83a.jpg,,,,80326,,
9235636,Magic,Secrets of Strixhaven: Mystical Archive,Pongify,20,R,Near Mint,3.4,,,,,1,3.4,3.4,3.4,https://user-content.cardcastle.co/uploads/card_user/scanned_image/dbd2c30f-ea96-4277-8e5e-0dec6ac3f1d3.jpg,,,,80326,,
8523074,Magic,Aetherdrift,Repurposing Bay,56,R,Near Mint,0.66,,,,,1,0.66,0.66,0.66,https://user-content.cardcastle.co/uploads/card_user/scanned_image/14a8d003-382c-4c56-b981-dade4d976f05.jpg,,,,80326,,
9207077,Magic,Secrets of Strixhaven,Pensive Professor,63,R,Near Mint Foil,0.58,,,,,1,0.58,0.58,0.58,https://user-content.cardcastle.co/uploads/card_user/scanned_image/a1e6a525-3290-46f0-924f-6c6d82a5225b.jpg,,,,80326,,
9068714,Magic,Lorwyn Eclipsed,"Oko, Lorwyn Liege",61,M,Near Mint,0.78,,,,,1,0.78,0.78,0.78,https://user-content.cardcastle.co/uploads/card_user/scanned_image/f254f51a-dba1-4407-9b98-d3a4bad85a76.jpg,,,,80326,,
9003882,Magic,Avatar: The Last Airbender: Eternal-Legal,Chakra Meditation (Extended Art),179,R,Near Mint Foil,1.1,,,,,1,1.1,1.1,1.1,https://user-content.cardcastle.co/uploads/card_user/scanned_image/2c553332-583a-478d-bd09-b5dd76b726c0.jpg,,,,80326,,
7931954,Magic,Modern Horizons 3,Shadow of the Second Sun (Retro Frame),402,M,Near Mint,1.06,,,,,1,1.06,1.06,1.06,https://user-content.cardcastle.co/uploads/card_user/scanned_image/049d85ef-1d45-4a8f-b746-067b23a08b28.jpg,,,,80326,,
8990343,Magic,Avatar: The Last Airbender,The Unagi of Kyoshi Island,77,R,Near Mint,1.37,,,,,1,1.37,1.37,1.37,https://user-content.cardcastle.co/uploads/card_user/scanned_image/d263e191-0b6a-4b94-bd8f-5be170070379.jpg,,,,80326,,
6937639,Magic,Phyrexia: All Will Be One,Encroaching Mycosynth (Extended Art),380,R,Near Mint Foil,1.1,,,,,1,1.1,1.1,1.1,https://user-content.cardcastle.co/uploads/card_user/scanned_image/0ed32cfa-3969-41ad-a2ef-fcaffb491ecf.jpg,,,,80326,,
7203446,Magic,Commander: The Lord of the Rings: Tales of Middle-earth,Arcane Denial,184,C,Near Mint,2.84,,,,,1,2.84,2.84,2.84,https://user-content.cardcastle.co/uploads/card_user/scanned_image/3636d451-0cbc-43b5-a56e-690450f46fef.jpg,,,,80326,,
7937695,Magic,Modern Horizons 3,Strix Serenade,71,R,Near Mint,1.81,,,,,1,1.81,1.81,1.81,https://user-content.cardcastle.co/uploads/card_user/scanned_image/344dc877-537f-44bc-8415-fe48b40937b1.jpg,,,,80326,,
26258,Magic,Planar Chaos,Pongify,44,U,Near Mint,3.34,,,,,1,3.34,3.34,3.34,https://user-content.cardcastle.co/uploads/card_user/scanned_image/8d665a87-5be2-49d0-8ab5-1fe7846f814b.jpg,,,,80326,,
7960279,Magic,Commander: Modern Horizons 3,Arcane Denial,176,C,Near Mint,2.5,,,,,2,2.5,5,2.5,https://user-content.cardcastle.co/uploads/card_user/scanned_image/b6561144-c6bf-4218-b2f0-649b3515a70d.jpg,,,,80326,,
4583515,Magic,Commander: Zendikar Rising,Invisible Stalker,27,U,Near Mint,2.3,,,,,1,2.3,2.3,2.3,https://user-content.cardcastle.co/uploads/card_user/scanned_image/d23032a4-5052-4e2c-b862-26086bfd0116.jpg,,,,80326,,
9232120,Magic,Secrets of Strixhaven,Mana Sculpt (Extended Art),319,R,Near Mint,1.78,,,,,1,1.78,1.78,1.78,https://user-content.cardcastle.co/uploads/card_user/scanned_image/5ea3c3df-917d-4621-acc8-5b756eb8f6df.jpg,,,,80326,,
7960579,Magic,Commander: Modern Horizons 3,Pongify,190,U,Near Mint,1.85,,,,,2,1.85,3.7,1.85,https://user-content.cardcastle.co/uploads/card_user/scanned_image/aabd4715-42cd-48fd-be05-ed0db36d94f8.jpg,,,,80326,,
6794386,Magic,Dominaria Remastered,High Tide,54,U,Near Mint,2.33,,,,,1,2.33,2.33,2.33,https://user-content.cardcastle.co/uploads/card_user/scanned_image/95bff26c-a1f6-45dc-a01e-dd4baaec1b9a.jpg,,,,80326,,
7961779,Magic,Commander: Modern Horizons 3,Propaganda,191,U,Near Mint,4.12,,,,,2,4.12,8.24,4.12,https://user-content.cardcastle.co/uploads/card_user/scanned_image/d76acaa9-6701-4433-b657-7bd3d45f01a9.jpg,$3.00,In store,8/25/2026,80326,,0.94
7333271,Magic,Wilds of Eldraine: Enchanting Tales,Curiosity,17,U,Near Mint,1.73,,,,,1,1.73,1.73,1.73,https://user-content.cardcastle.co/uploads/card_user/scanned_image/befede17-82e1-490b-aac8-c85f5be422b9.jpg,,,,80326,,
8047260,Magic,Bloomburrow,"Eluge, the Shoreless Sea",49,M,Near Mint,4.61,,,,,1,4.61,4.61,4.61,https://user-content.cardcastle.co/uploads/card_user/scanned_image/d2db45f4-7da7-492c-8867-0580d355aa0e.jpg,,,,80326,,
8633348,Magic,Tarkir: Dragonstorm,Dragonologist,42,R,Near Mint,0.88,,,,,1,0.88,0.88,0.88,https://user-content.cardcastle.co/uploads/card_user/scanned_image/cf10d459-1f7c-4383-a320-8b3c2ee84e94.jpg,,,,80326,,
7110720,Magic,Promo Pack: March of the Machine,Chrome Host Seedshark,51p,R,Near Mint Foil,1.26,,,,,1,1.26,1.26,1.26,https://user-content.cardcastle.co/uploads/card_user/scanned_image/203068d3-f4d4-49cd-96ec-e9a6eaf228b5.jpg,,,,80326,,
7110715,Magic,Promo Pack: March of the Machine,Chrome Host Seedshark,51p,R,Near Mint,0.77,,,,,1,0.77,0.77,0.77,https://user-content.cardcastle.co/uploads/card_user/scanned_image/6cd7898c-a1c6-4447-85f0-5ab7d6116f57.jpg,,,,80326,,
7857582,Magic,Commander: Outlaws of Thunder Junction,Arcane Heist,13,R,Near Mint,3.44,,,,,1,3.44,3.44,3.44,https://user-content.cardcastle.co/uploads/card_user/scanned_image/13587638-2663-4b05-8eeb-a181a1262dc6.jpg,,,,80326,,
1165156,Magic,Born of the Gods,Whelming Wave,57,R,Near Mint,1.11,,,,,1,1.11,1.11,1.11,https://user-content.cardcastle.co/uploads/card_user/scanned_image/2e8af4a9-297a-4455-85c7-4eeafd9cc0cc.jpg,,,,80326,,
7857522,Magic,Commander: Outlaws of Thunder Junction,Smirking Spelljacker,16,R,Near Mint,2.83,,,,,1,2.83,2.83,2.83,https://user-content.cardcastle.co/uploads/card_user/scanned_image/9ef2a70e-abcc-42e5-8773-6180c533adab.jpg,,,,80326,,
7778666,Magic,Universes Beyond: Fallout,Struggle for Project Purity,39,R,Near Mint,4.72,,,,,1,4.72,4.72,4.72,https://user-content.cardcastle.co/uploads/card_user/scanned_image/ea652cd2-bf32-45df-8748-c78e216c96b0.jpg,,,,80326,,
7778151,Magic,Universes Beyond: Fallout,Inexorable Tide,177,R,Near Mint,3.25,,,,,1,3.25,3.25,3.25,https://user-content.cardcastle.co/uploads/card_user/scanned_image/a2b535f4-1dce-4364-939e-f3fb35adaecb.jpg,,,,80326,,
18225,Magic,Exodus,Forbid,35,U,Near Mint,1.15,,,,,1,1.15,1.15,1.15,https://user-content.cardcastle.co/uploads/card_user/scanned_image/7a803c16-ecf4-4745-a16a-531c1ee52126.jpg,,,,80326,,
3914440,Magic,Ultimate Masters,Foil,55,C,Near Mint,2.03,,,,,1,2.03,2.03,2.03,https://user-content.cardcastle.co/uploads/card_user/scanned_image/8991dc36-1d74-4608-9239-70db1a449ceb.jpg,,,,80326,,
22147,Magic,Odyssey,Careful Study,70,C,Near Mint,4.75,,,,,1,4.75,4.75,4.75,https://user-content.cardcastle.co/uploads/card_user/scanned_image/b20bfada-4569-4035-833d-f635ce116649.jpg,,,,80326,,
17197,Magic,7th Edition,Tolarian Winds,105,C,Near Mint,1.06,,,,,1,1.06,1.06,1.06,https://user-content.cardcastle.co/uploads/card_user/scanned_image/d853067b-19c9-4ef0-a772-d936b265e381.jpg,,,,80326,,
371794,Magic,Torment,Turbulent Dreams,49,R,Lightly Played,2.35,,,,,1,2.35,2.35,2.35,https://user-content.cardcastle.co/uploads/card_user/scanned_image/266dc92e-4255-425d-8a12-da7f76208594.jpg,,,,80326,,
6794146,Magic,Dominaria Remastered,Frantic Search,51,C,Near Mint,0.78,,,,,1,0.78,0.78,0.78,https://user-content.cardcastle.co/uploads/card_user/scanned_image/ad0d9f73-12cf-4bb4-99dd-91bd24b37f04.jpg,$1.91,In store,8/16/2026,80326,,1.52
8039463,Magic,Bloomburrow,Mockingbird,61,R,Near Mint,3.59,,,,,1,3.59,3.59,3.59,https://user-content.cardcastle.co/uploads/card_user/scanned_image/8abdd45a-605d-40f6-8205-6aeebf71f29e.jpg,,,,80326,,
6654057,Magic,Dominaria Remastered,Time Stretch,69,M,Near Mint,4.8,,,,,1,4.8,4.8,4.8,https://user-content.cardcastle.co/uploads/card_user/scanned_image/a1594edd-ef97-48e8-b23f-273d494511f7.jpg,,,,80326,,
23431,Magic,8th Edition,Trade Routes,109,R,Near Mint,3.17,,,,,1,3.17,3.17,3.17,https://user-content.cardcastle.co/uploads/card_user/scanned_image/5c8d8624-437c-4122-987c-b27d448df001.jpg,,,,80326,,
336544,Magic,Mirage,Tombstone Stairwell,149,R,Moderately Played,45.51,,,,,1,45.51,45.51,45.51,https://user-content.cardcastle.co/uploads/card_user/scanned_image/387c57bf-9dc6-4916-9b8b-51127eda3ddb.jpg,,,,80326,,
367014,Magic,Alliances,Dystopia,47,R,Lightly Played,41.77,,,,,1,41.77,41.77,41.77,https://user-content.cardcastle.co/uploads/card_user/scanned_image/f722811e-3e89-4db6-bd73-0dd9bfac5326.jpg,,,,80326,,
7360452,Magic,Wilds of Eldraine: Enchanting Tales,Bitterblossom,27,M,Near Mint,33.43,,,,,1,33.43,33.43,33.43,https://user-content.cardcastle.co/uploads/card_user/scanned_image/0695eb3c-7674-4e1d-a4e7-532da7261172.jpg,,,,80326,,
6789555,Magic,Dominaria Remastered,No Mercy,95,M,Near Mint,26.44,,,,,1,26.44,26.44,26.44,https://user-content.cardcastle.co/uploads/card_user/scanned_image/6060e22b-b7e6-485c-8ee1-d9552590c633.jpg,,,,80326,,
7168405,Magic,Universes Beyond: The Lord of the Rings: Tales of Middle-earth,Nazgul (0335),335,U,Near Mint,23.64,,,,,1,23.64,23.64,23.64,https://user-content.cardcastle.co/uploads/card_user/scanned_image/175773e4-d739-4852-b20a-0f417d5c4670.jpg,,,,80326,,
8022189,Magic,Bloomburrow,"Maha, Its Feathers Night",100,M,Near Mint,21.86,,,,,1,21.86,21.86,21.86,https://user-content.cardcastle.co/uploads/card_user/scanned_image/4eca9211-5fb8-41cd-9bdf-ba828003cbae.jpg,,,,80326,,
7672596,Magic,Special Guests,Victimize (Borderless),23,M,Near Mint,17.15,,,,,1,17.15,17.15,17.15,https://user-content.cardcastle.co/uploads/card_user/scanned_image/ab523447-72bd-45b2-8782-4d791b4768a2.jpg,,,,80326,,
8171112,Magic,Special Guests,Sacrifice (Borderless),69,M,Near Mint,15.74,,,,,1,15.74,15.74,15.74,https://user-content.cardcastle.co/uploads/card_user/scanned_image/bd37eb5b-796b-4c04-8fe0-11e7f06b497b.jpg,,,,80326,,
7174150,Magic,Universes Beyond: The Lord of the Rings: Tales of Middle-earth,Witch-king of Angmar (Borderless),423,M,Near Mint,17.73,,,,,1,17.73,17.73,17.73,https://user-content.cardcastle.co/uploads/card_user/scanned_image/52b586c0-ea96-4fb2-922e-2ece0948ba09.jpg,,,,80326,,
8160574,Magic,Duskmourn: House of Horror,"Valgavoth, Terror Eater",120,M,Near Mint,15.9,,,,,1,15.9,15.9,15.9,https://user-content.cardcastle.co/uploads/card_user/scanned_image/eb135980-86cb-46ad-a1e9-0b992f8b851f.jpg,,,,80326,,
7215688,Magic,Universes Beyond: The Lord of the Rings: Tales of Middle-earth,"Witch-king, Bringer of Ruin",293,R,Near Mint,13.08,,,,,1,13.08,13.08,13.08,https://user-content.cardcastle.co/uploads/card_user/scanned_image/e116d2c5-5062-47c6-8181-4cc8f8e0a54d.jpg,,,,80326,,
8089648,Magic,Duskmourn: House of Horror,Enduring Tenacity,95,R,Near Mint,12.07,,,,,1,12.07,12.07,12.07,https://user-content.cardcastle.co/uploads/card_user/scanned_image/0f53906b-8311-413b-a132-f38aecee57fa.jpg,,,,80326,,
4568477,Magic,Zendikar Rising,Malakir Rebirth,111,U,Near Mint,12.66,,,,,1,12.66,12.66,12.66,https://user-content.cardcastle.co/uploads/card_user/scanned_image/d5d65c57-e431-4b26-a4c3-c3e1b8dc3c63.jpg,,,,80326,,
7938420,Magic,Modern Horizons 3,Warren Soultrader,110,R,Near Mint,14.97,,,,,1,14.97,14.97,14.97,https://user-content.cardcastle.co/uploads/card_user/scanned_image/7d70391b-827f-4191-b5c4-71fa0d7ef432.jpg,,,,80326,,
7857462,Magic,Commander: Outlaws of Thunder Junction,Orochi Soul-Reaver,22,R,Near Mint,11.27,,,,,1,11.27,11.27,11.27,https://user-content.cardcastle.co/uploads/card_user/scanned_image/3da12a12-247b-4f08-9309-bb7a24afbd0c.jpg,,,,80326,,
7854852,Magic,Commander: Outlaws of Thunder Junction,Brainstealer Dragon,127,R,Near Mint,10.8,,,,,1,10.8,10.8,10.8,https://user-content.cardcastle.co/uploads/card_user/scanned_image/e46f6135-ff1c-464a-8cdd-e279067b638f.jpg,,,,80326,,
7186239,Magic,Universes Beyond: The Lord of the Rings: Tales of Middle-earth,Call of the Ring (Extended Art),355,R,Near Mint Foil,9.85,,,,,1,9.85,9.85,9.85,https://user-content.cardcastle.co/uploads/card_user/scanned_image/c2ec0b96-a5cd-4247-9a5d-a06a43b430d1.jpg,,,,80326,,
6911190,Magic,Phyrexia: All Will Be One,Phyrexian Obliterator,105,M,Near Mint,9.29,,,,,1,9.29,9.29,9.29,https://user-content.cardcastle.co/uploads/card_user/scanned_image/5ab102ba-fa72-44bf-8485-d8abcfc940e9.jpg,,,,80326,,
6955634,Magic,Phyrexia: All Will Be One,"Drivnod, Carnage Dominus (Showcase)",305,M,Near Mint,8.98,,,,,1,8.98,8.98,8.98,https://user-content.cardcastle.co/uploads/card_user/scanned_image/733fc4de-e18c-43e3-a37c-28a50e1ab904.jpg,,,,80326,,
6734496,Magic,The List Reprints,"Tevesh Szat, Doom of Fools",CMR-153,M,Near Mint,8.8,,,,,1,8.8,8.8,8.8,https://user-content.cardcastle.co/uploads/card_user/scanned_image/948a05a0-739e-4e00-8dcc-947b08166d0a.jpg,,,,80326,,
7368437,Magic,Wilds of Eldraine,Virtue of Persistence,115,M,Near Mint,6.98,,,,,1,6.98,6.98,6.98,https://user-content.cardcastle.co/uploads/card_user/scanned_image/672e9944-c88e-4f21-9c11-f68e9c6941a8.jpg,,,,80326,,
8335945,Magic,Foundations,Rise of the Dark Realms,183,M,Near Mint,6.25,,,,,1,6.25,6.25,6.25,https://user-content.cardcastle.co/uploads/card_user/scanned_image/a1f7d4b4-49b1-426a-b74d-d1eaba59c56f.jpg,,,,80326,,
6955554,Magic,Phyrexia: All Will Be One,"Drivnod, Carnage Dominus",90,M,Near Mint,6.89,,,,,1,6.89,6.89,6.89,https://user-content.cardcastle.co/uploads/card_user/scanned_image/67534780-73de-4ee3-8a4f-1c0dfd850296.jpg,,,,80326,,
7199355,Magic,Commander: The Lord of the Rings: Tales of Middle-earth,Toxic Deluge,209,R,Near Mint,5.87,,,,,1,5.87,5.87,5.87,https://user-content.cardcastle.co/uploads/card_user/scanned_image/a0029349-5a3d-45c0-9953-1a3f15395137.jpg,,,,80326,,
9239048,Magic,Secrets of Strixhaven: Mystical Archive,Dismember (JP Alternate Art),93,R,Near Mint,5.79,,,,,1,5.79,5.79,5.79,https://user-content.cardcastle.co/uploads/card_user/scanned_image/dcbbe201-f81e-4b25-a623-d8e23a60f14a.jpg,,,,80326,,
7199235,Magic,Commander: The Lord of the Rings: Tales of Middle-earth,Sanguine Bond,208,R,Near Mint,5.73,,,,,1,5.73,5.73,5.73,https://user-content.cardcastle.co/uploads/card_user/scanned_image/db2f1fbf-8e40-4c9a-8350-b23d6d199146.jpg,,,,80326,,
8665376,Magic,Secret Lair Drop Series,Saw in Half,1755,R,Near Mint,5.28,,,,,1,5.28,5.28,5.28,https://user-content.cardcastle.co/uploads/card_user/scanned_image/275dd8ce-2a4c-4a03-83d4-1d86bbf218a5.jpg,,,,80326,,
7788527,Magic,Outlaws of Thunder Junction,"Tinybones, the Pickpocket",109,M,Near Mint,5.68,,,,,1,5.68,5.68,5.68,https://user-content.cardcastle.co/uploads/card_user/scanned_image/7bf64f85-3e7a-49a7-b0b8-fab07be2e59d.jpg,,,,80326,,
8059439,Magic,Commander: Bloomburrow,Saw in Half,113,R,Near Mint,5.73,,,,,1,5.73,5.73,5.73,https://user-content.cardcastle.co/uploads/card_user/scanned_image/9f8cbb0c-d00b-4ab4-bdb8-24e4dc0b8298.jpg,,,,80326,,
7067710,Magic,Commander: March of the Machine,Massacre Wurm,256,M,Near Mint,5,,,,,1,5,5,5,https://user-content.cardcastle.co/uploads/card_user/scanned_image/34e1adf1-a8fd-4573-9352-143726bc4b2a.jpg,$5.00,In store,8/21/2026,80326,,2.5
7814314,Magic,Outlaws of Thunder Junction,Insatiable Avarice,91,R,Near Mint,4.8,,,,,1,4.8,4.8,4.8,https://user-content.cardcastle.co/uploads/card_user/scanned_image/b33244fd-c994-45dc-b1f3-ad0c78a29b45.jpg,,Online,,80326,$3.00,0.6
4986172,Magic,Modern Horizons 2,Dauthi Voidwalker,81,R,Near Mint,4.35,,,,,1,4.35,4.35,4.35,https://user-content.cardcastle.co/uploads/card_user/scanned_image/a448f4f8-b039-4ce0-b4a6-23b641794430.jpg,,,,80326,,
7949345,Magic,Modern Horizons 3,Ripples of Undeath,107,R,Near Mint,5.94,,,,,1,5.94,5.94,5.94,https://user-content.cardcastle.co/uploads/card_user/scanned_image/b9a2009d-ea51-49f6-8097-d6a1a95ae5bf.jpg,,,,80326,,
8901257,Magic,Game Day & Store Championship Promos,Bitter Triumph,42,R,Near Mint,1.16,,,,,4,1.16,4.64,1.16,https://user-content.cardcastle.co/uploads/card_user/scanned_image/45104eea-84c4-40b6-8d39-0e03622296d5.jpg,,,,80326,,
9249456,Magic,Secrets of Strixhaven,"Moseo, Vein's New Dean",91,R,Near Mint Foil,1.14,,,,,1,1.14,1.14,1.14,https://user-content.cardcastle.co/uploads/card_user/scanned_image/2686af21-f40c-403f-a7f9-9aa66cbd9dc5.jpg,,,,80326,,
9203932,Magic,Secrets of Strixhaven,Grave Researcher,85,R,Near Mint,2.26,,,,,1,2.26,2.26,2.26,https://user-content.cardcastle.co/uploads/card_user/scanned_image/fdf00fde-deb5-4afa-8caa-febca446645d.jpg,,,,80326,,
7150277,Magic,Universes Beyond: The Lord of the Rings: Tales of Middle-earth,Call of the Ring,79,R,Near Mint,4.11,,,,,1,4.11,4.11,4.11,https://user-content.cardcastle.co/uploads/card_user/scanned_image/49ac285f-9f18-4108-95e2-4995e55f5296.jpg,,,,80326,,
7170430,Magic,Universes Beyond: The Lord of the Rings: Tales of Middle-earth,Shadow of the Enemy,107,M,Near Mint,1.16,,,,,1,1.16,1.16,1.16,https://user-content.cardcastle.co/uploads/card_user/scanned_image/a44c9bdc-63ef-4927-9375-e9eb307ef36b.jpg,,,,80326,,
7507852,Magic,The Lost Caverns of Ixalan,Preacher of the Schism,113,R,Near Mint,1.36,,,,,3,1.36,4.08,1.36,https://user-content.cardcastle.co/uploads/card_user/scanned_image/69462fb9-d024-4737-9391-c365a71e08a2.jpg,,,,80326,,
9229266,Magic,Commander: Secrets of Strixhaven,Changing Loyalty (Extended Art),73,R,Near Mint,1.26,,,,,1,1.26,1.26,1.26,https://user-content.cardcastle.co/uploads/card_user/scanned_image/c86729cd-8d51-45c8-9bfe-0edbe9ba30cc.jpg,,,,80326,,
6798174,Magic,Dominaria Remastered,Oversold Cemetery (Retro Frame),309,R,Near Mint,1.54,,,,,1,1.54,1.54,1.54,https://user-content.cardcastle.co/uploads/card_user/scanned_image/1cc858db-1b79-4338-ba88-62f8793e2c9f.jpg,,,,80326,,
8611499,Magic,Tarkir: Dragonstorm,Qarsi Revenant (Borderless),338,R,Near Mint,2,,,,,1,2,2,2,https://user-content.cardcastle.co/uploads/card_user/scanned_image/7c81d88e-3815-407f-8303-b7301b666a08.jpg,,,,80326,,
7924789,Magic,Modern Horizons 3,Flare of Malice,95,R,Near Mint,1.7,,,,,1,1.7,1.7,1.7,https://user-content.cardcastle.co/uploads/card_user/scanned_image/43e804ff-3e46-44d8-a154-3f6ea9f4bb45.jpg,,,,80326,,
7857342,Magic,Commander: Outlaws of Thunder Junction,Heartless Conscription,21,R,Near Mint,2.56,,,,,1,2.56,2.56,2.56,https://user-content.cardcastle.co/uploads/card_user/scanned_image/03736943-15ba-4e97-9d02-91403508e311.jpg,,,,80326,,
7673942,Magic,The List Reprints,Baleful Mastery,STX-64,R,Near Mint,3.63,,,,,1,3.63,3.63,3.63,https://user-content.cardcastle.co/uploads/card_user/scanned_image/b46c66af-45e8-4f34-a6a9-14f48c000444.jpg,,,,80326,,
7055144,Magic,March of the Machine,Hoarding Broodlord,110,R,Near Mint,5.55,,,,,1,5.55,5.55,5.55,https://user-content.cardcastle.co/uploads/card_user/scanned_image/ebf0fe92-123c-41c1-9618-e7c8201ee233.jpg,,Online,,80326,$5.55,2.775
7857402,Magic,Commander: Outlaws of Thunder Junction,Thieving Varmint,23,R,Near Mint,3.26,,,,,1,3.26,3.26,3.26,https://user-content.cardcastle.co/uploads/card_user/scanned_image/888d3e8a-ac95-444a-9e90-9f9750d61b1c.jpg,,,,80326,,
7368182,Magic,Wilds of Eldraine: Enchanting Tales,Leyline of the Void,30,R,Near Mint,1.04,,,,,3,1.04,3.12,1.04,https://user-content.cardcastle.co/uploads/card_user/scanned_image/39da4945-cc83-4bed-8140-8ceec68e5b02.jpg,,,,80326,,
8059014,Magic,Commander: Bloomburrow,Hazel's Brewmaster,17,R,Near Mint,3.41,,,,,1,3.41,3.41,3.41,https://user-content.cardcastle.co/uploads/card_user/scanned_image/1e81ff74-24ec-4901-8031-42996bacd84a.jpg,,,,80326,,
7068110,Magic,Commander: March of the Machine,Noxious Gearhulk,260,M,Near Mint,1.05,,,,,1,1.05,1.05,1.05,https://user-content.cardcastle.co/uploads/card_user/scanned_image/a874ecf1-b0d3-4b4e-8c53-9739cb874b0a.jpg,,,,80326,,
7068830,Magic,Commander: March of the Machine,Phyrexian Delver,263,R,Near Mint,0.66,,,,,1,0.66,0.66,0.66,https://user-content.cardcastle.co/uploads/card_user/scanned_image/9689dac2-a94b-42a0-9d4a-a5e5c1f4ae0e.jpg,,,,80326,,
7779775,Magic,Universes Beyond: Fallout,Screeching Scorchbeast,49,R,Near Mint,2.04,,,,,1,2.04,2.04,2.04,https://user-content.cardcastle.co/uploads/card_user/scanned_image/2e2dd033-fc12-4fac-8e37-02e3170edc64.jpg,,,,80326,,
7757114,Magic,Universes Beyond: Fallout,Nuclear Fallout,47,R,Near Mint,3.18,,,,,1,3.18,3.18,3.18,https://user-content.cardcastle.co/uploads/card_user/scanned_image/8b217d9a-59c5-44fb-8483-5f71fba6860d.jpg,,,,80326,,
7490025,Magic,Universes Beyond: Fallout,Feral Ghoul,44,R,Near Mint,3.37,,,,,1,3.37,3.37,3.37,https://user-content.cardcastle.co/uploads/card_user/scanned_image/a853b48a-e72a-42c1-ac0b-81dcc2bb0a98.jpg,,,,80326,,
7855752,Magic,Commander: Outlaws of Thunder Junction,Cunning Rhetoric,129,R,Near Mint,3.88,,,,,1,3.88,3.88,3.88,https://user-content.cardcastle.co/uploads/card_user/scanned_image/ae927ae8-fc3d-4e98-b94b-e99ec03e5a28.jpg,,,,80326,,
8030875,Magic,Bloomburrow,Iridescent Vinelasher (Extended Art),359,R,Near Mint,1.72,,,,,1,1.72,1.72,1.72,https://user-content.cardcastle.co/uploads/card_user/scanned_image/5cf2df63-44ee-4c5d-9520-acc9bd4a3f83.jpg,,,,80326,,
7215568,Magic,Universes Beyond: The Lord of the Rings: Tales of Middle-earth,"Gollum, Scheming Guide",292,R,Near Mint,2.16,,,,,1,2.16,2.16,2.16,https://user-content.cardcastle.co/uploads/card_user/scanned_image/6ac0cc5a-72e8-4263-98c0-f70eb0572fcc.jpg,,,,80326,,
7507857,Magic,The Lost Caverns of Ixalan,Preacher of the Schism,113,R,Near Mint Foil,1.82,,,,,1,1.82,1.82,1.82,https://user-content.cardcastle.co/uploads/card_user/scanned_image/f0bce1e4-8080-4ff1-9b41-450ec0f71ff7.jpg,,,,80326,,
337105,Magic,Visions,Forbidden Ritual,60,R,Moderately Played,0.68,,,,,1,0.68,0.68,0.68,https://user-content.cardcastle.co/uploads/card_user/scanned_image/aea76dd5-a0c8-4536-9b62-cb92c13143fc.jpg,,,,80326,,
8638450,Magic,Tarkir: Dragonstorm,Rot-Curse Rakshasa,87,M,Near Mint,2.09,,,,,1,2.09,2.09,2.09,https://user-content.cardcastle.co/uploads/card_user/scanned_image/2e341214-12f9-4bf2-9198-9dce68bd2fea.jpg,,,,80326,,
7853097,Magic,Outlaws of Thunder Junction: The Big Score,Harvester of Misery,9,M,Near Mint,2.62,,,,,1,2.62,2.62,2.62,https://user-content.cardcastle.co/uploads/card_user/scanned_image/4a6d4d66-e5ef-442a-8ad6-c497722b4215.jpg,,,,80326,,
8999511,Magic,Avatar: The Last Airbender,Obsessive Pursuit (Showcase),340,R,Near Mint,1.16,,,,,1,1.16,1.16,1.16,https://user-content.cardcastle.co/uploads/card_user/scanned_image/f33802ff-ef9d-475b-ac8d-9ebcb6d0eed9.jpg,,,,80326,,
4071590,Magic,Modern Horizons,Defile,86,C,Near Mint,1.43,,,,,1,1.43,1.43,1.43,https://user-content.cardcastle.co/uploads/card_user/scanned_image/f3ea5ed7-a6fb-4740-a43d-9b6b91ddeb72.jpg,,,,80326,,
3989912,Magic,War of the Spark,Kaya's Ghostform,94,C,Near Mint,1.97,,,,,1,1.97,1.97,1.97,https://user-content.cardcastle.co/uploads/card_user/scanned_image/5725d0df-71d8-4b6a-8641-a00500bb4a09.jpg,,,,80326,,
4191789,Magic,Throne of Eldraine,Cauldron Familiar,81,U,Near Mint,2.28,,,,,1,2.28,2.28,2.28,https://user-content.cardcastle.co/uploads/card_user/scanned_image/b52f84ea-f064-420e-a9b5-d51704bd8c56.jpg,,,,80326,,
8975281,Magic,Avatar: The Last Airbender,Day of Black Sun,94,R,Near Mint,0.74,,,,,1,0.74,0.74,0.74,https://user-content.cardcastle.co/uploads/card_user/scanned_image/7f5ccd78-8aff-4535-9712-d1bcf6c3eb9a.jpg,,,,80326,,
6734466,Magic,The List Reprints,Priest of Gix,DDE-7,U,Near Mint,0.38,,,,,1,0.38,0.38,0.38,https://user-content.cardcastle.co/uploads/card_user/scanned_image/8722e12e-4854-4f5b-a7f8-e953080d224d.jpg,,,,80326,,
7831724,Magic,Outlaws of Thunder Junction,Forsaken Miner,88,U,Near Mint,1.29,,,,,1,1.29,1.29,1.29,https://user-content.cardcastle.co/uploads/card_user/scanned_image/6114a7b7-82ea-4a86-bb48-aa39d5ebe8c9.jpg,,,,80326,,
8059139,Magic,Commander: Bloomburrow,Swarmyard Massacre,20,R,Near Mint,4.33,,,,,1,4.33,4.33,4.33,https://user-content.cardcastle.co/uploads/card_user/scanned_image/2263261d-3cb7-4f62-94aa-fe80253ffb9f.jpg,,,,80326,,
8199983,Magic,Duskmourn: House of Horror,Withering Torment,124,U,Near Mint,2.83,,,,,3,2.83,8.49,2.83,https://user-content.cardcastle.co/uploads/card_user/scanned_image/0d6da9f1-a6fa-40b2-be5b-8e516a910c6c.jpg,,,,80326,,
7779660,Magic,Universes Beyond: Fallout,Infesting Radroach,46,U,Near Mint,2.65,,,,,1,2.65,2.65,2.65,https://user-content.cardcastle.co/uploads/card_user/scanned_image/bdf9fdb4-e599-46ca-990c-f686d428a5f1.jpg,,,,80326,,
8180493,Magic,Duskmourn: House of Horror,Unstoppable Slasher (0119),119,R,Near Mint,5.37,,,,,1,5.37,5.37,5.37,https://user-content.cardcastle.co/uploads/card_user/scanned_image/cad83f89-2629-4dbe-9b81-91184c64514d.jpg,,,,80326,,
6934749,Magic,Phyrexia: All Will Be One,Phyrexian Arena,104,R,Near Mint,3.77,,,,,4,3.77,15.08,3.77,https://user-content.cardcastle.co/uploads/card_user/scanned_image/5aa4fa08-bbd7-47cd-820c-1a369b71c759.jpg,,,,80326,,
8882810,Magic,Avatar: The Last Airbender,The Rise of Sozin (Borderless),356,M,Near Mint,3.74,,,,,1,3.74,3.74,3.74,https://user-content.cardcastle.co/uploads/card_user/scanned_image/9e4882fe-bbfd-424b-a532-14ae11cd51e3.jpg,,,,80326,,
7936345,Magic,Modern Horizons 3,Fell the Profane,244,U,Near Mint,3.71,,,,,2,3.71,7.42,3.71,https://user-content.cardcastle.co/uploads/card_user/scanned_image/c6faafc0-bdbe-4487-8ccb-245475c9ced1.jpg,$3.50,In store,8/15/2026,80326,$3.71,1.645
8612339,Magic,Tarkir: Dragonstorm,Qarsi Revenant,86,R,Near Mint,2.51,,,,,1,2.51,2.51,2.51,https://user-content.cardcastle.co/uploads/card_user/scanned_image/3a023958-68fe-4e7e-875f-1fc21151e921.jpg,$1.04,In store,8/23/2026,80326,,-0.215
5618691,Magic,Commander Legends: Battle for Baldur's Gate,Blood Money,116,M,Near Mint,2.58,,,,,1,2.58,2.58,2.58,https://user-content.cardcastle.co/uploads/card_user/scanned_image/b547eee6-1e66-49b1-9f74-fee1da858a65.jpg,,,,80326,,
8340600,Magic,Foundations,Rune-Scarred Demon,184,R,Near Mint Foil,1.08,,,,,1,1.08,1.08,1.08,https://user-content.cardcastle.co/uploads/card_user/scanned_image/a6b8a663-8923-4026-a7f6-124e48f9364b.jpg,,,,80326,,
7899778,Magic,WPN & Gateway Promos,Diabolic Tutor,13,R,Near Mint Foil,2.72,,,,,1,2.72,2.72,2.72,https://user-content.cardcastle.co/uploads/card_user/scanned_image/bf9a4b0b-cbe2-4422-8089-7d68413c746c.jpg,,,,80326,,
6953299,Magic,Phyrexia: All Will Be One,Drown in Ichor,91,U,Near Mint Foil,1.32,,,,,2,1.32,2.64,1.32,https://user-content.cardcastle.co/uploads/card_user/scanned_image/937aa8d2-ef10-4b0f-806a-8bdcfb83a4df.jpg,$0.75,In store,8/25/2026,80326,,0.09
8655279,Magic,Game Day & Store Championship Promos,Preacher of the Schism,34,R,Near Mint Foil,1.87,,,,,1,1.87,1.87,1.87,https://user-content.cardcastle.co/uploads/card_user/scanned_image/87649077-8c2f-4e18-8835-8364130908db.jpg,,,,80326,,
5613919,Magic,Commander Legends: Battle for Baldur's Gate,Agent of the Iron Throne,107,U,Near Mint Foil,2.75,,,,,1,2.75,2.75,2.75,https://user-content.cardcastle.co/uploads/card_user/scanned_image/495434c0-2a15-4d71-b045-2aec189355b1.jpg,,,,80326,,
4196629,Magic,Throne of Eldraine,The Magic Mirror,51,M,Near Mint,3.81,,,,,1,3.81,3.81,3.81,https://user-content.cardcastle.co/uploads/card_user/scanned_image/cd4e13d1-497e-4161-b151-c5541c29c1cc.jpg,,,,80326,,
8974338,Magic,Avatar: The Last Airbender,The Legend of Kuruk,61,M,Near Mint,2.02,,,,,2,2.02,4.04,2.02,https://user-content.cardcastle.co/uploads/card_user/scanned_image/192396f9-9281-40f7-b14a-9f849c8007b4.jpg,,,,80326,,
7167930,Magic,Universes Beyond: The Lord of the Rings: Tales of Middle-earth,Mirkwood Bats,95,C,Near Mint Foil,1.76,,,,,1,1.76,1.76,1.76,https://user-content.cardcastle.co/uploads/card_user/scanned_image/c4083329-a7b7-41c0-9df1-accd73f64c71.jpg,$1.40,In store,8/16/2026,80326,,0.52
7940692,Magic,Modern Horizons 3,Marionette Apprentice (Retro Frame),410,U,Near Mint Foil,2.45,,,,,1,2.45,2.45,2.45,https://user-content.cardcastle.co/uploads/card_user/scanned_image/19961482-2872-4d70-96b1-08e935897392.jpg,,,,80326,,
7863102,Magic,Commander: Outlaws of Thunder Junction,"Nashi, Moon Sage's Scion",143,M,Near Mint,3.54,,,,,1,3.54,3.54,3.54,https://user-content.cardcastle.co/uploads/card_user/scanned_image/5e4ad77a-7565-4751-a664-6083a8520937.jpg,,,,80326,,
7756799,Magic,Universes Beyond: Fallout,"Hancock, Ghoulish Mayor",45,R,Near Mint,1.38,,,,,1,1.38,1.38,1.38,https://user-content.cardcastle.co/uploads/card_user/scanned_image/c527e805-d4f5-4bf3-8341-c04d48a70448.jpg,,,,80326,,
801466,Magic,Mercadian Masques,Thunderclap,219,C,Moderately Played Foil,13.45,,,,,1,13.45,13.45,13.45,https://user-content.cardcastle.co/uploads/card_user/scanned_image/148a5f36-3d38-484d-9070-b614c284a347.jpg,,,,80326,,
4374183,Magic,Commander 2020,Surly Badgersaur,57,R,Near Mint,17.04,,,,,1,17.04,17.04,17.04,https://user-content.cardcastle.co/uploads/card_user/scanned_image/c7334248-06e9-45df-b5f7-bd7d2d160bd6.jpg,,,,80326,,
8883130,Magic,Avatar: The Last Airbender,Redirect Lightning,151,R,Near Mint,12.2,,,,,1,12.2,12.2,12.2,https://user-content.cardcastle.co/uploads/card_user/scanned_image/7a32fcb2-9c12-44b8-bccf-0648a413365a.jpg,,,,80326,,
7388671,Magic,Commander: Wilds of Eldraine,Court of Embereth,24,R,Near Mint,6.2,,,,,1,6.2,6.2,6.2,https://user-content.cardcastle.co/uploads/card_user/scanned_image/f57749be-1f7c-4d38-a0eb-05bdb9efc683.jpg,,,,80326,,
16122,Magic,Fourth Edition,Winds of Change,232,R,Near Mint,7.72,,,,,1,7.72,7.72,7.72,https://user-content.cardcastle.co/uploads/card_user/scanned_image/81ed551c-870d-4fca-8761-1748a870c19c.jpg,,,,80326,,
4119730,Magic,Core Set 2020,Glint-Horn Buccaneer,141,R,Near Mint,8.63,,,,,1,8.63,8.63,8.63,https://user-content.cardcastle.co/uploads/card_user/scanned_image/a089dadb-b11f-4617-b6f1-902fe25d9c62.jpg,,,,80326,,
6912910,Magic,Phyrexia: All Will Be One,"Urabrask, Heretic Praetor (Concept Praetor)",468,M,Near Mint,7.12,,,,,1,7.12,7.12,7.12,https://user-content.cardcastle.co/uploads/card_user/scanned_image/525f3535-7c0e-4d14-b099-d13ea695dce4.jpg,,,,80326,,
8094870,Magic,Mystery Booster 2,Goblin Recruiter (Future Sight),193,U,Near Mint,6.67,,,,,1,6.67,6.67,6.67,https://user-content.cardcastle.co/uploads/card_user/scanned_image/f6cd24ef-8a7b-4d49-a993-8026b7745f9e.jpg,,,,80326,,
8027931,Magic,Bloomburrow,Artist's Talent,124,R,Near Mint,5.08,,,,,1,5.08,5.08,5.08,https://user-content.cardcastle.co/uploads/card_user/scanned_image/f6ae9609-408e-468c-82ed-3a97d0592f8a.jpg,,Online,,80326,$5.08,2.54
7948625,Magic,Modern Horizons 3,"Ashling, Flame Dancer",115,M,Near Mint,5.38,,,,,1,5.38,5.38,5.38,https://user-content.cardcastle.co/uploads/card_user/scanned_image/dce92b76-b114-45f9-83cc-a47cd394ad53.jpg,,#N/A,,80326,#N/A,#N/A
7044406,Magic,March of the Machine: Multiverse Legends,Urabrask the Hidden,23,M,Near Mint,4.73,,,,,1,4.73,4.73,4.73,https://user-content.cardcastle.co/uploads/card_user/scanned_image/02ef507a-82f1-4671-8485-efac474662d2.jpg,,,,80326,,
8882940,Magic,Avatar: The Last Airbender,Fated Firepower,132,M,Near Mint,4.72,,,,,1,4.72,4.72,4.72,https://user-content.cardcastle.co/uploads/card_user/scanned_image/a54cd3aa-db50-4731-9b4c-a7782ef2fc45.jpg,,,,80326,,
7250082,Magic,Launch Party & Release Event Promos,Disrupt Decorum,1067,R,Near Mint Foil,5.18,,,,,1,5.18,5.18,5.18,https://user-content.cardcastle.co/uploads/card_user/scanned_image/ca8f48b7-cfd6-4044-b612-3975b23ef4e8.jpg,,,,80326,,
7819642,Magic,Outlaws of Thunder Junction,Great Train Heist,125,R,Near Mint,4.92,,,,,1,4.92,4.92,4.92,https://user-content.cardcastle.co/uploads/card_user/scanned_image/73459d01-c4b6-4cb6-803e-c721572a01c2.jpg,,,,80326,,
6798689,Magic,Dominaria Remastered,Pashalik Mons (Retro Frame),328,R,Near Mint Foil,3.04,,,,,1,3.04,3.04,3.04,https://user-content.cardcastle.co/uploads/card_user/scanned_image/05964058-e055-4940-8f6f-0a9886de4b6b.jpg,,,,80326,,
7185974,Magic,Universes Beyond: The Lord of the Rings: Tales of Middle-earth,Mines of Moria (Borderless),342,R,Near Mint,2.14,,,,,1,2.14,2.14,2.14,https://user-content.cardcastle.co/uploads/card_user/scanned_image/d7e9d228-7b55-4344-9df6-e2b37af15433.jpg,,Online,,80326,$2.14,1.07
7401172,Magic,Wilds of Eldraine,Virtue of Courage (Showcase),282,M,Near Mint,2.93,,,,,1,2.93,2.93,2.93,https://user-content.cardcastle.co/uploads/card_user/scanned_image/609e2902-1239-46d5-b3e2-8c096c4501b9.jpg,,,,80326,,
8977187,Magic,Avatar: The Last Airbender,Firebending Student (Showcase),342,R,Near Mint,1.98,,,,,1,1.98,1.98,1.98,https://user-content.cardcastle.co/uploads/card_user/scanned_image/434a1270-d99e-4265-a212-a265f6bb091a.jpg,,,,80326,,
8037066,Magic,Bloomburrow,Emberheart Challenger,133,R,Near Mint,1.07,,,,,1,1.07,1.07,1.07,https://user-content.cardcastle.co/uploads/card_user/scanned_image/24f4179e-007e-4e7d-85d5-d09654db2735.jpg,,,,80326,,
7927449,Magic,Modern Horizons 3,Flare of Duplication,119,R,Near Mint,1.68,,,,,2,1.68,3.36,1.68,https://user-content.cardcastle.co/uploads/card_user/scanned_image/acf0a166-8e28-4447-9293-be0fc425b080.jpg,,,,80326,,
4386615,Magic,Commander 2020,Dualcaster Mage,150,R,Near Mint,3.63,,,,,1,3.63,3.63,3.63,https://user-content.cardcastle.co/uploads/card_user/scanned_image/e7afc607-7e77-4c41-885f-204b7d5dfef7.jpg,,,,80326,,
8063330,Magic,Commander: Bloomburrow,Alchemist's Talent,22,R,Near Mint,4.99,,,,,1,4.99,4.99,4.99,https://user-content.cardcastle.co/uploads/card_user/scanned_image/56e652a8-a52f-4b6d-a0d2-1a7021446e53.jpg,,Online,,80326,$5.25,2.755
3990324,Magic,War of the Spark,"Neheb, Dreadhorde Champion",140,R,Near Mint,1.22,,,,,1,1.22,1.22,1.22,https://user-content.cardcastle.co/uploads/card_user/scanned_image/3bd56d32-5172-42a4-abf3-681802e1ac75.jpg,,,,80326,,
4836026,Magic,Strixhaven: School of Mages,Storm-Kiln Artist,115,U,Near Mint,2.43,,,,,1,2.43,2.43,2.43,https://user-content.cardcastle.co/uploads/card_user/scanned_image/8cdf50be-2dd2-4af7-8714-cd31f6654f15.jpg,,,,80326,,
7371245,Magic,Wilds of Eldraine: Enchanting Tales,Impact Tremors,44,U,Near Mint,2.74,,,,,1,2.74,2.74,2.74,https://user-content.cardcastle.co/uploads/card_user/scanned_image/c8eaab53-b617-4ce5-aaad-5d56060f4118.jpg,$3.03,In store,8/16/2026,80326,,1.66
7555427,Magic,The Lost Caverns of Ixalan,Trumpeting Carnosaur,171,R,Near Mint,2.28,,,,,1,2.28,2.28,2.28,https://user-content.cardcastle.co/uploads/card_user/scanned_image/ffd26714-38a1-4f13-9cfd-3a897450b5a0.jpg,,,,80326,,
5488726,Magic,Streets of New Capenna,"Urabrask, Heretic Praetor",129,M,Near Mint,1.6,,,,,1,1.6,1.6,1.6,https://user-content.cardcastle.co/uploads/card_user/scanned_image/b689ea82-54e2-4778-a281-6448243f7488.jpg,,,,80326,,
9086770,Magic,Lorwyn Eclipsed,Soul Immolation (Showcase),321,M,Near Mint,3.46,,,,,1,3.46,3.46,3.46,https://user-content.cardcastle.co/uploads/card_user/scanned_image/bde66182-7fd4-4967-b801-16187a7a4655.jpg,,,,80326,,
6929943,Magic,Phyrexia: All Will Be One,Urabrask's Forge,153,R,Near Mint,1.13,,,,,4,1.13,4.52,1.13,https://user-content.cardcastle.co/uploads/card_user/scanned_image/9ea66af2-de55-4474-9b85-278d4d366b40.jpg,,,,80326,,
7514718,Magic,The Lost Caverns of Ixalan,Brass's Tunnel-Grinder,135,R,Near Mint,3.6,,,,,1,3.6,3.6,3.6,https://user-content.cardcastle.co/uploads/card_user/scanned_image/d844e80d-f342-4753-a3ca-3ac059950082.jpg,,,,80326,,
2835684,Magic,Collector's Edition,Mana Flare (CE),163,R,Near Mint,,,,,,1,,0,,https://user-content.cardcastle.co/uploads/card_user/scanned_image/5c9a1429-0735-44bb-a59f-57fdfbc93ca3.jpg,,,,80326,,
7355802,Magic,Wilds of Eldraine,Decadent Dragon,223,R,Near Mint,1.56,,,,,2,1.56,3.12,1.56,https://user-content.cardcastle.co/uploads/card_user/scanned_image/1660fa4c-6680-4365-bb9e-affabe588a7b.jpg,,,,80326,,
334750,Magic,Antiquities,Artifact Blast,22,C,Moderately Played,1.17,,,,,1,1.17,1.17,1.17,https://user-content.cardcastle.co/uploads/card_user/scanned_image/368594df-2971-4c8e-9c45-da5359724d49.jpg,,,,80326,,
9284258,Magic,The List Reprints,Battle Hymn,AVR-128,C,Lightly Played,1.33,,,,,1,1.33,1.33,1.33,https://user-content.cardcastle.co/uploads/card_user/scanned_image/b3834ff2-47ce-40f4-8c1b-2610c8a63517.jpg,,,,80326,,
372009,Magic,Onslaught,Brightstone Ritual,191,C,Lightly Played,1.93,,,,,1,1.93,1.93,1.93,https://user-content.cardcastle.co/uploads/card_user/scanned_image/5d9b120c-e979-4308-8429-38914c9f5ba8.jpg,,,,80326,,
345876,Magic,Shadowmoor,Crimson Wisps,88,C,Moderately Played,1.97,,,,,1,1.97,1.97,1.97,https://user-content.cardcastle.co/uploads/card_user/scanned_image/d29adea7-e644-4921-b155-8d1f21ff758b.jpg,,,,80326,,
7520173,Magic,The Lost Caverns of Ixalan,Diamond Pick-Axe,143,U,Near Mint,0.99,,,,,1,0.99,0.99,0.99,https://user-content.cardcastle.co/uploads/card_user/scanned_image/eec560ed-e86a-48e8-a3b0-13b944afab29.jpg,,,,80326,,
18132,Magic,Alliances,Pillage,76,U,Near Mint,1.05,,,,,1,1.05,1.05,1.05,https://user-content.cardcastle.co/uploads/card_user/scanned_image/987f772e-7a10-4b68-839b-7816d7e2087d.jpg,,,,80326,,
5622846,Magic,Commander Legends: Battle for Baldur's Gate,Carnelian Orb of Dragonkind,166,C,Near Mint Foil,2.74,,,,,1,2.74,2.74,2.74,https://user-content.cardcastle.co/uploads/card_user/scanned_image/217de193-8078-4688-929d-88b15bed6c3a.jpg,,,,80326,,
8546272,Magic,Aetherdrift,Burnout Bashtronaut (Borderless),340,R,Near Mint Foil,1.11,,,,,1,1.11,1.11,1.11,https://user-content.cardcastle.co/uploads/card_user/scanned_image/fd685d7e-db9e-4d55-be8c-2048147b6e89.jpg,,,,80326,,
5376129,Magic,Kamigawa: Neon Dynasty,"Goro-Goro, Disciple of Ryusei",145,R,Near Mint,1.08,,,,,1,1.08,1.08,1.08,https://user-content.cardcastle.co/uploads/card_user/scanned_image/6daa0b88-8639-4ad1-9402-8dde9fc0466f.jpg,,,,80326,,
8331490,Magic,Foundations,"Krenko, Mob Boss",204,R,Near Mint,1.88,,,,,1,1.88,1.88,1.88,https://user-content.cardcastle.co/uploads/card_user/scanned_image/059b8f62-283c-4915-b754-577bb9eb4617.jpg,,,,80326,,
6790576,Magic,Dominaria Remastered,Pashalik Mons,133,R,Near Mint,2.82,,,,,1,2.82,2.82,2.82,https://user-content.cardcastle.co/uploads/card_user/scanned_image/b1039131-dec8-4dd5-8379-555396875850.jpg,,,,80326,,
5528458,Magic,The List Reprints,"Krenko, Tin Street Kingpin",WAR-137,R,Near Mint,3.23,,,,,1,3.23,3.23,3.23,https://user-content.cardcastle.co/uploads/card_user/scanned_image/7af2695e-9297-4b2e-83e8-5f2c5c139e12.jpg,,,,80326,,
4276110,Magic,The List Reprints,"Krenko, Mob Boss",DDT-52,R,Near Mint,2.6,,,,,1,2.6,2.6,2.6,https://user-content.cardcastle.co/uploads/card_user/scanned_image/84a71a64-bdb3-4485-a1f7-841a8587934b.jpg,,,,80326,,
7519427,Magic,The Lost Caverns of Ixalan,"Inti, Seneschal of the Sun",156,R,Near Mint,2.39,,,,,1,2.39,2.39,2.39,https://user-content.cardcastle.co/uploads/card_user/scanned_image/f053ed21-75d8-44f1-9161-43af5c2f2705.jpg,,,,80326,,
7189642,Magic,Universes Beyond: The Lord of the Rings: Tales of Middle-earth,"Gloin, Dwarf Emissary",132,R,Near Mint,1.25,,,,,1,1.25,1.25,1.25,https://user-content.cardcastle.co/uploads/card_user/scanned_image/31b53524-6465-40d6-a48f-eb0a5ff4d180.jpg,,Online,,80326,$1.25,0.625
8973792,Magic,Avatar: The Last Airbender,Sozin's Comet,154,M,Near Mint,3.34,,,,,1,3.34,3.34,3.34,https://user-content.cardcastle.co/uploads/card_user/scanned_image/ec627142-1513-4cf5-9db6-e0fa974bbf23.jpg,,,,80326,,
8976461,Magic,Avatar: The Last Airbender,The Last Agni Kai,144,R,Near Mint,2.76,,,,,2,2.76,5.52,2.76,https://user-content.cardcastle.co/uploads/card_user/scanned_image/f422390e-d8e9-4fda-a644-d80171f7cf52.jpg,,,,80326,,
7360637,Magic,Wilds of Eldraine: Enchanting Tales,Defense of the Heart,51,M,Near Mint,21.19,,,,,1,21.19,21.19,21.19,https://user-content.cardcastle.co/uploads/card_user/scanned_image/592a5490-84b9-4ef1-9246-8748bcdbbf38.jpg,,,,80326,,
5046723,Magic,Adventures in the Forgotten Realms,Circle of Dreams Druid (Extended Art),383,R,Near Mint,15.42,,,,,1,15.42,15.42,15.42,https://user-content.cardcastle.co/uploads/card_user/scanned_image/f8afcec2-a04a-4686-8acb-13fca10f637c.jpg,,Online,,80326,$15.42,7.71
1076475,Magic,FNM Promos,Farseek,3,R,Lightly Played Foil,7.51,,,,,1,7.51,7.51,7.51,https://user-content.cardcastle.co/uploads/card_user/scanned_image/ae136dbe-3ba5-4eb3-bfd8-cc95b929e86f.jpg,,,,80326,,
340460,Magic,Judgment,Sylvan Safekeeper,133,R,Moderately Played,12.13,,,,,1,12.13,12.13,12.13,https://user-content.cardcastle.co/uploads/card_user/scanned_image/ddd72252-e549-4ec1-8c3e-e1794fd7d1e9.jpg,,,,80326,,
7783520,Magic,Universes Beyond: Fallout,Power Fist,81,R,Near Mint,15.97,,,,,1,15.97,15.97,15.97,https://user-content.cardcastle.co/uploads/card_user/scanned_image/c13463d1-719f-476b-a0ce-16bcb5d80d17.jpg,$17.50,In store,8/15/2026,80326,,9.515
8286500,Magic,Foundations,Mossborn Hydra,107,R,Near Mint,11.6,,,,,1,11.6,11.6,11.6,https://user-content.cardcastle.co/uploads/card_user/scanned_image/763047e0-fcd9-4fee-b358-05efee69dc1b.jpg,,,,80326,,
7043216,Magic,March of the Machine,Invasion of Ikoria,190,R,Near Mint,12.19,,,,,1,12.19,12.19,12.19,https://user-content.cardcastle.co/uploads/card_user/scanned_image/5aa46180-ec0b-48bc-8285-e559abf89a67.jpg,,,,80326,,
4608522,Magic,Promo Pack: Zendikar Rising,Scute Swarm,203p,R,Near Mint Foil,11.57,,,,,1,11.57,11.57,11.57,https://user-content.cardcastle.co/uploads/card_user/scanned_image/a45f019e-84a6-426f-a54e-e0902c0d4b0c.jpg,,,,80326,,
8995558,Magic,Avatar: The Last Airbender,Earthbender Ascension,175,R,Near Mint Foil,3,,,,,1,3,3,3,https://user-content.cardcastle.co/uploads/card_user/scanned_image/4ebfbd1b-f9b6-43d5-bd8e-6ba0888c4736.jpg,,,,80326,,
8058069,Magic,Commander: Bloomburrow,"Chatterfang, Squirrel General",209,M,Near Mint,11.46,,,,,1,11.46,11.46,11.46,https://user-content.cardcastle.co/uploads/card_user/scanned_image/27ed14e4-e05d-4c94-97d2-1c38b2ac6129.jpg,,Online,,80326,$11.46,5.73
4954229,Magic,Modern Horizons 2,"Chatterfang, Squirrel General",151,M,Near Mint,11.74,,,,,1,11.74,11.74,11.74,https://user-content.cardcastle.co/uploads/card_user/scanned_image/70f3c7b8-cc7c-4181-9bde-8129dc8fd631.jpg,,Online,,80326,$11.46,5.59
7199725,Magic,Commander: The Lord of the Rings: Tales of Middle-earth,Essence Warden,242,C,Near Mint,9.3,,,,,1,9.3,9.3,9.3,https://user-content.cardcastle.co/uploads/card_user/scanned_image/559e0ed8-ab10-4e5a-9e41-abfed8c241c1.jpg,,,,80326,,
7946615,Magic,Modern Horizons 3,Fanatic of Rhonas,152,R,Near Mint,13.97,,,,,1,13.97,13.97,13.97,https://user-content.cardcastle.co/uploads/card_user/scanned_image/9483c549-83d7-42bd-9f4f-470ed59adde6.jpg,,Online,,80326,$13.97,6.985
7855722,Magic,Commander: Outlaws of Thunder Junction,Three Visits,209,U,Near Mint,9.9,,,,,1,9.9,9.9,9.9,https://user-content.cardcastle.co/uploads/card_user/scanned_image/b78d6fef-4a41-4ba0-a6c0-f39817d3a649.jpg,,,,80326,,
8063806,Magic,Commander: Bloomburrow,Bloodroot Apothecary (Extended Art),61,R,Near Mint,8,,,,,1,8,8,8,https://user-content.cardcastle.co/uploads/card_user/scanned_image/c2aa4eb3-8420-45f5-b880-7e3c5859833a.jpg,,,,80326,,
8032120,Magic,Bloomburrow,Innkeeper's Talent,180,R,Near Mint,7.81,,,,,1,7.81,7.81,7.81,https://user-content.cardcastle.co/uploads/card_user/scanned_image/fffc4495-fd6b-4366-a681-b7043e0ae044.jpg,,,,80326,,
8535687,Magic,Aetherdrift,March of the World Ooze (Showcase),402,M,Near Mint Foil,8,,,,,1,8,8,8,https://user-content.cardcastle.co/uploads/card_user/scanned_image/f23e2796-49cf-4330-9fc9-d778ec1922ea.jpg,,,,80326,,
7283869,Magic,Commander Masters,Arachnogenesis (Borderless),647,R,Near Mint,8.08,,,,,1,8.08,8.08,8.08,https://user-content.cardcastle.co/uploads/card_user/scanned_image/18d9616c-ea88-4592-8a50-14879c79c2bb.jpg,,,,80326,,
5641944,Magic,Commander Legends: Battle for Baldur's Gate,Traverse the Outlands (Extended Art),593,R,Near Mint,6.5,,,,,1,6.5,6.5,6.5,https://user-content.cardcastle.co/uploads/card_user/scanned_image/2d1cefbe-1cf4-4917-bd85-59af9625b785.jpg,,,,80326,,
7783830,Magic,Universes Beyond: Fallout,Rampaging Yao Guai,82,R,Near Mint,6.22,,,,,1,6.22,6.22,6.22,https://user-content.cardcastle.co/uploads/card_user/scanned_image/ac4fd503-c31e-4a4a-ba04-ccfd372cdd2e.jpg,,,,80326,,
7716573,Magic,Commander: Murders at Karlov Manor,"Toski, Bearer of Secrets",191,R,Near Mint,9.05,,,,,1,9.05,9.05,9.05,https://user-content.cardcastle.co/uploads/card_user/scanned_image/83687bcd-dd26-4308-8366-f0b74548a7cb.jpg,,,,80326,,
7528813,Magic,The Lost Caverns of Ixalan,"Ojer Kaslem, Deepest Growth",204,M,Near Mint,6.22,,,,,1,6.22,6.22,6.22,https://user-content.cardcastle.co/uploads/card_user/scanned_image/20df22fd-725e-4673-986d-0a28527f1c10.jpg,,,,80326,,
7688213,Magic,Murders at Karlov Manor,Archdruid's Charm,151,R,Near Mint,6.72,,,,,1,6.72,6.72,6.72,https://user-content.cardcastle.co/uploads/card_user/scanned_image/e2d63550-07f6-4a19-a970-ebc97263e440.jpg,,,,80326,,
7179826,Magic,Universes Beyond: The Lord of the Rings: Tales of Middle-earth,"Galadriel, Gift-Giver",296,R,Near Mint,6.4,,,,,1,6.4,6.4,6.4,https://user-content.cardcastle.co/uploads/card_user/scanned_image/2f8cfcb4-8eef-4271-b0fc-7a34c4d7b915.jpg,,,,80326,,
9005641,Magic,Avatar: The Last Airbender,The Legend of Kyoshi,186,M,Near Mint,5.66,,,,,1,5.66,5.66,5.66,https://user-content.cardcastle.co/uploads/card_user/scanned_image/3ae5ded7-b932-41e7-92a9-da00d9b5a3cb.jpg,$12.50,In store,8/21/2026,80326,,9.67
,Magic,Commander Legends: Battle for Baldur's Gate,"Jaheira, Friend of the Forest",518,R,Near Mint Foil,,,,,,1,,0,,https://user-content.cardcastle.co/uploads/card_user/scanned_image/e0bc609b-1332-472c-9d8a-df941061c375.jpg,,,,80326,,
4550243,Magic,Zendikar Rising,Bala Ged Recovery,180,U,Near Mint,6.08,,,,,1,6.08,6.08,6.08,https://user-content.cardcastle.co/uploads/card_user/scanned_image/83f591aa-1588-42b5-89a5-eb67a1884a7c.jpg,,,,80326,,
6933743,Magic,Phyrexia: All Will Be One,Tyrranax Rex,189,M,Near Mint,5.9,,,,,1,5.9,5.9,5.9,https://user-content.cardcastle.co/uploads/card_user/scanned_image/77a6baac-4b56-4c18-9825-9009478e3793.jpg,,,,80326,,
25610,Magic,Coldsnap,Boreal Druid,105,C,Near Mint,5.8,,,,,1,5.8,5.8,5.8,https://user-content.cardcastle.co/uploads/card_user/scanned_image/69e6e25b-6e43-4c1f-be81-1f2e970a1f90.jpg,,,,80326,,
7957619,Magic,Commander: Modern Horizons 3,Ramunap Excavator,241,R,Near Mint,5.17,,,,,1,5.17,5.17,5.17,https://user-content.cardcastle.co/uploads/card_user/scanned_image/c2f02590-310f-4d46-8722-ff9a88dc0e01.jpg,,,,80326,,
9067769,Magic,Special Guests,Helix Pinnacle (Borderless),139,M,Near Mint,6.71,,,,,1,6.71,6.71,6.71,https://user-content.cardcastle.co/uploads/card_user/scanned_image/aacdd5f5-105f-4f59-b4af-2f87ac866740.jpg,,,,80326,,
6935149,Magic,Phyrexia: All Will Be One,Conduit of Worlds,163,R,Near Mint,3.17,,,,,1,3.17,3.17,3.17,https://user-content.cardcastle.co/uploads/card_user/scanned_image/1d6eee0e-5325-40d7-b7e7-f823c02da4f4.jpg,,,,80326,,
371606,Magic,Odyssey,Krosan Beast,248,R,Lightly Played,5.08,,,,,1,5.08,5.08,5.08,https://user-content.cardcastle.co/uploads/card_user/scanned_image/545bdbda-7bfc-407c-ab78-087de055d1fa.jpg,,,,80326,,
7782175,Magic,Universes Beyond: Fallout,Hardened Scales,200,R,Near Mint,3.99,,,,,1,3.99,3.99,3.99,https://user-content.cardcastle.co/uploads/card_user/scanned_image/b32a88cd-b122-415b-9de4-fc66cdd763ac.jpg,,,,80326,,
9009327,Magic,Avatar: The Last Airbender: Eternal-Legal,Elemental Bond (Borderless),40,M,Near Mint,4.67,,,,,1,4.67,4.67,4.67,https://user-content.cardcastle.co/uploads/card_user/scanned_image/22904593-1918-4698-83a2-2e7f9f87ea5c.jpg,,,,80326,,
7208726,Magic,Commander: The Lord of the Rings: Tales of Middle-earth,Asceticism,233,R,Near Mint,6.29,,,,,1,6.29,6.29,6.29,https://user-content.cardcastle.co/uploads/card_user/scanned_image/8c7f0558-fa49-46e6-a7f1-1ba0271129d9.jpg,,,,80326,,
8911691,Magic,Marvel Universe Eternal-Legal,"Master Weaver, Web Protector - Arasta of the Endless Web (Borderless)",32,M,Near Mint,3.37,,,,,1,3.37,3.37,3.37,https://user-content.cardcastle.co/uploads/card_user/scanned_image/fb1c83b3-7a1f-4ba5-8a32-6e94530fbf08.jpg,,,,80326,,
8060139,Magic,Commander: Bloomburrow,Beastmaster Ascension,118,R,Near Mint,5.55,,,,,1,5.55,5.55,5.55,https://user-content.cardcastle.co/uploads/card_user/scanned_image/767ebffc-33c1-41f7-a3d6-bd37dcba4489.jpg,,,,80326,,
3043897,Magic,Oath of the Gatewatch,Zendikar Resurgent,147,R,Near Mint,2.47,,,,,1,2.47,2.47,2.47,https://user-content.cardcastle.co/uploads/card_user/scanned_image/e5a3a6c4-5670-460a-8f45-8bee27055a53.jpg,,,,80326,,
6699131,Magic,The Brothers' War,Fauna Shaman,179,R,Near Mint,3.3,,,,,1,3.3,3.3,3.3,https://user-content.cardcastle.co/uploads/card_user/scanned_image/7c03e6ef-4d84-4e2f-85f1-ed26a5a2f7e8.jpg,,Online,,80326,$3.30,1.65
8993833,Magic,Avatar: The Last Airbender,The Earth King (Showcase),344,R,Near Mint Foil,3.56,,,,,1,3.56,3.56,3.56,https://user-content.cardcastle.co/uploads/card_user/scanned_image/9e911856-7ed8-49ec-805d-b951e379ee28.jpg,,,,80326,,
7688538,Magic,Murders at Karlov Manor,Slime Against Humanity,177,C,Near Mint Foil,2.04,,,,,1,2.04,2.04,2.04,https://user-content.cardcastle.co/uploads/card_user/scanned_image/fb311bad-5073-4ccf-bf6e-8315087bfb90.jpg,,,,80326,,
7688533,Magic,Murders at Karlov Manor,Slime Against Humanity,177,C,Near Mint,1.82,,,,,16,1.82,29.12,1.82,https://user-content.cardcastle.co/uploads/card_user/scanned_image/0fc8a104-c843-4f37-addd-5a06ed90399d.jpg,,,,80326,,
7381959,Magic,The List Reprints,Return of the Wildspeaker,ELD-172,R,Near Mint,1.87,,,,,3,1.87,5.61,1.87,https://user-content.cardcastle.co/uploads/card_user/scanned_image/14282ac6-2541-4a36-a707-cbc055e2aeff.jpg,,,,80326,,
7141957,Magic,March of the Machine: The Aftermath,Tranquil Frillback,24,R,Near Mint,1.22,,,,,2,1.22,2.44,1.22,https://user-content.cardcastle.co/uploads/card_user/scanned_image/167a373c-064d-4090-af61-393591c71c4b.jpg,,,,80326,,
7961732,Magic,Commander: Modern Horizons 3,Mana Reflection,237,R,Near Mint,1.16,,,,,2,1.16,2.32,1.16,https://user-content.cardcastle.co/uploads/card_user/scanned_image/e60cffdc-acb5-4d31-852a-594974d07981.jpg,,,,80326,,
4883048,Magic,Strixhaven: Mystical Archive,Krosan Grip,53,R,Near Mint,1.76,,,,,1,1.76,1.76,1.76,https://user-content.cardcastle.co/uploads/card_user/scanned_image/cd1d2f5b-8722-4153-97a8-83c8680e4efd.jpg,,,,80326,,
7933484,Magic,Commander: Modern Horizons 3,Apex Devastator,220,M,Near Mint,6.29,,,,,1,6.29,6.29,6.29,https://user-content.cardcastle.co/uploads/card_user/scanned_image/618daaae-8e7a-4d77-8f8e-1afc146b506e.jpg,,,,80326,,
8053409,Magic,Commander: Bloomburrow,Kodama of the East Tree,227,R,Near Mint,3.4,,,,,1,3.4,3.4,3.4,https://user-content.cardcastle.co/uploads/card_user/scanned_image/2b8382be-6ed7-4260-9212-77c1da738a62.jpg,,,,80326,,
8055967,Magic,Commander: Bloomburrow,Unnatural Growth,245,R,Near Mint,4.35,,,,,1,4.35,4.35,4.35,https://user-content.cardcastle.co/uploads/card_user/scanned_image/59fbb692-0bb1-4c50-92a9-49985f844706.jpg,,,,80326,,
8056117,Magic,Commander: Bloomburrow,Greater Good,223,R,Near Mint,4.48,,,,,1,4.48,4.48,4.48,https://user-content.cardcastle.co/uploads/card_user/scanned_image/a8ed361b-6f50-4f49-9d85-bdc3ae6d5bfd.jpg,,,,80326,,
4993915,Magic,Modern Horizons 2,Ignoble Hierarch (Retro Frame),414,R,Near Mint,4.58,,,,,1,4.58,4.58,4.58,https://user-content.cardcastle.co/uploads/card_user/scanned_image/f734e26e-b3a2-47ef-931c-4e0cad637bfe.jpg,,,,80326,,
8054459,Magic,Commander: Bloomburrow,"Goreclaw, Terror of Qal Sisma",222,R,Near Mint,1.31,,,,,1,1.31,1.31,1.31,https://user-content.cardcastle.co/uploads/card_user/scanned_image/b195c521-1938-474b-90b5-de2b1c3adf6e.jpg,,,,80326,,
8053959,Magic,Commander: Bloomburrow,Tendershoot Dryad,242,R,Near Mint,1.97,,,,,1,1.97,1.97,1.97,https://user-content.cardcastle.co/uploads/card_user/scanned_image/af7d77dd-2b3d-4ae2-88d7-c0596ddf4027.jpg,,,,80326,,
3372229,Magic,Commander Anthology,Overwhelming Stampede,131,R,Near Mint,2.19,,,,,1,2.19,2.19,2.19,https://user-content.cardcastle.co/uploads/card_user/scanned_image/1c5fdec5-90f7-4e87-b445-8ad75121f236.jpg,,,,80326,,
936900,Magic,Magic 2013 (M13),Elderscale Wurm,167,M,Near Mint,2.91,,,,,1,2.91,2.91,2.91,https://user-content.cardcastle.co/uploads/card_user/scanned_image/77a43b0b-fe59-4caa-bffd-ef4ca5727949.jpg,,,,80326,,
8563440,Magic,Prerelease Cards,Regal Imperiosaur,177s,R,Near Mint Foil,1.23,,,,,1,1.23,1.23,1.23,https://user-content.cardcastle.co/uploads/card_user/scanned_image/8864f1c9-fa8b-44c7-9bee-23f794423116.jpg,,,,80326,,
9235199,Magic,Secrets of Strixhaven,Planar Engineering,158,R,Near Mint,1.42,,,,,1,1.42,1.42,1.42,https://user-content.cardcastle.co/uploads/card_user/scanned_image/b9edfc54-6b47-4752-a29d-e5407883c50c.jpg,,,,80326,,
8024411,Magic,Bloomburrow,Thornvault Forager,197,R,Near Mint,4.03,,,,,1,4.03,4.03,4.03,https://user-content.cardcastle.co/uploads/card_user/scanned_image/9e467bcf-ae1b-42f1-a1a7-8e57374dc2db.jpg,,,,80326,,
7857252,Magic,Commander: Outlaws of Thunder Junction,Savvy Trader,33,R,Near Mint,4.29,,,,,1,4.29,4.29,4.29,https://user-content.cardcastle.co/uploads/card_user/scanned_image/c35613cb-38a0-4334-9b50-96bc7dc6be9a.jpg,,,,80326,,
5093729,Magic,Commander: Adventures in the Forgotten Realms,Indomitable Might,40,R,Near Mint,0.73,,,,,1,0.73,0.73,0.73,https://user-content.cardcastle.co/uploads/card_user/scanned_image/62418fb3-d53d-4fe5-86d3-4a972e96db33.jpg,,,,80326,,
7409361,Magic,Promo Pack: Wilds of Eldraine,Bramble Familiar,164p,R,Near Mint,0.65,,,,,1,0.65,0.65,0.65,https://user-content.cardcastle.co/uploads/card_user/scanned_image/1b716b28-6625-4f6e-80d1-9debf7ac8f83.jpg,,,,80326,,
7201150,Magic,Commander: The Lord of the Rings: Tales of Middle-earth,Galadhrim Ambush,38,R,Near Mint,4.97,,,,,1,4.97,4.97,4.97,https://user-content.cardcastle.co/uploads/card_user/scanned_image/bd399099-8385-454e-b447-0a1cbd0fcb4d.jpg,,,,80326,,
7206166,Magic,Commander: The Lord of the Rings: Tales of Middle-earth,Elvish Warmaster,241,R,Near Mint,3.08,,,,,1,3.08,3.08,3.08,https://user-content.cardcastle.co/uploads/card_user/scanned_image/cad83df7-4c63-4caf-95f7-5daf5945f92a.jpg,,,,80326,,
7826162,Magic,Outlaws of Thunder Junction,Outcaster Trailblazer,173,R,Near Mint,1.09,,,,,1,1.09,1.09,1.09,https://user-content.cardcastle.co/uploads/card_user/scanned_image/839f26d7-7a58-4473-852a-a53ef66e1e23.jpg,,,,80326,,
1067905,Magic,Gatecrash,Alpha Authority,114,U,Near Mint,2.38,,,,,1,2.38,2.38,2.38,https://user-content.cardcastle.co/uploads/card_user/scanned_image/27878f5c-ae77-4497-a04c-bca9b6156ca2.jpg,,,,80326,,
7831884,Magic,Outlaws of Thunder Junction,Smuggler's Surprise,180,R,Near Mint,4.23,,,,,2,4.23,8.46,4.23,https://user-content.cardcastle.co/uploads/card_user/scanned_image/dc10a261-b1a5-48c8-9232-a214a34c2ff8.jpg,,,,80326,,
8059214,Magic,Commander: Bloomburrow,Tireless Provisioner,243,U,Near Mint,4.12,,,,,1,4.12,4.12,4.12,https://user-content.cardcastle.co/uploads/card_user/scanned_image/cc5737ac-f4e8-44be-a5ea-ebf1c98fff1b.jpg,$2.43,In store,8/17/2026,80326,,0.37
8993768,Magic,Avatar: The Last Airbender,The Earth King,172,R,Near Mint,1.55,,,,,1,1.55,1.55,1.55,https://user-content.cardcastle.co/uploads/card_user/scanned_image/d9c7d9d8-ee90-4995-a6fb-a0dfbd7ddcab.jpg,,,,80326,,
8042109,Magic,Bloomburrow,Keen-Eyed Curator,181,R,Near Mint,1.74,,,,,2,1.74,3.48,1.74,https://user-content.cardcastle.co/uploads/card_user/scanned_image/960b191c-5577-426c-8755-0f29c5afb3c2.jpg,,,,80326,,
8046010,Magic,Commander: Bloomburrow,Squirrel Mob (Borderless),85,R,Near Mint,7.97,,,,,1,7.97,7.97,7.97,https://user-content.cardcastle.co/uploads/card_user/scanned_image/a3641e3a-881f-4181-a948-01a9e688dc64.jpg,,,,80326,,
3372898,Magic,Archenemy: Nicol Bolas,"Nissa, Worldwaker",68,M,Near Mint,4.62,,,,,1,4.62,4.62,4.62,https://user-content.cardcastle.co/uploads/card_user/scanned_image/bd2bc6b5-242c-43e9-8725-b446ea4d1b98.jpg,,,,80326,,
7553162,Magic,The Lost Caverns of Ixalan,Hulking Raptor (Borderless),327,R,Near Mint,2.64,,,,,1,2.64,2.64,2.64,https://user-content.cardcastle.co/uploads/card_user/scanned_image/6a96453d-168c-4215-aa58-522f6f4576a7.jpg,,,,80326,,
7853257,Magic,Outlaws of Thunder Junction: The Big Score,Bristlebud Farmer,17,M,Near Mint,1.13,,,,,1,1.13,1.13,1.13,https://user-content.cardcastle.co/uploads/card_user/scanned_image/5273d7b9-33ee-470c-b8ac-b6101acbacc2.jpg,,,,80326,,
6934994,Magic,Phyrexia: All Will Be One,Venerated Rotpriest,192,R,Near Mint Foil,3.99,,,,,1,3.99,3.99,3.99,https://user-content.cardcastle.co/uploads/card_user/scanned_image/ceaab12d-8ebc-49b2-876b-b8c26f4a8f78.jpg,,,,80326,,
6934989,Magic,Phyrexia: All Will Be One,Venerated Rotpriest,192,R,Near Mint,2.97,,,,,2,2.97,5.94,2.97,https://user-content.cardcastle.co/uploads/card_user/scanned_image/20e798b6-1340-43f5-94ea-d78d79503737.jpg,,,,80326,,
7785285,Magic,Universes Beyond: Fallout,Watchful Radstag,87,R,Near Mint,1.37,,,,,1,1.37,1.37,1.37,https://user-content.cardcastle.co/uploads/card_user/scanned_image/e29775b6-c005-4740-bad1-eba49ec73a25.jpg,,,,80326,,
6931743,Magic,Phyrexia: All Will Be One,Bloated Contaminator,159,R,Near Mint,3.81,,,,,5,3.81,19.05,3.81,https://user-content.cardcastle.co/uploads/card_user/scanned_image/eec765dd-7db3-4609-85e9-fe91200ced1e.jpg,,,,80326,,
7509734,Magic,The Lost Caverns of Ixalan,Spelunking,213,U,Near Mint,3.77,,,,,3,3.77,11.31,3.77,https://user-content.cardcastle.co/uploads/card_user/scanned_image/1dc6b422-2df3-4927-845f-5d113f1d1d6f.jpg,,,,80326,,
382594,Magic,Worldwake,Canopy Cover,98,U,Near Mint,2.87,,,,,1,2.87,2.87,2.87,https://user-content.cardcastle.co/uploads/card_user/scanned_image/c85ece64-8d2a-440e-b30f-cd504fa7a067.jpg,,,,80326,,
8059489,Magic,Commander: Bloomburrow,Second Harvest,123,R,Near Mint,4.89,,,,,1,4.89,4.89,4.89,https://user-content.cardcastle.co/uploads/card_user/scanned_image/7d93537f-f5f3-409c-8040-f1662309c30c.jpg,,,,80326,,
7364337,Magic,Wilds of Eldraine: Enchanting Tales,Hardened Scales,55,R,Near Mint,4.58,,,,,1,4.58,4.58,4.58,https://user-content.cardcastle.co/uploads/card_user/scanned_image/21b73216-5fa8-4fc5-95a4-9ab2d047a734.jpg,,,,80326,,
7924629,Magic,Modern Horizons 3,Six,169,R,Near Mint,5.52,,,,,1,5.52,5.52,5.52,https://user-content.cardcastle.co/uploads/card_user/scanned_image/595d5322-1c92-4496-900a-41743db4f37c.jpg,,,,80326,,
7848741,Magic,Outlaws of Thunder Junction: The Big Score,Omenpath Journey,18,M,Near Mint,1.87,,,,,1,1.87,1.87,1.87,https://user-content.cardcastle.co/uploads/card_user/scanned_image/94de6963-b363-4213-ae93-326c5b13794d.jpg,,,,80326,,
7200990,Magic,Commander: The Lord of the Rings: Tales of Middle-earth,"Arwen, Weaver of Hope",35,R,Near Mint,3.6,,,,,1,3.6,3.6,3.6,https://user-content.cardcastle.co/uploads/card_user/scanned_image/5074294f-8229-4c1e-87f8-213bc4802d4f.jpg,,Online,,80326,$3.60,1.8
7855662,Magic,Commander: Outlaws of Thunder Junction,Kodama's Reach,196,C,Near Mint,2.15,,,,,1,2.15,2.15,2.15,https://user-content.cardcastle.co/uploads/card_user/scanned_image/faccf7a8-67d9-4d63-891e-0af8836293b9.jpg,,,,80326,,
7855632,Magic,Commander: Outlaws of Thunder Junction,Rampant Growth,201,C,Near Mint,0.81,,,,,1,0.81,0.81,0.81,https://user-content.cardcastle.co/uploads/card_user/scanned_image/8f6ae875-21ed-45df-bd5a-09e62ce2aee6.jpg,$0.81,In store,8/17/2026,80326,,0.405
4587480,Magic,Commander: Zendikar Rising,Abundance,58,R,Near Mint,1.27,,,,,1,1.27,1.27,1.27,https://user-content.cardcastle.co/uploads/card_user/scanned_image/0fd92a45-5a1c-4772-b914-9c75b86d2a97.jpg,,,,80326,,
7379476,Magic,Wilds of Eldraine,Up the Beanstalk,195,U,Near Mint,2.24,,,,,5,2.24,11.2,2.24,https://user-content.cardcastle.co/uploads/card_user/scanned_image/69056f9a-84be-4c58-8472-c38a9825a189.jpg,,,,80326,,
6945350,Magic,Phyrexia: All Will Be One,Tyvar's Stand,190,U,Near Mint,1.11,,,,,4,1.11,4.44,1.11,https://user-content.cardcastle.co/uploads/card_user/scanned_image/3fab68d4-e73b-4a17-a693-13da282fd280.jpg,,,,80326,,
9069314,Magic,Lorwyn Eclipsed,Virulent Emissary,202,U,Near Mint,1.35,,,,,1,1.35,1.35,1.35,https://user-content.cardcastle.co/uploads/card_user/scanned_image/e009e536-29ff-46ce-8bec-43f7c1516233.jpg,,,,80326,,
4270173,Magic,The List Reprints,Zendikar's Roil,ORI-209,U,Near Mint,1.1,,,,,1,1.1,1.1,1.1,https://user-content.cardcastle.co/uploads/card_user/scanned_image/5b468d27-b0a8-468c-93ea-094dfe37bf6f.jpg,,,,80326,,
7199930,Magic,Commander: The Lord of the Rings: Tales of Middle-earth,Tireless Provisioner,262,U,Near Mint,4.4,,,,,1,4.4,4.4,4.4,https://user-content.cardcastle.co/uploads/card_user/scanned_image/5d88c195-036b-4f5c-9338-2c9c6ae88d96.jpg,$2.43,In store,8/17/2026,80326,,0.23
6942316,Magic,Phyrexia: All Will Be One,Unnatural Restoration,191,U,Near Mint,1.24,,,,,1,1.24,1.24,1.24,https://user-content.cardcastle.co/uploads/card_user/scanned_image/5923c536-02d4-4422-a8ad-86207a094995.jpg,,,,80326,,
7779485,Magic,Universes Beyond: Fallout,Glowing One,76,U,Near Mint,2.09,,,,,1,2.09,2.09,2.09,https://user-content.cardcastle.co/uploads/card_user/scanned_image/0caca58e-d58e-4efc-aa17-e0dbabe4b127.jpg,,,,80326,,
4588550,Magic,Commander: Zendikar Rising,Evolution Sage,65,U,Near Mint,2.54,,,,,1,2.54,2.54,2.54,https://user-content.cardcastle.co/uploads/card_user/scanned_image/556cd13d-debb-4d0a-a751-4f78c3cf0d1d.jpg,,,,80326,,
368575,Magic,Tempest,Winter's Grasp,265,U,Lightly Played,2.73,,,,,1,2.73,2.73,2.73,https://user-content.cardcastle.co/uploads/card_user/scanned_image/f3bd43ee-85f2-4b65-97b8-d2a52b3c0413.jpg,,,,80326,,
15814,Magic,Fourth Edition,Channel,236,U,Near Mint,0.33,,,,,2,0.33,0.66,0.33,https://user-content.cardcastle.co/uploads/card_user/scanned_image/17a4e569-6ec6-4341-8b6b-1d95f60f1d14.jpg,,,,80326,,
7935149,Magic,Modern Horizons 3,Disciple of Freyalise,250,U,Near Mint,2.6,,,,,1,2.6,2.6,2.6,https://user-content.cardcastle.co/uploads/card_user/scanned_image/1a44d960-4f29-4ab4-87d7-0c89cafbfaf1.jpg,,Online,,80326,$2.60,1.3
8650685,Magic,Tarkir: Dragonstorm,Dragon Sniper,139,U,Near Mint,1.59,,,,,3,1.59,4.77,1.59,https://user-content.cardcastle.co/uploads/card_user/scanned_image/0664f875-95b4-474f-96b9-dcae443ef289.jpg,,,,80326,,
20700,Magic,Nemesis,Skyshroud Claim,117,C,Near Mint,1.99,,,,,1,1.99,1.99,1.99,https://user-content.cardcastle.co/uploads/card_user/scanned_image/a6e57d7e-ed21-477a-a933-a9b897cccaba.jpg,$1.98,In store,8/17/2026,80326,,0.985
5576553,Magic,Commander: Streets of New Capenna,Boxing Ring (Extended Art),99,R,Near Mint Foil,0.55,,,,,1,0.55,0.55,0.55,https://user-content.cardcastle.co/uploads/card_user/scanned_image/a9f979b7-c28f-4fdb-a786-6dff6e3488bf.jpg,,,,80326,,
3200741,Magic,Kaladesh,"Nissa, Nature's Artisan",270,M,Near Mint Foil,1.18,,,,,1,1.18,1.18,1.18,https://user-content.cardcastle.co/uploads/card_user/scanned_image/a600096e-9a24-43cf-9cf1-f68ed887c061.jpg,,,,80326,,
5626347,Magic,Commander Legends: Battle for Baldur's Gate,Explore the Underdark,232,U,Near Mint Foil,1.13,,,,,1,1.13,1.13,1.13,https://user-content.cardcastle.co/uploads/card_user/scanned_image/a3836ba3-e6d5-4d2c-9069-b571e7a940ef.jpg,,,,80326,,
6734517,Magic,The List Reprints,"Titania, Protector of Argoth",MH2-287,M,Near Mint,1.04,,,,,1,1.04,1.04,1.04,https://user-content.cardcastle.co/uploads/card_user/scanned_image/402d917c-e895-4c44-b62b-17c634ed30fb.jpg,,,,80326,,
8968449,Magic,Secret Lair Drop Series,"Jin Sakai, Ghost of Tsushima",2226,M,Near Mint,115.4,,,,,1,115.4,115.4,115.4,https://user-content.cardcastle.co/uploads/card_user/scanned_image/fc748f30-e53f-49dd-903a-ba4d5dea8eb1.jpg,,,,80326,,
6937834,Magic,Phyrexia: All Will Be One,"Atraxa, Grand Unifier",196,M,Near Mint Foil,18.33,,,,,1,18.33,18.33,18.33,https://user-content.cardcastle.co/uploads/card_user/scanned_image/6586edc7-8272-4d22-bc18-533566a911a9.jpg,,,,80326,,
8024611,Magic,Commander: Bloomburrow,Ms. Bumbleflower (Borderless),3,M,Near Mint,5.51,,,,,1,5.51,5.51,5.51,https://user-content.cardcastle.co/uploads/card_user/scanned_image/af75adfd-615a-4c08-90fa-74d9d6efd012.jpg,,,,80326,,
7028257,Magic,Universes Beyond: The Lord of the Rings: Tales of Middle-earth,"Sauron, the Lidless Eye",288,M,Near Mint Foil,9.02,,,,,1,9.02,9.02,9.02,https://user-content.cardcastle.co/uploads/card_user/scanned_image/98a18339-2c89-4368-bc59-4f3adf60e3dc.jpg,,,,80326,,
7028342,Magic,Universes Beyond: The Lord of the Rings: Tales of Middle-earth,"Aragorn and Arwen, Wed",287,M,Near Mint Foil,10.43,,,,,1,10.43,10.43,10.43,https://user-content.cardcastle.co/uploads/card_user/scanned_image/a57e6f22-5733-412a-8e28-bcf6f7e19245.jpg,,,,80326,,
7100308,Magic,Commander: March of the Machine,The Locust God,335,M,Near Mint,8.49,,,,,1,8.49,8.49,8.49,https://user-content.cardcastle.co/uploads/card_user/scanned_image/b8d41e6a-db43-4971-b52b-16d4be66e004.jpg,,,,80326,,
7565294,Magic,Prerelease Cards,"Gishath, Sun's Avatar (LCI)",229s,M,Near Mint Foil,8.72,,,,,1,8.72,8.72,8.72,https://user-content.cardcastle.co/uploads/card_user/scanned_image/c509ece9-6b2c-4750-a27a-7fa7b11d6774.jpg,,,,80326,,
8096290,Magic,Secret Lair Drop Series,"Omnath, Locus of Creation (Rainbow Foil)",1686,M,Near Mint Foil,4.89,,,,,1,4.89,4.89,4.89,https://user-content.cardcastle.co/uploads/card_user/scanned_image/2f676aad-7bc4-45e0-8c02-63632b7a276e.jpg,,,,80326,,
7782300,Magic,Universes Beyond: Fallout,Mutational Advantage,111,R,Near Mint,6.23,,,,,1,6.23,6.23,6.23,https://user-content.cardcastle.co/uploads/card_user/scanned_image/4b9fa4bb-b19c-491e-80bc-f6566678fa0d.jpg,,,,80326,,
7854972,Magic,Commander: Outlaws of Thunder Junction,Silent-Blade Oni,241,R,Near Mint,6.27,,,,,1,6.27,6.27,6.27,https://user-content.cardcastle.co/uploads/card_user/scanned_image/5b6a7194-7de7-4223-b6ba-eb746bf73a27.jpg,,,,80326,,
7758036,Magic,Universes Beyond: Fallout,Agent Frank Horrigan,89,R,Near Mint,5.5,,,,,1,5.5,5.5,5.5,https://user-content.cardcastle.co/uploads/card_user/scanned_image/03677ed9-47cd-4e54-b69a-a770d7ee863c.jpg,,,,80326,,
7832494,Magic,Outlaws of Thunder Junction,"Kambal, Profiteering Mayor",211,R,Near Mint,4.93,,,,,1,4.93,4.93,4.93,https://user-content.cardcastle.co/uploads/card_user/scanned_image/95caa5a0-d5d8-47bc-830f-41da828f3476.jpg,,,,80326,,
367058,Magic,Alliances,Lim-Dul's Vault,107,U,Lightly Played,4.08,,,,,1,4.08,4.08,4.08,https://user-content.cardcastle.co/uploads/card_user/scanned_image/f4cbcc27-1ad2-4dfc-80ef-8349c44f23ef.jpg,,,,80326,,
8883745,Magic,Avatar: The Last Airbender,Avatar Aang,207,M,Near Mint,3.12,,,,,2,3.12,6.24,3.12,https://user-content.cardcastle.co/uploads/card_user/scanned_image/5d79d6ee-3e72-42ad-a1de-275a88b07c78.jpg,,,,80326,,
367834,Magic,Mirage,Delirium,260,U,Lightly Played,1.68,,,,,1,1.68,1.68,1.68,https://user-content.cardcastle.co/uploads/card_user/scanned_image/1b73230e-1279-4b6e-91a9-cf5a90ea8edb.jpg,,,,80326,,
7957819,Magic,Commander: Modern Horizons 3,"Uro, Titan of Nature's Wrath",277,M,Near Mint,2.63,,,,,2,2.63,5.26,2.63,https://user-content.cardcastle.co/uploads/card_user/scanned_image/c200e351-31af-4ffd-89d2-051f09f8774f.jpg,,,,80326,,
6647113,Magic,Universes Beyond: Transformers,"Megatron, Tyrant",12,M,Near Mint,2.04,,,,,1,2.04,2.04,2.04,https://user-content.cardcastle.co/uploads/card_user/scanned_image/935b2cfc-1ee0-41c4-ba87-b48e8e19449b.jpg,,,,80326,,
8036351,Magic,Bloomburrow,The Infamous Cruelclaw,219,M,Near Mint Foil,2.14,,,,,1,2.14,2.14,2.14,https://user-content.cardcastle.co/uploads/card_user/scanned_image/0441e98f-19e0-41b3-afd3-cf76e6bf4b56.jpg,,,,80326,,
7702807,Magic,Murders at Karlov Manor,Insidious Roots,208,U,Near Mint,1.3,,,,,2,1.3,2.6,1.3,https://user-content.cardcastle.co/uploads/card_user/scanned_image/687eb4b2-8fcb-413a-8972-7cfb24da045e.jpg,,,,80326,,
6931823,Magic,Phyrexia: All Will Be One,Glissa Sunslayer (Showcase),318,R,Near Mint,2.02,,,,,1,2.02,2.02,2.02,https://user-content.cardcastle.co/uploads/card_user/scanned_image/a3c0007f-2f46-4aef-8756-b7439872bb74.jpg,,,,80326,,
5153878,Magic,AFR Ampersand Promos,Rogue Class,230a,R,Near Mint Foil,15.18,,,,,1,15.18,15.18,15.18,https://user-content.cardcastle.co/uploads/card_user/scanned_image/178dd35e-1cf9-4c67-affa-ae96b7a27c35.jpg,,,,80326,,
8028321,Magic,Bloomburrow,"Hugs, Grisly Guardian (Showcase)",333,M,Near Mint,1.95,,,,,1,1.95,1.95,1.95,https://user-content.cardcastle.co/uploads/card_user/scanned_image/967582d3-d94e-4940-bc3b-90cf057622df.jpg,,,,80326,,
8827134,Magic,Edge of Eternities,Pinnacle Emissary,223,R,Near Mint,1.14,,,,,1,1.14,1.14,1.14,https://user-content.cardcastle.co/uploads/card_user/scanned_image/66aadb62-9327-4ac5-aac0-cf64a2df6fcc.jpg,,,,80326,,
9231320,Magic,Secrets of Strixhaven,Traumatic Critique,239,R,Near Mint,0.44,,,,,2,0.44,0.88,0.44,https://user-content.cardcastle.co/uploads/card_user/scanned_image/130c10b4-1dd2-40f7-a3ce-c93108cd77c7.jpg,,,,80326,,
9010437,Magic,Avatar: The Last Airbender,"Zuko, Conflicted (Borderless)",302,R,Near Mint,0.8,,,,,1,0.8,0.8,0.8,https://user-content.cardcastle.co/uploads/card_user/scanned_image/105a8d06-8053-4744-80c5-85da148f9523.jpg,,,,80326,,
7116493,Magic,Prerelease Cards,Hidetsugu and Kairi,228s,R,Near Mint Foil,1.15,,,,,1,1.15,1.15,1.15,https://user-content.cardcastle.co/uploads/card_user/scanned_image/9ab42128-6a67-4ab7-aeb7-840dd85098a6.jpg,,,,80326,,
7355287,Magic,Wilds of Eldraine,Agatha of the Vile Cauldron,199,M,Near Mint Foil,1.91,,,,,1,1.91,1.91,1.91,https://user-content.cardcastle.co/uploads/card_user/scanned_image/ac5d97f9-5957-495c-88eb-75273535cc0a.jpg,,,,80326,,
9207492,Magic,Secrets of Strixhaven,Witherbloom Charm,244,U,Near Mint,0.33,,,,,1,0.33,0.33,0.33,https://user-content.cardcastle.co/uploads/card_user/scanned_image/980b4fac-80c9-487d-bd18-1c49f8b93265.jpg,,,,80326,,
8951084,Magic,Lorwyn Eclipsed,Emptiness,222,M,Near Mint,0.78,,,,,1,0.78,0.78,0.78,https://user-content.cardcastle.co/uploads/card_user/scanned_image/678e3b1a-f37d-4645-9693-c2815e0e9044.jpg,,,,80326,,
7054253,Magic,March of the Machine,Kogla and Yidaro,244,R,Near Mint,2.52,,,,,1,2.52,2.52,2.52,https://user-content.cardcastle.co/uploads/card_user/scanned_image/9366d42e-efa3-4577-9d92-e9de8bb7826d.jpg,,Online,,80326,$2.52,1.26
8021819,Magic,Bloomburrow,"Glarb, Calamity's Augur",215,M,Near Mint,3.68,,,,,1,3.68,3.68,3.68,https://user-content.cardcastle.co/uploads/card_user/scanned_image/f44ac1c2-63fd-4fec-922a-a39e31e9b39e.jpg,,,,80326,,
4979855,Magic,Modern Horizons 2,Sterling Grove,293,R,Near Mint,3.43,,,,,1,3.43,3.43,3.43,https://user-content.cardcastle.co/uploads/card_user/scanned_image/2f986f9f-56c0-4db8-a436-48b343eed7df.jpg,,,,80326,,
7542057,Magic,The Lost Caverns of Ixalan,"Anim Pakal, Thousandth Moon",223,R,Near Mint,5.6,,,,,1,5.6,5.6,5.6,https://user-content.cardcastle.co/uploads/card_user/scanned_image/2cd81e1f-f344-49d1-9313-da36b6b46a75.jpg,,,,80326,,
7604594,Magic,Ravnica Remastered,Master of Cruelties,198,M,Near Mint,6.17,,,,,1,6.17,6.17,6.17,https://user-content.cardcastle.co/uploads/card_user/scanned_image/5428f893-7526-4bc2-a590-dab4ac82bbd5.jpg,,,,80326,,
7228269,Magic,Commander: The Lord of the Rings: Tales of Middle-earth,Forth Eorlingas!,56,R,Near Mint,3.59,,,,,1,3.59,3.59,3.59,https://user-content.cardcastle.co/uploads/card_user/scanned_image/39fac86f-071c-4973-95d7-39943bd48381.jpg,,,,80326,,
8698030,Magic,FINAL FANTASY,"Cid, Timeless Artificer (0410)",410,U,Near Mint,2.94,,,,,1,2.94,2.94,2.94,https://user-content.cardcastle.co/uploads/card_user/scanned_image/1914ff26-19b0-428a-84c3-9f3cc84ba4af.jpg,,,,80326,,
368692,Magic,Visions,Righteous War,134,R,Lightly Played,1.28,,,,,1,1.28,1.28,1.28,https://user-content.cardcastle.co/uploads/card_user/scanned_image/0e9eb08c-c2b7-4cc0-a4ef-7775ce6bd374.jpg,,,,80326,,
8612039,Magic,Tarkir: Dragonstorm,Frostcliff Siege,187,R,Near Mint,2.16,,,,,1,2.16,2.16,2.16,https://user-content.cardcastle.co/uploads/card_user/scanned_image/0656a95c-ceb8-4e4b-9a32-50f299112f56.jpg,,,,80326,,
1253842,Magic,Khans of Tarkir,Temur Ascendancy,207,R,Near Mint,3.17,,,,,1,3.17,3.17,3.17,https://user-content.cardcastle.co/uploads/card_user/scanned_image/ee1fe27e-b8d1-4a17-bd49-4e67a0bd2dba.jpg,,,,80326,,
8080316,Magic,Buy-A-Box Promos,"Flubs, the Fool (Extended Art)",356,M,Near Mint,2.43,,,,,1,2.43,2.43,2.43,https://user-content.cardcastle.co/uploads/card_user/scanned_image/b7809369-b759-457f-9e7b-4fb2ffbe60a0.jpg,,,,80326,,
7781950,Magic,Universes Beyond: Fallout,Corpsejack Menace,214,U,Near Mint,1.49,,,,,1,1.49,1.49,1.49,https://user-content.cardcastle.co/uploads/card_user/scanned_image/c787b42b-2a3d-414e-82b7-08daf28149d1.jpg,,,,80326,,
6990366,Magic,Commander: Phyrexia: All Will Be One,"Neyali, Suns' Vanguard",2,M,Near Mint,2.68,,,,,1,2.68,2.68,2.68,https://user-content.cardcastle.co/uploads/card_user/scanned_image/229771c3-a405-47fd-bdd1-f51e6d70da9f.jpg,,,,80326,,
7854642,Magic,Commander: Outlaws of Thunder Junction,Felix Five-Boots,6,M,Near Mint Foil,4.67,,,,,1,4.67,4.67,4.67,https://user-content.cardcastle.co/uploads/card_user/scanned_image/9347f2a5-291d-4109-81d7-fc652f129e43.jpg,,,,80326,,
8025601,Magic,Bloomburrow,Stormcatch Mentor,234,U,Near Mint,0.26,,,,,1,0.26,0.26,0.26,https://user-content.cardcastle.co/uploads/card_user/scanned_image/553caaa1-12d6-4d6b-9f81-9c949de1935e.jpg,,,,80326,,
5607973,Magic,Commander Legends: Battle for Baldur's Gate,"Mahadi, Emporium Master",282,U,Near Mint,1.72,,,,,1,1.72,1.72,1.72,https://user-content.cardcastle.co/uploads/card_user/scanned_image/6d4ebe24-40e3-4f19-b3a9-0fea64db1e8f.jpg,,Online,,80326,$1.72,0.86
8161374,Magic,Duskmourn: House of Horror,The Jolly Balloon Man (Showcase),359,R,Near Mint,1.17,,,,,1,1.17,1.17,1.17,https://user-content.cardcastle.co/uploads/card_user/scanned_image/a9f3ffc7-b044-4345-bc0a-82f0f0d1147b.jpg,,Online,,80326,$1.17,0.585
5768051,Magic,Dominaria United,"Elas il-Kor, Sadistic Pilgrim",198,U,Near Mint,2.53,,,,,1,2.53,2.53,2.53,https://user-content.cardcastle.co/uploads/card_user/scanned_image/20ce6348-3e5f-46cc-a15f-a91664649730.jpg,,,,80326,,
7008739,Magic,Prerelease Cards,Goro-Goro and Satoru,445,M,Near Mint,1.7,,,,,2,1.7,3.4,1.7,https://user-content.cardcastle.co/uploads/card_user/scanned_image/85a84d3e-1544-4283-a531-8266b3492d4e.jpg,,,,80326,,
7201891,Magic,Commander: The Lord of the Rings: Tales of Middle-earth,Lord of the Nazgul,60,R,Near Mint,3.24,,,,,1,3.24,3.24,3.24,https://user-content.cardcastle.co/uploads/card_user/scanned_image/5d41a806-dc61-4de2-9204-0c78af4878ea.jpg,,,,80326,,
8024566,Magic,Commander: Bloomburrow,Hazel of the Rootbloom (Borderless),2,M,Near Mint Foil,1.68,,,,,1,1.68,1.68,1.68,https://user-content.cardcastle.co/uploads/card_user/scanned_image/f275fb53-ceae-4572-a350-b286f81b5a72.jpg,,,,80326,,
7490354,Magic,Universes Beyond: Fallout,The Wise Mothman,4,M,Near Mint Foil,2.22,,,,,1,2.22,2.22,2.22,https://user-content.cardcastle.co/uploads/card_user/scanned_image/1967e72a-c13b-44ec-955c-c71ea6ad2c84.jpg,$10.00,In store,8/22/2026,80326,,8.89
7822048,Magic,Commander: Outlaws of Thunder Junction,"Gonti, Canny Acquisitor (Borderless)",1,M,Near Mint Foil,1.66,,,,,1,1.66,1.66,1.66,https://user-content.cardcastle.co/uploads/card_user/scanned_image/01f2e91c-ead2-44bd-9c30-77f642f917d0.jpg,,,,80326,,
7525533,Magic,The Lost Caverns of Ixalan,The Ancient One,222,M,Near Mint,2.08,,,,,1,2.08,2.08,2.08,https://user-content.cardcastle.co/uploads/card_user/scanned_image/1ffcbe06-9f61-496f-9a16-f2e69fddc8a7.jpg,,,,80326,,
7855032,Magic,Commander: Outlaws of Thunder Junction,"Edric, Spymaster of Trest",221,R,Near Mint,2.84,,,,,1,2.84,2.84,2.84,https://user-content.cardcastle.co/uploads/card_user/scanned_image/260d70ee-8525-47d9-99e7-e3adc934c23f.jpg,,,,80326,,
335337,Magic,Legends,Marhault Elsdragon,244,U,Moderately Played,0.88,,,,,1,0.88,0.88,0.88,https://user-content.cardcastle.co/uploads/card_user/scanned_image/4827b53b-02ef-4a77-8581-e32e1104eaee.jpg,,,,80326,,
7046316,Magic,March of the Machine,Zurgo and Ojutai,258,M,Near Mint,1.41,,,,,1,1.41,1.41,1.41,https://user-content.cardcastle.co/uploads/card_user/scanned_image/1f335a7e-13c5-4ad3-a22d-28b6b4213293.jpg,,,,80326,,
8339095,Magic,Foundations,"Lathril, Blade of the Elves",242,R,Near Mint,1.26,,,,,1,1.26,1.26,1.26,https://user-content.cardcastle.co/uploads/card_user/scanned_image/168b46aa-e421-4cd0-a704-a8f29245fa17.jpg,,,,80326,,
7528653,Magic,The Lost Caverns of Ixalan,"Kutzil, Malamet Exemplar",232,U,Near Mint,4.52,,,,,1,4.52,4.52,4.52,https://user-content.cardcastle.co/uploads/card_user/scanned_image/1be8216f-a047-4cf6-adae-6f168135628c.jpg,,,,80326,,
7206566,Magic,Commander: The Lord of the Rings: Tales of Middle-earth,Farmer Cotton,55,R,Near Mint,1.49,,,,,1,1.49,1.49,1.49,https://user-content.cardcastle.co/uploads/card_user/scanned_image/5beab226-8297-4f35-ade2-b779878f2858.jpg,,,,80326,,
4587545,Magic,Commander: Zendikar Rising,"Omnath, Locus of Rage",97,M,Near Mint,0.98,,,,,1,0.98,0.98,0.98,https://user-content.cardcastle.co/uploads/card_user/scanned_image/f4a76451-ab37-407d-967d-f4d606d70ea1.jpg,,,,80326,,
7472390,Magic,Universes Beyond: Doctor Who,Sergeant John Benton,157,R,Near Mint,1.56,,,,,1,1.56,1.56,1.56,https://user-content.cardcastle.co/uploads/card_user/scanned_image/f2d95f19-27aa-4a9d-8e65-5b8d79c7f29d.jpg,,,,80326,,
7210381,Magic,Commander: The Lord of the Rings: Tales of Middle-earth,"Treebeard, Gracious Host",73,R,Near Mint,1.98,,,,,1,1.98,1.98,1.98,https://user-content.cardcastle.co/uploads/card_user/scanned_image/38fe24af-da57-40be-918b-5993cb45dede.jpg,,,,80326,,
7200020,Magic,Commander: The Lord of the Rings: Tales of Middle-earth,Anguished Unmaking,265,R,Near Mint,1.78,,,,,1,1.78,1.78,1.78,https://user-content.cardcastle.co/uploads/card_user/scanned_image/902d37b0-8b06-474e-9f34-1b6cb4fa8e62.jpg,,,,80326,,
7043466,Magic,March of the Machine,Invasion of New Phyrexia,239,M,Near Mint,1.22,,,,,1,1.22,1.22,1.22,https://user-content.cardcastle.co/uploads/card_user/scanned_image/e282796e-6c6f-4652-9ec3-add5dd05b1f5.jpg,,,,80326,,
7844880,Magic,Outlaws of Thunder Junction: Breaking News,Abrupt Decay,34,R,Near Mint,1.87,,,,,1,1.87,1.87,1.87,https://user-content.cardcastle.co/uploads/card_user/scanned_image/07f31a4d-a541-45ff-8603-a63d8e1238cc.jpg,,,,80326,,
9006653,Magic,Avatar: The Last Airbender,"Toph, Hardheaded Teacher",246,R,Near Mint,0.89,,,,,2,0.89,1.78,0.89,https://user-content.cardcastle.co/uploads/card_user/scanned_image/f91cc82b-fbd0-4c5d-bc12-971e17fe0193.jpg,,,,80326,,
4422918,Magic,Promo Pack: Ikoria,"Rielle, the Everwise",203p,M,Near Mint,5.35,,,,,1,5.35,5.35,5.35,https://user-content.cardcastle.co/uploads/card_user/scanned_image/20c51fdc-4f4f-458e-a823-f92db67e9850.jpg,,,,80326,,
5682778,Magic,The List Reprints,Shield of the Oversoul,SHM-242,C,Near Mint,1.75,,,,,1,1.75,1.75,1.75,https://user-content.cardcastle.co/uploads/card_user/scanned_image/03f74dd0-1815-457e-9ce7-3a44cced9845.jpg,,,,80326,,
5707600,Magic,Double Masters 2022,"Uril, the Miststalker",290,M,Near Mint,1.12,,,,,1,1.12,1.12,1.12,https://user-content.cardcastle.co/uploads/card_user/scanned_image/727ad94a-ac2a-4ae7-9aee-fc0d2d1bf9c6.jpg,,,,80326,,
7855572,Magic,Commander: Outlaws of Thunder Junction,Culling Ritual,219,R,Near Mint,1.96,,,,,1,1.96,1.96,1.96,https://user-content.cardcastle.co/uploads/card_user/scanned_image/847a31a0-e00f-42f2-9cb2-9ff53940e6e9.jpg,,,,80326,,
8979192,Magic,Avatar: The Last Airbender,"Iroh, Grand Lotus (Showcase)",349,R,Near Mint,2.88,,,,,1,2.88,2.88,2.88,https://user-content.cardcastle.co/uploads/card_user/scanned_image/f19de1b3-79bb-4e5a-b371-df8ae8d0dfd8.jpg,,,,80326,,
9208672,Magic,Commander: Secrets of Strixhaven,"Zimone, Infinite Analyst (Borderless)",10,M,Near Mint,0.93,,,,,1,0.93,0.93,0.93,https://user-content.cardcastle.co/uploads/card_user/scanned_image/1b6a97a0-4af1-4a8f-89ef-9e488584046f.jpg,,,,80326,,
4280457,Magic,Secret Lair Drop Series,"Ajani, the Greathearted (Stained Glass)",520,R,Near Mint Foil,1.58,,,,,1,1.58,1.58,1.58,https://user-content.cardcastle.co/uploads/card_user/scanned_image/e6a51982-2530-449c-a279-3144934ae88f.jpg,,,,80326,,
3989556,Magic,War of the Spark,"Ajani, the Greathearted",184,R,Near Mint,1.1,,,,,1,1.1,1.1,1.1,https://user-content.cardcastle.co/uploads/card_user/scanned_image/353d3319-5c19-423a-bffc-901445bfe5fa.jpg,,,,80326,,
7855152,Magic,Commander: Outlaws of Thunder Junction,Baleful Strix,215,R,Near Mint,3.76,,,,,1,3.76,3.76,3.76,https://user-content.cardcastle.co/uploads/card_user/scanned_image/49bba4d6-f1f8-44c2-9670-9b389644bb94.jpg,$4.00,In store,8/15/2026,80326,,2.12
7490144,Magic,Universes Beyond: Fallout,Alpha Deathclaw,91,R,Near Mint,2.69,,,,,1,2.69,2.69,2.69,https://user-content.cardcastle.co/uploads/card_user/scanned_image/b0f4cdfc-55db-47be-bb47-e339309b1428.jpg,,,,80326,,
7703462,Magic,Murders at Karlov Manor,Insidious Roots (Showcase),313,U,Near Mint,1.16,,,,,1,1.16,1.16,1.16,https://user-content.cardcastle.co/uploads/card_user/scanned_image/40dd89d6-8576-4fec-a5fe-d0c6a9f4f477.jpg,,,,80326,,
334753,Magic,Antiquities,Ashnod's Altar,38,U,Moderately Played,24.66,,,,,1,24.66,24.66,24.66,https://user-content.cardcastle.co/uploads/card_user/scanned_image/fe86aaae-7910-4850-b067-7ab4dea126cc.jpg,,,,80326,,
9064203,Magic,Lorwyn Eclipsed,Chronicle of Victory,253,M,Near Mint,19.69,,,,,1,19.69,19.69,19.69,https://user-content.cardcastle.co/uploads/card_user/scanned_image/71fae426-a763-46e8-a783-1b68c8c70f85.jpg,,,,80326,,
7217199,Magic,Universes Beyond: The Lord of the Rings: Tales of Middle-earth,Bilbo's Ring,298,R,Near Mint,14.62,,,,,1,14.62,14.62,14.62,https://user-content.cardcastle.co/uploads/card_user/scanned_image/1f8a1560-545a-4379-ab9f-46b6e23d920c.jpg,,,,80326,,
8953357,Magic,Secret Lair Drop Series,Spellskite (2325),2325,R,Near Mint,14.61,,,,,1,14.61,14.61,14.61,https://user-content.cardcastle.co/uploads/card_user/scanned_image/410f5c77-2dc8-4e9b-8f6f-2cc729ce3225.jpg,,,,80326,,
9209472,Magic,Commander: Secrets of Strixhaven,Talisman of Creativity (Borderless),429,M,Near Mint Foil,8.66,,,,,1,8.66,8.66,8.66,https://user-content.cardcastle.co/uploads/card_user/scanned_image/65e41735-93d4-47e3-b0cb-72642a97dc50.jpg,,Online,,80326,$8.93,4.6
367564,Magic,Ice Age,Jeweled Amulet,326,U,Lightly Played,4.72,,,,,1,4.72,4.72,4.72,https://user-content.cardcastle.co/uploads/card_user/scanned_image/2c4ea8e7-341a-4d68-ac58-0b21dfe18f6a.jpg,,,,80326,,
367734,Magic,Ice Age,Urza's Bauble,343,U,Lightly Played,7.49,,,,,1,7.49,7.49,7.49,https://user-content.cardcastle.co/uploads/card_user/scanned_image/499b87e9-6221-478c-8b25-0b381e910009.jpg,,,,80326,,
3200459,Magic,Kaladesh,Panharmonicon,226,R,Near Mint,5.84,,,,,1,5.84,5.84,5.84,https://user-content.cardcastle.co/uploads/card_user/scanned_image/e44ec0a2-c9e3-43a6-8140-411011c24c41.jpg,,,,80326,,
5630220,Magic,Commander Legends: Battle for Baldur's Gate,Patriar's Seal,332,U,Near Mint,4.88,,,,,1,4.88,4.88,4.88,https://user-content.cardcastle.co/uploads/card_user/scanned_image/f40d2989-67e4-4cbd-9c47-e3f92d814dd5.jpg,,,,80326,,
6954115,Magic,Commander: Phyrexia: All Will Be One,"Urtet, Remnant of Memnarch",28,M,Near Mint,5.3,,,,,1,5.3,5.3,5.3,https://user-content.cardcastle.co/uploads/card_user/scanned_image/6c6bcbe0-de13-42f1-ac92-a434b33083cc.jpg,,,,80326,,
1271472,Magic,Commander 2014,Pearl Medallion,260,R,Near Mint,5.5,,,,,1,5.5,5.5,5.5,https://user-content.cardcastle.co/uploads/card_user/scanned_image/fd94c5cc-0279-4229-8de6-cec1f793a590.jpg,$5.99,In store,8/23/2026,80326,,3.24
9111260,Magic,Teenage Mutant Ninja Turtles,The Ooze,177,R,Near Mint Foil,3.81,,,,,1,3.81,3.81,3.81,https://user-content.cardcastle.co/uploads/card_user/scanned_image/a5423ef0-03f4-43ed-9cd8-550ea5c7532b.jpg,$8.07,In store,8/16/2026,80326,,6.165
25138,Magic,Ravnica: City of Guilds,Pariah's Shield,267,R,Near Mint,5.1,,,,,1,5.1,5.1,5.1,https://user-content.cardcastle.co/uploads/card_user/scanned_image/d93e8ec8-d0b5-419e-813e-7dadfe9a3c99.jpg,,,,80326,,
367105,Magic,Alliances,Storm Cauldron,134,R,Lightly Played,3.7,,,,,1,3.7,3.7,3.7,https://user-content.cardcastle.co/uploads/card_user/scanned_image/95b8b04e-0e55-452f-a00b-e5296aa0ea8f.jpg,,,,80326,,
7070670,Magic,Commander: March of the Machine,Nettlecyst,367,R,Near Mint,3.76,,,,,1,3.76,3.76,3.76,https://user-content.cardcastle.co/uploads/card_user/scanned_image/20ece2c9-713c-4f1a-b00c-f6a9b94bd570.jpg,,,,80326,,
5623422,Magic,Commander Legends: Battle for Baldur's Gate,Blade of Selves,301,R,Near Mint,4.05,,,,,1,4.05,4.05,4.05,https://user-content.cardcastle.co/uploads/card_user/scanned_image/28a15687-2995-483f-8203-6f5767c620ba.jpg,,,,80326,,
15943,Magic,Fourth Edition,Kormus Bell,332,R,Near Mint,2.68,,,,,1,2.68,2.68,2.68,https://user-content.cardcastle.co/uploads/card_user/scanned_image/a559279f-3bd9-40da-b7e8-61f5fa2018a6.jpg,,,,80326,,
373946,Magic,Betrayers of Kamigawa,Orb of Dreams,156,R,Lightly Played,2.39,,,,,1,2.39,2.39,2.39,https://user-content.cardcastle.co/uploads/card_user/scanned_image/4e7eae2e-0299-4db0-98f0-899d2db1da1f.jpg,,,,80326,,
8802325,Magic,Edge of Eternities,The Endstone,240,M,Near Mint,1.98,,,,,1,1.98,1.98,1.98,https://user-content.cardcastle.co/uploads/card_user/scanned_image/c9641f35-82f5-4e76-bc5d-93e31eaddbed.jpg,,,,80326,,
7821448,Magic,Outlaws of Thunder Junction: The Big Score,Transmutation Font,28,M,Near Mint,1.97,,,,,2,1.97,3.94,1.97,https://user-content.cardcastle.co/uploads/card_user/scanned_image/ec2d0109-7fd8-4edf-8937-96d302cfa318.jpg,,,,80326,,
7851797,Magic,Commander: Outlaws of Thunder Junction,Sol Ring,267,U,Near Mint,1.93,,,,,1,1.93,1.93,1.93,https://user-content.cardcastle.co/uploads/card_user/scanned_image/80a717ca-fbca-4433-b13b-e65063e39f95.jpg,$3.00,In store,8/25/2026,80326,,2.035
7952645,Magic,Commander: Modern Horizons 3,Sol Ring,305,U,Near Mint,1.78,,,,,3,1.78,5.34,1.78,https://user-content.cardcastle.co/uploads/card_user/scanned_image/9795c83a-9e7a-4ee3-ab7d-37b4a639161c.jpg,$3.00,In store,8/25/2026,80326,,2.11
7029207,Magic,Commander: The Lord of the Rings: Tales of Middle-earth,Sol Ring,284,U,Near Mint,1.88,,,,,3,1.88,5.64,1.88,https://user-content.cardcastle.co/uploads/card_user/scanned_image/e65e9245-8232-458e-96f4-acc018e12f7d.jpg,$3.00,In store,8/25/2026,80326,,2.06
5536663,Magic,Commander: Streets of New Capenna,Sol Ring,379,U,Near Mint,1.63,,,,,1,1.63,1.63,1.63,https://user-content.cardcastle.co/uploads/card_user/scanned_image/974784ec-44d6-4c6d-9e1b-4ae8495921fa.jpg,$3.00,In store,8/25/2026,80326,,2.185
7200315,Magic,Commander: The Lord of the Rings: Tales of Middle-earth,Chromatic Lantern,275,R,Near Mint,1.39,,,,,1,1.39,1.39,1.39,https://user-content.cardcastle.co/uploads/card_user/scanned_image/e824d9b3-d64d-49aa-86d9-88064cb3a8ee.jpg,,,,80326,,
8049630,Magic,Commander: Bloomburrow,Sol Ring,129,U,Near Mint,1.95,,,,,2,1.95,3.9,1.95,https://user-content.cardcastle.co/uploads/card_user/scanned_image/b47c971f-1a42-4a5f-a4f6-a062f751eec5.jpg,$3.00,In store,8/25/2026,80326,,2.025
7848341,Magic,Outlaws of Thunder Junction: The Big Score,Lotus Ring,24,M,Near Mint,1.19,,,,,1,1.19,1.19,1.19,https://user-content.cardcastle.co/uploads/card_user/scanned_image/4fdd5735-fe12-4c09-895a-63b88f85efe0.jpg,,,,80326,,
414543,Magic,Mirrodin Besieged,Plague Myr,125,U,Near Mint,1.69,,,,,1,1.69,1.69,1.69,https://user-content.cardcastle.co/uploads/card_user/scanned_image/5474eb46-04e4-49e0-a9bb-771bd5736682.jpg,,,,80326,,
8056867,Magic,Commander: Bloomburrow,Gilded Lotus,271,R,Near Mint,1.23,,,,,1,1.23,1.23,1.23,https://user-content.cardcastle.co/uploads/card_user/scanned_image/35dcbeb2-5632-40ed-837a-cc28f5011f62.jpg,,,,80326,,
4974016,Magic,Modern Horizons 2,Liquimetal Torque,228,U,Near Mint,3.91,,,,,1,3.91,3.91,3.91,https://user-content.cardcastle.co/uploads/card_user/scanned_image/e08d928f-9d7e-4a9e-acd4-9d3423915bc6.jpg,,,,80326,,
7857162,Magic,Commander: Outlaws of Thunder Junction,Dream-Thief's Bandana,38,R,Near Mint,1.72,,,,,1,1.72,1.72,1.72,https://user-content.cardcastle.co/uploads/card_user/scanned_image/8311c305-b58a-4646-ad4c-4e5b662116ac.jpg,,,,80326,,
4569217,Magic,Zendikar Rising,Skyclave Relic,252,R,Near Mint,1.41,,,,,1,1.41,1.41,1.41,https://user-content.cardcastle.co/uploads/card_user/scanned_image/421f5915-b397-4c5f-9f35-4af9f138687e.jpg,,,,80326,,
5660589,Magic,Commander Legends: Battle for Baldur's Gate,Sarevok's Tome (Extended Art),645,R,Near Mint,2.61,,,,,1,2.61,2.61,2.61,https://user-content.cardcastle.co/uploads/card_user/scanned_image/2a6ac4fe-637f-4ddf-b72f-79a7311c0645.jpg,,,,80326,,
7069005,Magic,Commander: March of the Machine,Scrap Trawler,373,R,Near Mint,3.02,,,,,1,3.02,3.02,3.02,https://user-content.cardcastle.co/uploads/card_user/scanned_image/38c9c81e-2e33-473b-b6b5-b48698196452.jpg,,,,80326,,
7961359,Magic,Commander: Modern Horizons 3,Chromatic Lantern,285,R,Near Mint,1.13,,,,,2,1.13,2.26,1.13,https://user-content.cardcastle.co/uploads/card_user/scanned_image/38eac6ed-7070-44de-b949-ba46be5ee425.jpg,,,,80326,,
7208566,Magic,Commander: The Lord of the Rings: Tales of Middle-earth,Lightning Greaves,281,U,Near Mint,4.97,,,,,1,4.97,4.97,4.97,https://user-content.cardcastle.co/uploads/card_user/scanned_image/9eaf09d7-3f36-4da7-9bb6-0b2144345207.jpg,$5.00,In store,8/24/2026,80326,,2.515
7793007,Magic,Outlaws of Thunder Junction: The Big Score,Nexus of Becoming,25,M,Near Mint,1.58,,,,,1,1.58,1.58,1.58,https://user-content.cardcastle.co/uploads/card_user/scanned_image/9498c985-712a-42ec-8697-46df5f85c231.jpg,,,,80326,,
7710523,Magic,Commander: Murders at Karlov Manor,Fellwar Stone,228,U,Near Mint,1.35,,,,,1,1.35,1.35,1.35,https://user-content.cardcastle.co/uploads/card_user/scanned_image/dc5263c4-4ce0-4d98-8879-d5221880b15c.jpg,$1.00,In store,8/16/2026,80326,,0.325
8886807,Magic,Promo Pack: Edge of Eternities,Lotus Ring,24p,M,Near Mint,1.01,,,,,1,1.01,1.01,1.01,https://user-content.cardcastle.co/uploads/card_user/scanned_image/33ae3e75-97a0-495c-b1c9-5e851e21bf0e.jpg,,,,80326,,
373276,Magic,Darksteel,Genesis Chamber,122,U,Lightly Played,2.97,,,,,1,2.97,2.97,2.97,https://user-content.cardcastle.co/uploads/card_user/scanned_image/262c142c-1471-4854-bbe8-ee270307da81.jpg,,,,80326,,
5602649,Magic,Commander Legends: Battle for Baldur's Gate,Swiftfoot Boots,339,U,Near Mint,2.7,,,,,1,2.7,2.7,2.7,https://user-content.cardcastle.co/uploads/card_user/scanned_image/dd63fa9d-6643-412c-9816-44ed591bded8.jpg,$4.30,In store,8/17/2026,80326,,2.95
418198,Magic,New Phyrexia,Myr Superion,146,R,Lightly Played,1.96,,,,,1,1.96,1.96,1.96,https://user-content.cardcastle.co/uploads/card_user/scanned_image/c8bdfcc9-297e-41fc-a7de-d0a366c49d16.jpg,,,,80326,,
7856022,Magic,Commander: Outlaws of Thunder Junction,Fellwar Stone,257,U,Near Mint,1.68,,,,,1,1.68,1.68,1.68,https://user-content.cardcastle.co/uploads/card_user/scanned_image/6099a35b-eb35-4f99-b120-bc4ffc92a92f.jpg,$1.00,In store,8/16/2026,80326,,0.16
367938,Magic,Mirage,Marble Diamond,310,U,Lightly Played,0.69,,,,,2,0.69,1.38,0.69,https://user-content.cardcastle.co/uploads/card_user/scanned_image/d5d3d31b-395a-4a3c-8758-ca4a26e8156c.jpg,,,,80326,,
11855,Magic,Mirage,Charcoal Diamond,296,U,Near Mint,2.47,,,,,1,2.47,2.47,2.47,https://user-content.cardcastle.co/uploads/card_user/scanned_image/74bbc70e-75d7-40ca-9f83-6b41896fd98a.jpg,$2.00,In store,8/25/2026,80326,,0.765
7710623,Magic,Commander: Murders at Karlov Manor,Thought Vessel,245,U,Near Mint,2.82,,,,,1,2.82,2.82,2.82,https://user-content.cardcastle.co/uploads/card_user/scanned_image/05bec6f1-f71f-466c-82dd-6739b250eb6e.jpg,$3.00,In store,8/16/2026,80326,,1.59
4648891,Magic,Commander Legends,Swiftfoot Boots (Extended Art),702,U,Near Mint,4.37,,,,,1,4.37,4.37,4.37,https://user-content.cardcastle.co/uploads/card_user/scanned_image/d706a0b3-8d54-46ad-814d-6fa64303a568.jpg,,,,80326,,
6838161,Magic,Dominaria Remastered,Helm of Awakening,224,R,Near Mint,3.36,,,,,1,3.36,3.36,3.36,https://user-content.cardcastle.co/uploads/card_user/scanned_image/577deb17-7085-48ef-b320-4a8fe17dbe7e.jpg,,,,80326,,
413953,Magic,Mirrodin Besieged,Myr Welder,118,R,Near Mint,2.61,,,,,1,2.61,2.61,2.61,https://user-content.cardcastle.co/uploads/card_user/scanned_image/3ceba935-5491-4f22-847b-eaea1d630366.jpg,,,,80326,,
7068150,Magic,Commander: March of the Machine,Phyrexian Triniform,370,M,Near Mint,1.48,,,,,1,1.48,1.48,1.48,https://user-content.cardcastle.co/uploads/card_user/scanned_image/d7164bd4-230e-4fb7-a138-b17194d23191.jpg,,,,80326,,
6955724,Magic,Phyrexia: All Will Be One,Soulless Jailer,241,R,Near Mint,2.04,,,,,1,2.04,2.04,2.04,https://user-content.cardcastle.co/uploads/card_user/scanned_image/0f1acd74-479c-475f-87da-4ac1e19b31de.jpg,,,,80326,,
7780735,Magic,Universes Beyond: Fallout,Recon Craft Theta,141,R,Near Mint,1.98,,,,,1,1.98,1.98,1.98,https://user-content.cardcastle.co/uploads/card_user/scanned_image/e5ce3162-991f-4d15-b323-ceffe2ea5b97.jpg,,,,80326,,
7386509,Magic,Wilds of Eldraine,The Irencrag,248,R,Near Mint,0.77,,,,,1,0.77,0.77,0.77,https://user-content.cardcastle.co/uploads/card_user/scanned_image/2dbb989e-058a-473f-90ee-c87b98f7c1bd.jpg,,,,80326,,
6704016,Magic,The Brothers' War: Retro Frame Artifacts,Quietus Spike (Schematic),109,R,Near Mint,2.18,,,,,1,2.18,2.18,2.18,https://user-content.cardcastle.co/uploads/card_user/scanned_image/e3b9fba7-ea5f-4797-a010-31223cc39481.jpg,,,,80326,,
8060365,Magic,Commander: Bloomburrow,Maskwood Nexus,279,R,Near Mint,1.74,,,,,1,1.74,1.74,1.74,https://user-content.cardcastle.co/uploads/card_user/scanned_image/45093db8-a720-4c0a-963c-6e7986612ca6.jpg,,Online,,80326,$1.74,0.87
346013,Magic,Shadowmoor,Pili-Pala,258,C,Moderately Played,1.28,,,,,1,1.28,1.28,1.28,https://user-content.cardcastle.co/uploads/card_user/scanned_image/eaad16ac-3044-485b-8147-c0acdce76d52.jpg,,,,80326,,
7069470,Magic,Commander: March of the Machine,Bloodline Pretender,350,U,Near Mint,2.36,,,,,1,2.36,2.36,2.36,https://user-content.cardcastle.co/uploads/card_user/scanned_image/54082cda-ffe3-4c34-984c-d12689e73c97.jpg,,,,80326,,
5682329,Magic,The List Reprints,Component Pouch,AFC-59,U,Near Mint,4.54,,,,,1,4.54,4.54,4.54,https://user-content.cardcastle.co/uploads/card_user/scanned_image/458b1955-7459-4d81-9b0f-fd5f013ef10d.jpg,,,,80326,,
5640046,Magic,Commander Legends: Battle for Baldur's Gate,Decanter of Endless Water,309,C,Moderately Played,3.64,,,,,1,3.64,3.64,3.64,https://user-content.cardcastle.co/uploads/card_user/scanned_image/be65683d-526e-4660-8578-6ab0c8d26a49.jpg,$5.25,In store,8/21/2026,80326,,3.43
7780495,Magic,Universes Beyond: Fallout,Strength Bobblehead,143,U,Near Mint,4,,,,,1,4,4,4,https://user-content.cardcastle.co/uploads/card_user/scanned_image/92fdf699-2184-44e4-a770-5cfcf19bd8ce.jpg,,,,80326,,
7859772,Magic,Commander: Outlaws of Thunder Junction,Trailblazer's Boots,269,U,Near Mint,3.22,,,,,1,3.22,3.22,3.22,https://user-content.cardcastle.co/uploads/card_user/scanned_image/5ff51395-09d2-4a6d-abc2-a8b3ce79eb16.jpg,,,,80326,,
5644594,Magic,Commander Legends: Battle for Baldur's Gate,Decanter of Endless Water (Showcase),444,C,Near Mint,2.51,,,,,2,2.51,5.02,2.51,https://user-content.cardcastle.co/uploads/card_user/scanned_image/c283aa49-c985-4fb5-9248-abb560df8364.jpg,,,,80326,,
7357617,Magic,Wilds of Eldraine,"Syr Ginger, the Meal Ender",252,R,Near Mint,1.62,,,,,1,1.62,1.62,1.62,https://user-content.cardcastle.co/uploads/card_user/scanned_image/d3957d50-303b-44ae-ba12-0064f2ad4a8a.jpg,,,,80326,,
351642,Magic,Ice Age,Amulet of Quoz,308,R,Heavily Played,0.46,,,,,1,0.46,0.46,0.46,https://user-content.cardcastle.co/uploads/card_user/scanned_image/18f21586-0291-4a14-89d7-90576613ad36.jpg,,,,80326,,
7959139,Magic,Commander: Modern Horizons 3,Dark Depths,334,M,Near Mint,2.29,,,,,2,2.29,4.58,2.29,https://user-content.cardcastle.co/uploads/card_user/scanned_image/077da860-ed85-47f8-af9c-6d3027e76919.jpg,,,,80326,,
7205486,Magic,Commander: The Lord of the Rings: Tales of Middle-earth,Underground River,342,R,Near Mint,1.84,,,,,1,1.84,1.84,1.84,https://user-content.cardcastle.co/uploads/card_user/scanned_image/4fad42ca-6ed3-4cd4-81ce-b4005d2c1dfc.jpg,,Online,,80326,$1.84,0.92
9205662,Magic,Secrets of Strixhaven,Stormcarved Coast,263,R,Near Mint,2.44,,,,,3,2.44,7.32,2.44,https://user-content.cardcastle.co/uploads/card_user/scanned_image/ca9d6c50-3957-40b8-8fa0-695fa3fa18a1.jpg,,,,80326,,
8993568,Magic,Avatar: The Last Airbender,Fire Nation Palace,268,R,Near Mint,2.17,,,,,1,2.17,2.17,2.17,https://user-content.cardcastle.co/uploads/card_user/scanned_image/86a2f8e9-1d6b-4084-9d33-9b7f0a081d9c.jpg,,,,80326,,
6930858,Magic,Phyrexia: All Will Be One,Darkslick Shores,250,R,Near Mint,2.03,,,,,3,2.03,6.09,2.03,https://user-content.cardcastle.co/uploads/card_user/scanned_image/0f68e80d-2704-4016-b31a-d0475236c08d.jpg,,Online,,80326,$2.03,1.015
6940179,Magic,Phyrexia: All Will Be One,Blackcleave Cliffs (Borderless),370,R,Near Mint,1.8,,,,,1,1.8,1.8,1.8,https://user-content.cardcastle.co/uploads/card_user/scanned_image/29a62f39-edd7-415b-a327-d1508df49e99.jpg,,,,80326,,
6930693,Magic,Phyrexia: All Will Be One,Blackcleave Cliffs,248,R,Near Mint,2.01,,,,,2,2.01,4.02,2.01,https://user-content.cardcastle.co/uploads/card_user/scanned_image/74a802e0-9b24-4b14-891e-02e10d9cb2ba.jpg,,,,80326,,
7856652,Magic,Commander: Outlaws of Thunder Junction,Darkslick Shores,281,R,Near Mint,2.49,,,,,1,2.49,2.49,2.49,https://user-content.cardcastle.co/uploads/card_user/scanned_image/36583983-f871-4c4e-af17-b62ae5599fc6.jpg,,Online,,80326,$2.03,0.785
7781605,Magic,Universes Beyond: Fallout,Drowned Catacomb,262,R,Near Mint,2.42,,,,,1,2.42,2.42,2.42,https://user-content.cardcastle.co/uploads/card_user/scanned_image/ef036a04-3ce4-4932-810d-a9750b97fef8.jpg,,,,80326,,
7204846,Magic,Commander: The Lord of the Rings: Tales of Middle-earth,Drowned Catacomb,305,R,Near Mint,2.3,,,,,1,2.3,2.3,2.3,https://user-content.cardcastle.co/uploads/card_user/scanned_image/24e02732-6709-4c9d-a133-713dd2d4e42a.jpg,,,,80326,,
8725954,Magic,FINAL FANTASY,"Lindblum, Industrial Regency (Borderless)",312,R,Near Mint,5.15,,,,,1,5.15,5.15,5.15,https://user-content.cardcastle.co/uploads/card_user/scanned_image/5fd41c54-2fa0-422f-952f-1eb6be273e8d.jpg,,,,80326,,
8831896,Magic,Edge of Eternities: Stellar Sights,Grove of the Burnwillows (0017) (Borderless),17,M,Near Mint,6.2,,,,,1,6.2,6.2,6.2,https://user-content.cardcastle.co/uploads/card_user/scanned_image/6a172e30-5769-4f9e-8c2b-0aad69ea6ca2.jpg,,,,80326,,
7209016,Magic,Commander: The Lord of the Rings: Tales of Middle-earth,Rejuvenating Springs,325,R,Near Mint,4.63,,,,,1,4.63,4.63,4.63,https://user-content.cardcastle.co/uploads/card_user/scanned_image/402d2a91-3203-4901-b4c4-0a3a2f656262.jpg,,,,80326,,
9010107,Magic,Avatar: The Last Airbender,Abandoned Air Temple,263,R,Near Mint,6.03,,,,,2,6.03,12.06,6.03,https://user-content.cardcastle.co/uploads/card_user/scanned_image/9a046b03-0012-4a43-b39a-0fc6f3f43357.jpg,,,,80326,,
6858201,Magic,Dominaria Remastered,Mishra's Factory (Retro Frame),399,U,Near Mint Foil,7.97,,,,,1,7.97,7.97,7.97,https://user-content.cardcastle.co/uploads/card_user/scanned_image/91e0c779-3eab-48c8-9cbc-267cefb8f92a.jpg,,,,80326,,
8968994,Magic,Secret Lair Drop Series,Castle Shimura - Eiganjo Castle,2230,R,Near Mint,8.1,,,,,1,8.1,8.1,8.1,https://user-content.cardcastle.co/uploads/card_user/scanned_image/a0fd360b-92f3-4489-808e-f095a4e2f63d.jpg,,,,80326,,
365469,Magic,Fifth Edition,Underground River,426,R,Lightly Played,7.22,,,,,1,7.22,7.22,7.22,https://user-content.cardcastle.co/uploads/card_user/scanned_image/35f9b7e2-b1d8-4b71-bde5-8a481f06040f.jpg,,Online,,80326,$1.84,-1.77
8527241,Magic,Aetherdrift,Willowrush Verge (Borderless),375,R,Near Mint,5.4,,,,,1,5.4,5.4,5.4,https://user-content.cardcastle.co/uploads/card_user/scanned_image/c51d186a-40d2-43c5-8b3e-f8a61ace3a74.jpg,,,,80326,,
7201631,Magic,Commander: The Lord of the Rings: Tales of Middle-earth,The Black Gate,80,R,Near Mint,9.31,,,,,1,9.31,9.31,9.31,https://user-content.cardcastle.co/uploads/card_user/scanned_image/585b4a6b-491e-4101-91ef-e4ec0cb752a1.jpg,$13.50,In store,8/21/2026,80326,,8.845
8951304,Magic,Lorwyn Eclipsed,Blood Crypt,262,R,Near Mint,9.4,,,,,2,9.4,18.8,9.4,https://user-content.cardcastle.co/uploads/card_user/scanned_image/daf9e156-854b-4b7f-a464-d1f4453da8cd.jpg,$9.67,In store,8/16/2026,80326,,4.97
8527121,Magic,Aetherdrift,Wastewood Verge,268,R,Near Mint,9.28,,,,,3,9.28,27.84,9.28,https://user-content.cardcastle.co/uploads/card_user/scanned_image/d368e103-fd95-4085-a92d-6f5ce98cc4dd.jpg,$10.00,In store,8/19/2026,80326,$9.28,5.36
1253992,Magic,Khans of Tarkir,Windswept Heath,248,R,Near Mint,10.96,,,,,1,10.96,10.96,10.96,https://user-content.cardcastle.co/uploads/card_user/scanned_image/3f6f004e-c0a2-49dd-bfd8-e08a20692231.jpg,$12.16,In store,8/16/2026,80326,,6.68
7958959,Magic,Commander: Modern Horizons 3,"Yavimaya, Cradle of Growth",409,R,Near Mint,17.35,,,,,1,17.35,17.35,17.35,https://user-content.cardcastle.co/uploads/card_user/scanned_image/d33a50ee-302b-436a-a7c6-6908263061bd.jpg,,,,80326,,
340171,Magic,Odyssey,Tarnished Citadel,329,R,Moderately Played,14.88,,,,,1,14.88,14.88,14.88,https://user-content.cardcastle.co/uploads/card_user/scanned_image/a21bb0d1-7e5f-49f5-bc96-ba2c97f848bd.jpg,,,,80326,,
7966125,Magic,Commander: Modern Horizons 3,Talon Gates of Madara (Extended Art),82,R,Near Mint,39.42,,,,,1,39.42,39.42,39.42,https://user-content.cardcastle.co/uploads/card_user/scanned_image/8a730621-005e-484e-9b1d-1a44c2cb4549.jpg,,,,80326,,
1271627,Magic,Commander 2014,"Emeria, the Sky Ruin",293,R,Near Mint,18.35,,,,,1,18.35,18.35,18.35,https://user-content.cardcastle.co/uploads/card_user/scanned_image/98d1bc27-0fa2-4fc0-8da5-43d58d4eccde.jpg,,,,80326,,
8805141,Magic,Edge of Eternities: Stellar Sights,Mana Confluence (0025) (Borderless),25,M,Near Mint,35.76,,,,,1,35.76,35.76,35.76,https://user-content.cardcastle.co/uploads/card_user/scanned_image/24f2598a-c513-430b-9732-46af94d9f4c1.jpg,,,,80326,,
1131805,Magic,Theros,"Nykthos, Shrine to Nyx",223,R,Lightly Played,53.49,,,,,1,53.49,53.49,53.49,https://user-content.cardcastle.co/uploads/card_user/scanned_image/c4496fd0-8c78-4ddf-b920-f951f4e2d714.jpg,,,,80326,,
8643114,Magic,Commander: Tarkir: Dragonstorm,Rockfall Vale,387,R,Near Mint,2.89,,,,,1,2.89,2.89,2.89,https://user-content.cardcastle.co/uploads/card_user/scanned_image/22db89ab-1e00-4830-a0f8-5cc8827b5cbc.jpg,,,,80326,,
7901297,Magic,Commander: Modern Horizons 3,Planar Nexus,132,R,Near Mint,3.79,,,,,2,3.79,7.58,3.79,https://user-content.cardcastle.co/uploads/card_user/scanned_image/0a9efa4f-af8b-4c99-a203-9f4ed4504e2c.jpg,,,,80326,,
7028947,Magic,Universes Beyond: The Lord of the Rings: Tales of Middle-earth,The Shire (Borderless),345,R,Near Mint,3.64,,,,,1,3.64,3.64,3.64,https://user-content.cardcastle.co/uploads/card_user/scanned_image/e52db5ee-b717-431c-a4a9-90420632587b.jpg,,,,80326,,
4545783,Magic,Zendikar Rising,Cragcrown Pathway,261,R,Near Mint Foil,2.85,,,,,1,2.85,2.85,2.85,https://user-content.cardcastle.co/uploads/card_user/scanned_image/318d907c-04c8-4bf1-9189-cb18c4813d35.jpg,,,,80326,,
6674017,Magic,The Brothers' War,Underground River (Borderless),300,R,Near Mint,5.12,,,,,1,5.12,5.12,5.12,https://user-content.cardcastle.co/uploads/card_user/scanned_image/0f85b5dc-a5e7-4322-a4d5-cae077b5e4f8.jpg,,,,80326,,
8390865,Magic,The List Reprints,Baldur's Gate,CLB-345,R,Near Mint,3.85,,,,,1,3.85,3.85,3.85,https://user-content.cardcastle.co/uploads/card_user/scanned_image/c5f352ed-7cd2-443f-8e73-ee80589c5312.jpg,,,,80326,,
9260186,Magic,Promo Pack: Secrets of Strixhaven,Shattered Sanctum,260p,R,Near Mint,1.39,,,,,1,1.39,1.39,1.39,https://user-content.cardcastle.co/uploads/card_user/scanned_image/cbba9ed9-add5-4456-a3b8-49cc7cc8e2e0.jpg,,,,80326,,
5683667,Magic,The List Reprints,Reliquary Tower (C21),C21-311,U,Near Mint,4.31,,,,,1,4.31,4.31,4.31,https://user-content.cardcastle.co/uploads/card_user/scanned_image/eb42148a-f0a2-43ce-848c-90f9ec1b53da.jpg,,,,80326,,
8982178,Magic,Avatar: The Last Airbender,Secret Tunnel,278,R,Near Mint,2.87,,,,,3,2.87,8.61,2.87,https://user-content.cardcastle.co/uploads/card_user/scanned_image/865076d9-0725-48e0-b436-bf7f29597f47.jpg,,,,80326,,
7966233,Magic,Commander: Modern Horizons 3,Lazotep Quarry (Extended Art),79,R,Near Mint,8.7,,,,,2,8.7,17.4,8.7,https://user-content.cardcastle.co/uploads/card_user/scanned_image/89e067df-b046-4648-a1a4-34706086d323.jpg,,Online,,80326,$8.70,4.35
8059714,Magic,Commander: Bloomburrow,Swarmyard,133,R,Near Mint,6.07,,,,,1,6.07,6.07,6.07,https://user-content.cardcastle.co/uploads/card_user/scanned_image/e8f43098-2f90-45ce-a505-b806d8fa2991.jpg,,,,80326,,
3904534,Magic,Ultimate Masters,Dark Depths,241,M,Near Mint,2.95,,,,,1,2.95,2.95,2.95,https://user-content.cardcastle.co/uploads/card_user/scanned_image/1c526bcb-0ad8-4942-96ed-f6b91bbead99.jpg,,,,80326,,
7943054,Magic,Modern Horizons 3,Shifting Woodland,228,R,Near Mint,6.07,,,,,1,6.07,6.07,6.07,https://user-content.cardcastle.co/uploads/card_user/scanned_image/b043726f-cbf5-4234-af75-0bf1a1734184.jpg,,Online,,80326,$6.07,3.035
7959119,Magic,Commander: Modern Horizons 3,Vesuva,404,R,Near Mint,3.32,,,,,2,3.32,6.64,3.32,https://user-content.cardcastle.co/uploads/card_user/scanned_image/e13189fc-0848-433e-af76-b17978b08206.jpg,,,,80326,,
8806387,Magic,Edge of Eternities: Stellar Sights,Thespian's Stage (0044) (Borderless),44,R,Near Mint,0.95,,,,,1,0.95,0.95,0.95,https://user-content.cardcastle.co/uploads/card_user/scanned_image/c22c872f-dfc3-4c50-8721-f7f3c418f410.jpg,,,,80326,,
7362687,Magic,Wilds of Eldraine,Restless Cottage (Borderless),304,R,Near Mint,1.7,,,,,3,1.7,5.1,1.7,https://user-content.cardcastle.co/uploads/card_user/scanned_image/b38be038-664e-4a3d-bc84-668fa31e99d5.jpg,,,,80326,,
4545558,Magic,Zendikar Rising,Branchloft Pathway,258,R,Near Mint,3.32,,,,,1,3.32,3.32,3.32,https://user-content.cardcastle.co/uploads/card_user/scanned_image/1fb039f7-b21b-4946-bfd6-e7a459183fae.jpg,,,,80326,,
6687793,Magic,Commander: The Brothers' War,Buried Ruin (Retro Frame),177,U,Near Mint,1.57,,,,,1,1.57,1.57,1.57,https://user-content.cardcastle.co/uploads/card_user/scanned_image/f37eb80c-355e-4609-a293-53791437f1a5.jpg,,,,80326,,
7152346,Magic,The List Reprints,Cragcrown Pathway,ZNR-261,R,Near Mint,3.65,,,,,1,3.65,3.65,3.65,https://user-content.cardcastle.co/uploads/card_user/scanned_image/bf8a8ebe-ae57-4af0-a6b0-6459a53d50da.jpg,,,,80326,,
7516929,Magic,The Lost Caverns of Ixalan,Restless Anchorage,280,R,Near Mint,0.86,,,,,1,0.86,0.86,0.86,https://user-content.cardcastle.co/uploads/card_user/scanned_image/9eaea6ef-64a4-49ee-a961-dd626298bd8f.jpg,,,,80326,,
7634588,Magic,WPN & Gateway Promos,Unclaimed Territory (Retro Frame),11,R,Near Mint,1.14,,,,,1,1.14,1.14,1.14,https://user-content.cardcastle.co/uploads/card_user/scanned_image/2107ad40-d473-4e12-b4c9-da4606411ee6.jpg,,,,80326,,
7357017,Magic,Wilds of Eldraine,Restless Cottage,258,R,Near Mint,1.53,,,,,1,1.53,1.53,1.53,https://user-content.cardcastle.co/uploads/card_user/scanned_image/197b57fb-5210-4b31-a101-96a8e14bff66.jpg,,,,80326,,
7856802,Magic,Commander: Outlaws of Thunder Junction,Llanowar Wastes,305,R,Near Mint,2.18,,,,,1,2.18,2.18,2.18,https://user-content.cardcastle.co/uploads/card_user/scanned_image/86a8b9fd-042e-48d7-9b6d-1bd39c5c34ec.jpg,,,,80326,,
7954641,Magic,Commander: Modern Horizons 3,Llanowar Wastes,354,R,Near Mint,1.38,,,,,2,1.38,2.76,1.38,https://user-content.cardcastle.co/uploads/card_user/scanned_image/c6fafbb4-cd5a-4bab-9d8d-0c0c4c05ca6d.jpg,,,,80326,,
5745471,Magic,Dominaria United,Karplusan Forest (Borderless),379,R,Near Mint,1.77,,,,,4,1.77,7.08,1.77,https://user-content.cardcastle.co/uploads/card_user/scanned_image/c0acf2f3-131e-4878-a459-91b720fb1e12.jpg,,,,80326,,
7820052,Magic,Outlaws of Thunder Junction,Botanical Sanctum,267,R,Near Mint,1.54,,,,,4,1.54,6.16,1.54,https://user-content.cardcastle.co/uploads/card_user/scanned_image/b62a053d-c509-45fe-ac94-2bef5b0d1eca.jpg,,,,80326,,
5639444,Magic,Commander Legends: Battle for Baldur's Gate,Gond Gate,353,U,Near Mint,1.56,,,,,1,1.56,1.56,1.56,https://user-content.cardcastle.co/uploads/card_user/scanned_image/f947c392-7c03-4f4c-81bf-974ecfe051bc.jpg,,,,80326,,
7780365,Magic,Universes Beyond: Fallout,Tainted Isle,299,U,Near Mint,3.01,,,,,1,3.01,3.01,3.01,https://user-content.cardcastle.co/uploads/card_user/scanned_image/234c2446-8595-42ee-99e1-d4a10ea5e157.jpg,,,,80326,,
7856892,Magic,Commander: Outlaws of Thunder Junction,Access Tunnel,270,U,Near Mint,2.7,,,,,1,2.7,2.7,2.7,https://user-content.cardcastle.co/uploads/card_user/scanned_image/f8cabd12-fb63-40d8-a15a-427dab886b9b.jpg,,,,80326,,
5526703,Magic,Streets of New Capenna,Brokers Hideout,248,C,Near Mint,1.24,,,,,1,1.24,1.24,1.24,https://user-content.cardcastle.co/uploads/card_user/scanned_image/59790529-4c76-4885-acd7-7d9ba28f88bd.jpg,,,,80326,,
7354730,Magic,The List Reprints,Seraph Sanctuary,AVR-228,C,Near Mint,2.11,,,,,1,2.11,2.11,2.11,https://user-content.cardcastle.co/uploads/card_user/scanned_image/91cc26f8-87c3-408a-a5b4-729b984e28f9.jpg,,,,80326,,
7856832,Magic,Commander: Outlaws of Thunder Junction,Reliquary Tower,312,U,Near Mint,4.33,,,,,1,4.33,4.33,4.33,https://user-content.cardcastle.co/uploads/card_user/scanned_image/8a1f6863-a807-47b1-a943-35ae435839e5.jpg,$4.75,In store,8/21/2026,80326,,2.585
9256826,Magic,Promo Pack: Secrets of Strixhaven,Erode,15p,R,Near Mint,6.91,,,,,1,6.91,6.91,6.91,https://user-content.cardcastle.co/uploads/card_user/scanned_image/ad0e87c2-6432-40e0-b950-c6cc503baca4.jpg,$9.75,In store,8/23/2026,80326,,6.295
7924394,Magic,Modern Horizons 3,White Orchid Phantom,47,R,Near Mint Foil,0.47,,,,,1,0.47,0.47,0.47,https://user-content.cardcastle.co/uploads/card_user/scanned_image/b130f84b-41f2-4d97-a046-e8cc14586150.jpg,,,,80326,,
8294330,Magic,Foundations,Exemplar of Light (0011),11,R,Near Mint Foil,2.3,,,,,1,2.3,2.3,2.3,https://user-content.cardcastle.co/uploads/card_user/scanned_image/e6373b71-c876-4634-8b11-be9e18df366f.jpg,,,,80326,,
8974520,Magic,Avatar: The Last Airbender,Secret of Bloodbending,69,M,Near Mint,0.98,,,,,1,0.98,0.98,0.98,https://user-content.cardcastle.co/uploads/card_user/scanned_image/b9c9183d-2982-43d3-a3fb-c6dd9b3d8d90.jpg,,,,80326,,
7168570,Magic,Universes Beyond: The Lord of the Rings: Tales of Middle-earth,Nazgul (0337),337,U,Near Mint Foil,30.73,,,,,1,30.73,30.73,30.73,https://user-content.cardcastle.co/uploads/card_user/scanned_image/9c9891a3-75d8-4935-a011-7a4cab343044.jpg,,Online,,80326,$30.73,15.365
7895329,Magic,Standard Showdown Promos,Go for the Throat,3,R,Near Mint Foil,5.03,,,,,1,5.03,5.03,5.03,https://user-content.cardcastle.co/uploads/card_user/scanned_image/18992046-dfcb-4a3b-8487-4356fb568c3d.jpg,,,,80326,,
5649560,Magic,Commander Legends: Battle for Baldur's Gate,Uchuulon,673,R,Near Mint,1.78,,,,,1,1.78,1.78,1.78,https://user-content.cardcastle.co/uploads/card_user/scanned_image/0892e24f-36ba-47d7-b46f-f403451c57aa.jpg,,Online,,80326,$1.78,0.89
8027691,Magic,Bloomburrow,Valley Rotcaller (Showcase),313,R,Near Mint,3.15,,,,,1,3.15,3.15,3.15,https://user-content.cardcastle.co/uploads/card_user/scanned_image/2a99becd-6cc9-499d-bd7c-80f7bb4fb19a.jpg,,,,80326,,
5776663,Magic,Dominaria United,The Cruelty of Gix,87,R,Near Mint,1.47,,,,,1,1.47,1.47,1.47,https://user-content.cardcastle.co/uploads/card_user/scanned_image/5eaae4d4-5c14-4ef3-9a58-7b4a4e116638.jpg,,,,80326,,
7174555,Magic,Universes Beyond: The Lord of the Rings: Tales of Middle-earth,Shadow of the Enemy (Borderless),424,M,Near Mint Foil,2.8,,,,,1,2.8,2.8,2.8,https://user-content.cardcastle.co/uploads/card_user/scanned_image/8bed7647-0718-4c45-baca-984f166544ce.jpg,,,,80326,,
6672392,Magic,The Brothers' War,Gix's Command,97,R,Near Mint Foil,0.88,,,,,2,0.88,1.76,0.88,https://user-content.cardcastle.co/uploads/card_user/scanned_image/eb7c178d-ee84-46b4-b239-bff1011f0b94.jpg,,,,80326,,
9133669,Magic,Game Day & Store Championship Promos,Goblin Bombardment,45,R,Near Mint,2.42,,,,,2,2.42,4.84,2.42,https://user-content.cardcastle.co/uploads/card_user/scanned_image/d856cbb6-da71-4fe8-8bad-d4a80d260aad.jpg,,,,80326,,
7203286,Magic,Commander: The Lord of the Rings: Tales of Middle-earth,Anger,210,U,Near Mint,0.99,,,,,1,0.99,0.99,0.99,https://user-content.cardcastle.co/uploads/card_user/scanned_image/e0bcc3f7-3f66-491e-83b9-00f07ba8206a.jpg,,,,80326,,
9246062,Magic,Secrets of Strixhaven: Mystical Archive,Triumph of the Hordes,59,M,Near Mint,12.67,,,,,1,12.67,12.67,12.67,https://user-content.cardcastle.co/uploads/card_user/scanned_image/0834c66c-c3eb-405a-a4a4-2e7d7f3f6642.jpg,$13.00,In store,8/23/2026,80326,,6.665
4966061,Magic,Modern Horizons 2,"Aeve, Progenitor Ooze",148,R,Near Mint Foil,0.49,,,,,1,0.49,0.49,0.49,https://user-content.cardcastle.co/uploads/card_user/scanned_image/c4629605-2155-4aca-be48-20281b8a5205.jpg,,,,80326,,
7855062,Magic,Commander: Outlaws of Thunder Junction,Fallen Shinobi,226,R,Near Mint,8.15,,,,,1,8.15,8.15,8.15,https://user-content.cardcastle.co/uploads/card_user/scanned_image/7bf709d2-a9ab-4da6-867b-c4861e1c3f05.jpg,,,,80326,,
8982499,Magic,Avatar: The Last Airbender,"Zuko, Conflicted",253,R,Near Mint Foil,0.3,,,,,1,0.3,0.3,0.3,https://user-content.cardcastle.co/uploads/card_user/scanned_image/5b116464-08da-4b68-8277-c8e94933297d.jpg,,,,80326,,
7193979,Magic,Universes Beyond: The Lord of the Rings: Tales of Middle-earth,"Smeagol, Helpful Guide",231,R,Near Mint Foil,0.56,,,,,1,0.56,0.56,0.56,https://user-content.cardcastle.co/uploads/card_user/scanned_image/1d8cdb25-a2a3-4d4d-a077-854fcaf1039f.jpg,,,,80326,,
4893667,Magic,Commander 2021,Idol of Oblivion,246,R,Near Mint,1.88,,,,,1,1.88,1.88,1.88,https://user-content.cardcastle.co/uploads/card_user/scanned_image/0234bbea-8648-415f-b9e8-659ecc6f0e62.jpg,,,,80326,,
7780250,Magic,Universes Beyond: Fallout,Talisman of Dominance,246,U,Near Mint,2.29,,,,,1,2.29,2.29,2.29,https://user-content.cardcastle.co/uploads/card_user/scanned_image/2748a795-e9e1-42f1-84c9-f4771c8d46f1.jpg,,,,80326,,
7824913,Magic,Launch Party & Release Event Promos,Transmutation Font,11,M,Near Mint Foil,1.99,,,,,1,1.99,1.99,1.99,https://user-content.cardcastle.co/uploads/card_user/scanned_image/05cfca13-6adc-4753-b281-334c34196a4b.jpg,,,,80326,,
6916426,Magic,Unique and Miscellaneous Promos,Thought Vessel (Bring-a-Friend Promo),2,R,Near Mint Foil,2.66,,,,,1,2.66,2.66,2.66,https://user-content.cardcastle.co/uploads/card_user/scanned_image/10b86300-344f-4b59-9ea3-f855b4c72d42.jpg,,,,80326,,
7966004,Magic,Commander: Modern Horizons 3,Horizon of Progress (Extended Art),78,R,Near Mint,6.27,,,,,1,6.27,6.27,6.27,https://user-content.cardcastle.co/uploads/card_user/scanned_image/3713a367-1562-40f0-97d2-d3db19cd8f3c.jpg,,,,80326,,
336061,Magic,Ice Age,Kjeldoran Knight,36,R,Moderately Played,0.53,,,,,1,0.53,0.53,0.53,https://user-content.cardcastle.co/uploads/card_user/scanned_image/2dd339f4-a1b9-45cc-bf89-4d4b3b40d4cb.jpg,,,,80326,,
8030204,Magic,Unique and Miscellaneous Promos,Thundertrap Trainer (BLB Bundle),386,R,Near Mint Foil,0.63,,,,,1,0.63,0.63,0.63,https://user-content.cardcastle.co/uploads/card_user/scanned_image/e4395c20-cfae-4141-b1ec-53e4b18d81c6.jpg,,,,80326,,
8289635,Magic,Foundations,"Kaito, Cunning Infiltrator",44,M,Near Mint Foil,2.5,,,,,1,2.5,2.5,2.5,https://user-content.cardcastle.co/uploads/card_user/scanned_image/0d840e03-f8b1-4765-ba65-c2638fd00d19.jpg,,,,80326,,
7854732,Magic,Commander: Outlaws of Thunder Junction,Ghostly Pilferer,98,R,Near Mint,3.27,,,,,1,3.27,3.27,3.27,https://user-content.cardcastle.co/uploads/card_user/scanned_image/45dfc5fd-dee5-456a-a470-a6f29e80ddaa.jpg,,,,80326,,
8289630,Magic,Foundations,"Kaito, Cunning Infiltrator",44,M,Near Mint,1.78,,,,,1,1.78,1.78,1.78,https://user-content.cardcastle.co/uploads/card_user/scanned_image/41e78ed7-65cf-4b4e-8bf3-bd81f0c451cc.jpg,,,,80326,,
5649920,Magic,Commander Legends: Battle for Baldur's Gate,Haunted One,654,M,Near Mint Foil,5.73,,,,,1,5.73,5.73,5.73,https://user-content.cardcastle.co/uploads/card_user/scanned_image/d627b4f3-0696-4327-a9ff-aa6e99499ab3.jpg,,,,80326,,
8691905,Magic,FINAL FANTASY,The Darkness Crystal,96,R,Near Mint,4.65,,,,,2,4.65,9.3,4.65,https://user-content.cardcastle.co/uploads/card_user/scanned_image/ab1a5d1c-4447-4d79-a9b9-049f3af6add7.jpg,,,,80326,,
7828402,Magic,Outlaws of Thunder Junction,Lively Dirge,93,U,Near Mint,2.18,,,,,1,2.18,2.18,2.18,https://user-content.cardcastle.co/uploads/card_user/scanned_image/d81dfa3d-3b4e-4f7e-a4dd-c99ea4b23ae0.jpg,,,,80326,,
4605725,Magic,Promo Pack: Zendikar Rising,Soul Shatter,127p,R,Near Mint Foil,6.36,,,,,1,6.36,6.36,6.36,https://user-content.cardcastle.co/uploads/card_user/scanned_image/20f96fa7-6cb2-4666-8a4f-61f8ef5ab746.jpg,,,,80326,,
9008565,Magic,Avatar: The Last Airbender,"Koh, the Face Stealer (Borderless)",322,M,Near Mint,4.19,,,,,1,4.19,4.19,4.19,https://user-content.cardcastle.co/uploads/card_user/scanned_image/e92f133e-f018-4192-a0cf-536f5533a801.jpg,,,,80326,,
4389985,Magic,Commander 2020,"Brallin, Skyshark Rider",4,M,Near Mint Foil,3.26,,,,,1,3.26,3.26,3.26,https://user-content.cardcastle.co/uploads/card_user/scanned_image/431996d0-26df-4f37-9eb2-0f5d51dddf6d.jpg,,,,80326,,
9246127,Magic,Secrets of Strixhaven: Mystical Archive,Veil of Summer,60,R,Near Mint,3.91,,,,,1,3.91,3.91,3.91,https://user-content.cardcastle.co/uploads/card_user/scanned_image/943dc1f4-7f91-4ce1-a009-e2e24f542e68.jpg,,,,80326,,
937189,Magic,Magic 2013 (M13),"Yeva, Nature's Herald",197,R,Lightly Played Foil,1.06,,,,,1,1.06,1.06,1.06,https://user-content.cardcastle.co/uploads/card_user/scanned_image/ad5c6830-5a40-4396-9cdc-d359c3595d93.jpg,,,,80326,,
6940114,Magic,Phyrexia: All Will Be One,"Venser, Corpse Puppet (Showcase) (Step-and-Compleat Foil)",477,R,Near Mint Foil,2.28,,,,,1,2.28,2.28,2.28,https://user-content.cardcastle.co/uploads/card_user/scanned_image/094d6390-5a74-46a8-9cbe-3e378a64718f.jpg,,,,80326,,
7073270,Magic,March of the Machine: Multiverse Legends,"Zirda, the Dawnwaker",65,R,Near Mint,2.11,,,,,1,2.11,2.11,2.11,https://user-content.cardcastle.co/uploads/card_user/scanned_image/a199c85e-f39a-421e-bedb-9d3dd67f0039.jpg,,,,80326,,
6957163,Magic,Phyrexia: All Will Be One,Mirrex,254,R,Near Mint Foil,0.92,,,,,1,0.92,0.92,0.92,https://user-content.cardcastle.co/uploads/card_user/scanned_image/30b85122-6013-4f2d-95d6-afb67f4aad22.jpg,,,,80326,,
1278620,Magic,Fate Reforged,Sage's Reverie,23,U,Lightly Played Foil,3.71,,,,,1,3.71,3.71,3.71,https://user-content.cardcastle.co/uploads/card_user/scanned_image/19a7ca8e-6029-4b80-b21a-20b3e0f9180a.jpg,,,,80326,,
8750258,Magic,FINAL FANTASY,"Venat, Heart of Hydaelyn",39,R,Near Mint Foil,2.02,,,,,1,2.02,2.02,2.02,https://user-content.cardcastle.co/uploads/card_user/scanned_image/53c9ad44-3de4-4c39-87ab-be53c51f2c5e.jpg,,,,80326,,
8609134,Magic,Tarkir: Dragonstorm,United Battlefront,32,R,Near Mint Foil,0.34,,,,,1,0.34,0.34,0.34,https://user-content.cardcastle.co/uploads/card_user/scanned_image/b9654c71-857d-49df-b777-de22201e8fa7.jpg,,,,80326,,
7937701,Magic,Modern Horizons 3,Strix Serenade,71,R,Lightly Played Foil,2.05,,,,,1,2.05,2.05,2.05,https://user-content.cardcastle.co/uploads/card_user/scanned_image/a95aba51-5a87-43fa-b451-d5ca22ce9308.jpg,,,,80326,,
5597669,Magic,Commander Legends: Battle for Baldur's Gate,Blur,58,C,Near Mint Foil,5.91,,,,,1,5.91,5.91,5.91,https://user-content.cardcastle.co/uploads/card_user/scanned_image/1534327d-2e59-4c15-bdaf-059eb1041b20.jpg,,,,80326,,
7052516,Magic,March of the Machine,Invasion of Segovia,63,R,Near Mint,1.16,,,,,1,1.16,1.16,1.16,https://user-content.cardcastle.co/uploads/card_user/scanned_image/c13f8ffe-42e7-4f0f-9178-f18ffdef1b6f.jpg,,,,80326,,
7424647,Magic,Game Day & Store Championship Promos,Transcendent Message,16,R,Near Mint Foil,3.67,,,,,1,3.67,3.67,3.67,https://user-content.cardcastle.co/uploads/card_user/scanned_image/a4de8b9f-2f83-461d-ae38-75696a8a577d.jpg,,,,80326,,
5622706,Magic,Commander Legends: Battle for Baldur's Gate,Lapis Orb of Dragonkind,82,C,Near Mint Foil,1.16,,,,,1,1.16,1.16,1.16,https://user-content.cardcastle.co/uploads/card_user/scanned_image/23e2b145-3681-4b4b-a339-cbcabe489aa4.jpg,,,,80326,,
7173620,Magic,Universes Beyond: The Lord of the Rings: Tales of Middle-earth,Orcish Bowmasters (Borderless),433,R,Near Mint,55.92,,,,,1,55.92,55.92,55.92,https://user-content.cardcastle.co/uploads/card_user/scanned_image/84b3e029-34b7-48f2-88ce-6fd4a5231a2f.jpg,,,,80326,,
7895329,Magic,Standard Showdown Promos,Go for the Throat,3,R,Near Mint Foil,5.03,,,,,1,5.03,5.03,5.03,https://user-content.cardcastle.co/uploads/card_user/scanned_image/93b14630-09b0-4474-9733-36cd02713bdd.jpg,,,,80326,,
8855256,Magic,Promo Pack: Edge of Eternities,"Alpharael, Stonechosen",87p,M,Near Mint Foil,0.89,,,,,1,0.89,0.89,0.89,https://user-content.cardcastle.co/uploads/card_user/scanned_image/f06cc54e-ef6f-43cc-9968-9d811a07a9dc.jpg,,,,80326,,
7118664,Magic,Prerelease Cards,Invasion of Innistrad,115s,M,Near Mint Foil,0.4,,,,,1,0.4,0.4,0.4,https://user-content.cardcastle.co/uploads/card_user/scanned_image/367bfae4-6db3-4aaa-9a96-a83f5ad81f12.jpg,,,,80326,,
6953299,Magic,Phyrexia: All Will Be One,Drown in Ichor,91,U,Near Mint Foil,1.32,,,,,1,1.32,1.32,1.32,https://user-content.cardcastle.co/uploads/card_user/scanned_image/542c3a3c-5e81-4071-b9a2-b8fe7e3753c4.jpg,$0.75,In store,8/25/2026,80326,,0.09
9133669,Magic,Game Day & Store Championship Promos,Goblin Bombardment,45,R,Near Mint,2.42,,,,,1,2.42,2.42,2.42,https://user-content.cardcastle.co/uploads/card_user/scanned_image/31c97c69-8c48-436b-93ef-bb303a89f9e0.jpg,,,,80326,,
8977127,Magic,Avatar: The Last Airbender,The Last Agni Kai (Borderless),314,R,Near Mint,3.23,,,,,1,3.23,3.23,3.23,https://user-content.cardcastle.co/uploads/card_user/scanned_image/b47f3e97-dbf6-48e1-9440-22fad69936cc.jpg,,,,80326,,
4598316,Magic,Prerelease Cards,Valakut Exploration,175s,R,Near Mint Foil,6.04,,,,,1,6.04,6.04,6.04,https://user-content.cardcastle.co/uploads/card_user/scanned_image/9ee0ae1a-cfd2-440e-8537-19165eb4bfde.jpg,,,,80326,,
7208166,Magic,Commander: The Lord of the Rings: Tales of Middle-earth,Overwhelming Stampede,254,R,Near Mint,3.76,,,,,1,3.76,3.76,3.76,https://user-content.cardcastle.co/uploads/card_user/scanned_image/1a9ef0d9-d052-4638-9c5a-2589d17f6f6b.jpg,,,,80326,,
8910855,Magic,Marvel's Spider-Man,Web of Life and Destiny,122,M,Near Mint,1.26,,,,,1,1.26,1.26,1.26,https://user-content.cardcastle.co/uploads/card_user/scanned_image/57b9bb41-3b7b-4b0a-90b0-7ab6e32b7031.jpg,,,,80326,,
8993283,Magic,Avatar: The Last Airbender: Eternal-Legal,Beastmaster Ascension (Borderless),39,M,Near Mint,4.05,,,,,1,4.05,4.05,4.05,https://user-content.cardcastle.co/uploads/card_user/scanned_image/0b881f47-c179-48c7-9390-46466150bfaf.jpg,,,,80326,,
4672945,Magic,Commander Legends,"Aesi, Tyrant of Gyre Strait",365,M,Near Mint Foil,11.16,,,,,1,11.16,11.16,11.16,https://user-content.cardcastle.co/uploads/card_user/scanned_image/89dec72a-81e9-47a5-b5b7-e346418a7478.jpg,,,,80326,,
8618718,Magic,Unique and Miscellaneous Promos,Temur Battlecrier (TDM Bundle),425,R,Near Mint Foil,0.85,,,,,1,0.85,0.85,0.85,https://user-content.cardcastle.co/uploads/card_user/scanned_image/b4fb5471-9958-4ec5-81c9-035f553f2b86.jpg,,,,80326,,
7939810,Magic,Modern Horizons 3,Legion Leadership,255,U,Near Mint Foil,2,,,,,1,2,2,2,https://user-content.cardcastle.co/uploads/card_user/scanned_image/88b6642d-69f9-4cb0-8587-6810d78d4528.jpg,,,,80326,,
7207646,Magic,Commander: The Lord of the Rings: Tales of Middle-earth,"Grima, Saruman's Footman",57,R,Near Mint,1.21,,,,,1,1.21,1.21,1.21,https://user-content.cardcastle.co/uploads/card_user/scanned_image/62de1e3f-946f-4a6f-aa65-909dee538b2d.jpg,,,,80326,,
4950203,Magic,Adventures in the Forgotten Realms,Bruenor Battlehammer (Showcase),337,U,Near Mint Foil,7.1,,,,,1,7.1,7.1,7.1,https://user-content.cardcastle.co/uploads/card_user/scanned_image/cfbe475b-8b5f-4780-8079-51197f0e6b18.jpg,,,,80326,,
9010912,Magic,Avatar: The Last Airbender: Eternal-Legal,Fevered Visions (Borderless),49,M,Near Mint,1.15,,,,,1,1.15,1.15,1.15,https://user-content.cardcastle.co/uploads/card_user/scanned_image/287011b9-7761-459f-bca2-19d4435e639b.jpg,,,,80326,,
7570504,Magic,Promo Pack: The Lost Caverns of Ixalan,Roaming Throne,258p,R,Near Mint Foil,50.83,,,,,1,50.83,50.83,50.83,https://user-content.cardcastle.co/uploads/card_user/scanned_image/40f5efa7-4c37-4705-b03b-c3bc00783ba5.jpg,,,,80326,,
9209492,Magic,Commander: Secrets of Strixhaven,Sol Ring (Borderless),427,M,Near Mint Foil,14.7,,,,,1,14.7,14.7,14.7,https://user-content.cardcastle.co/uploads/card_user/scanned_image/a4568ec9-cf83-4a18-8ae1-2a72767e822f.jpg,,,,80326,,
8276432,Magic,Game Day & Store Championship Promos,Reality Smasher,31,R,Near Mint,1.36,,,,,1,1.36,1.36,1.36,https://user-content.cardcastle.co/uploads/card_user/scanned_image/e9113642-d936-4d7d-957b-d57e5b413569.jpg,,,,80326,,
5596609,Magic,Commander Legends: Battle for Baldur's Gate,Baldur's Gate,345,R,Near Mint Foil,3.62,,,,,1,3.62,3.62,3.62,https://user-content.cardcastle.co/uploads/card_user/scanned_image/a1cf28ea-cd9c-467a-924b-f72c676a4eb9.jpg,,,,80326,,
8707479,Magic,Commander: FINAL FANTASY,Spire of Industry,426,R,Near Mint Foil,,,,,,1,,0,,https://user-content.cardcastle.co/uploads/card_user/scanned_image/0bbc6714-f333-464f-a662-b9753a03c8ab.jpg,,,,80326,,
5157921,Magic,Innistrad: Midnight Hunt,Rockfall Vale (Borderless),284,R,Near Mint Foil,6.37,,,,,1,6.37,6.37,6.37,https://user-content.cardcastle.co/uploads/card_user/scanned_image/5ef41b5a-7190-410a-8935-a11afae29c62.jpg,,,,80326,,
8161884,Magic,Duskmourn: House of Horror,Valgavoth's Lair (Showcase),327,R,Near Mint Foil,2.65,,,,,1,2.65,2.65,2.65,https://user-content.cardcastle.co/uploads/card_user/scanned_image/e4f2d4a0-ed5f-4c4d-962c-a6c16839f3f6.jpg,,,,80326,,
1077302,Magic,Prerelease Cards,Maze's End,152★,M,Near Mint Foil,1.52,,,,,1,1.52,1.52,1.52,https://user-content.cardcastle.co/uploads/card_user/scanned_image/37143aa5-e8b1-4be7-b476-df2f670899ca.jpg,,,,80326,,
7958319,Magic,Commander: Modern Horizons 3,Horizon of Progress,130,R,Near Mint,3.9,,,,,1,3.9,3.9,3.9,https://user-content.cardcastle.co/uploads/card_user/scanned_image/21ad158e-09a7-4b3e-9f7a-a7b1c246c8eb.jpg,,,,80326,,
6946430,Magic,Phyrexia: All Will Be One,"Vraan, Executioner Thane",114,R,Near Mint,0.63,,,,,1,0.63,,0.63,https://user-content.cardcastle.co/uploads/card_user/scanned_image/8d34ac26-a610-41d5-9c08-7440df791465.jpg,,,,81826,,
8022319,Magic,Bloomburrow,Osteomancer Adept,103,R,Near Mint,0.36,,,,,1,0.36,,0.36,https://user-content.cardcastle.co/uploads/card_user/scanned_image/f6170ee7-6d14-494e-8a60-d3221b4c164f.jpg,,,,81826,,
4455556,Magic,Core Set 2021,Liliana's Standard Bearer (Showcase),299,R,Near Mint,0.2,,,,,1,0.2,,0.2,https://user-content.cardcastle.co/uploads/card_user/scanned_image/305b9c47-636b-425c-ac25-e610d635a594.jpg,,,,81826,,
4997725,Magic,Modern Horizons 2,Magus of the Bridge (Showcase),344,R,Near Mint,0.23,,,,,1,0.23,,0.23,https://user-content.cardcastle.co/uploads/card_user/scanned_image/832e98bc-9241-4eb1-b39e-a929d316b081.jpg,,,,81826,,
8371882,Magic,WPN & Gateway Promos,Crippling Fear (Retro Frame),17,R,Near Mint,0.44,,,,,2,0.44,,0.44,https://user-content.cardcastle.co/uploads/card_user/scanned_image/2a008b5c-2790-4359-a3b9-1e72a9a4c4db.jpg,,,,81826,,
7362237,Magic,Wilds of Eldraine,The End,87,R,Near Mint,0.37,,,,,1,0.37,,0.37,https://user-content.cardcastle.co/uploads/card_user/scanned_image/d03c2129-79c1-4336-a8ac-a6e5f3c47329.jpg,,,,81826,,
1139929,Magic,Commander 2013,Phyrexian Delver,86,R,Near Mint,1.47,,,,,1,1.47,,1.47,https://user-content.cardcastle.co/uploads/card_user/scanned_image/2f522ae9-ddd1-4958-be20-a0211809b5c2.jpg,,,,81826,,
8211085,Magic,Commander: Duskmourn: House of Horror,Ancient Cellarspawn (Extended Art),47,R,Near Mint,6.78,,,,,1,6.78,,6.78,https://user-content.cardcastle.co/uploads/card_user/scanned_image/556753dc-395c-4d38-b340-28d41634100f.jpg,,,,81826,,
7498593,Magic,The Lost Caverns of Ixalan,Souls of the Lost,121,R,Near Mint,0.3,,,,,1,0.3,,0.3,https://user-content.cardcastle.co/uploads/card_user/scanned_image/bb353abd-2f20-4024-ba8e-df1076dee2c4.jpg,,,,81826,,
8914785,Magic,Marvel's Spider-Man,Parker Luck (Extended Art),258,R,Near Mint,0.36,,,,,1,0.36,,0.36,https://user-content.cardcastle.co/uploads/card_user/scanned_image/15bbdaf6-3b1c-4d66-8be3-aef0a8cd4632.jpg,,,,81826,,
8027631,Magic,Bloomburrow,Valley Rotcaller,119,R,Near Mint,2.76,,,,,2,2.76,,2.76,https://user-content.cardcastle.co/uploads/card_user/scanned_image/cfef71d5-7741-4d74-97e5-ff7721fc3a08.jpg,,,,81826,,
7510429,Magic,The Lost Caverns of Ixalan,Stalactite Stalker,122,R,Near Mint,0.31,,,,,1,0.31,,0.31,https://user-content.cardcastle.co/uploads/card_user/scanned_image/52ab9cd6-bb7d-40ea-bbef-ea7e1a9f3e90.jpg,,,,81826,,
1137095,Magic,Commander 2013,Tempt with Immortality,95,R,Near Mint,1.55,,,,,1,1.55,,1.55,https://user-content.cardcastle.co/uploads/card_user/scanned_image/4fca4ea1-ce31-49df-aa03-45af4c0b520b.jpg,,,,81826,,
4950619,Magic,Modern Horizons 2,Unmarked Grave,106,R,Near Mint,2.71,,,,,1,2.71,,2.71,https://user-content.cardcastle.co/uploads/card_user/scanned_image/2fb28a7d-1a26-43e7-8286-18a9e1d94243.jpg,,,,81826,,
8612339,Magic,Tarkir: Dragonstorm,Qarsi Revenant,86,R,Near Mint,2.48,,,,,1,2.48,,2.48,https://user-content.cardcastle.co/uploads/card_user/scanned_image/fe6d778f-a736-42a1-a82e-c38d5b46815d.jpg,$1.04,In store,8/23/2026,81826,,-0.2
1140074,Magic,Commander 2013,Sanguine Bond,92,R,Near Mint,4.62,,,,,1,4.62,,4.62,https://user-content.cardcastle.co/uploads/card_user/scanned_image/39982ac9-c212-49b2-a930-9a294cc65825.jpg,,,,81826,,
7218039,Magic,Commander: The Lord of the Rings: Tales of Middle-earth,"Gollum, Obsessed Stalker (Extended Art)",109,R,Near Mint,2.73,,,,,1,2.73,,2.73,https://user-content.cardcastle.co/uploads/card_user/scanned_image/fdc6b3d2-e1a4-4131-afd4-aebd214462d7.jpg,,,,81826,,
7188649,Magic,Universes Beyond: The Lord of the Rings: Tales of Middle-earth,Isildur's Fateful Strike,91,R,Near Mint,0.3,,,,,1,0.3,,0.3,https://user-content.cardcastle.co/uploads/card_user/scanned_image/de19edbb-8f51-4c90-ba8c-ee01dab971b2.jpg,,,,81826,,
7150197,Magic,Universes Beyond: The Lord of the Rings: Tales of Middle-earth,"Sauron, the Necromancer",106,R,Near Mint,0.45,,,,,2,0.45,,0.45,https://user-content.cardcastle.co/uploads/card_user/scanned_image/d226b5e8-7147-4c69-beb4-6f8b1d00b4e2.jpg,,,,81826,,
7900117,Magic,Modern Horizons 3,Nethergoyf,103,M,Near Mint,3.65,,,,,1,3.65,,3.65,https://user-content.cardcastle.co/uploads/card_user/scanned_image/4cf37744-36e2-4d16-9aa6-251bc6de5ddc.jpg,,,,81826,,
23463,Magic,8th Edition,Lord of the Undead,141,R,Near Mint,10.11,,,,,1,10.11,,10.11,https://user-content.cardcastle.co/uploads/card_user/scanned_image/efc41114-2d63-4ffe-a25a-af260afc9a13.jpg,,,,81826,,
7965874,Magic,Commander: Modern Horizons 3,"Junji, the Midnight Sky",199,M,Near Mint,0.42,,,,,1,0.42,,0.42,https://user-content.cardcastle.co/uploads/card_user/scanned_image/954c605f-1845-49ef-9b37-2e7453b03dfb.jpg,,,,81826,,
7966283,Magic,Commander: Modern Horizons 3,Mortivore,201,R,Near Mint,0.32,,,,,1,0.32,,0.32,https://user-content.cardcastle.co/uploads/card_user/scanned_image/079286d1-ed8c-4a15-a0f9-ea19a24b0a99.jpg,,,,81826,,
7965978,Magic,Commander: Modern Horizons 3,Necrogoyf,202,R,Near Mint,0.26,,,,,1,0.26,,0.26,https://user-content.cardcastle.co/uploads/card_user/scanned_image/0a6a939a-d865-4070-a573-fb800dd93655.jpg,,,,81826,,
7899841,Magic,WPN & Gateway Promos,Costly Plunder (Retro Frame),14,R,Near Mint,0.32,,,,,1,0.32,,0.32,https://user-content.cardcastle.co/uploads/card_user/scanned_image/25b78837-f759-434e-b5b7-d2d9bfc8e3ec.jpg,,,,81826,,
7183276,Magic,The List Reprints,Pitiless Horde,DTK-112,R,Near Mint,0.24,,,,,2,0.24,,0.24,https://user-content.cardcastle.co/uploads/card_user/scanned_image/0ce27b4d-60e0-42db-904b-880338427c0f.jpg,,,,81826,,
4486243,Magic,Promo Pack: Core Set 2021,Massacre Wurm,114p,M,Near Mint,6.1,,,,,1,6.1,,6.1,https://user-content.cardcastle.co/uploads/card_user/scanned_image/2d29d8b7-d8a0-49c0-a057-b57ae075e023.jpg,$5.00,In store,8/21/2026,81826,,1.95
6929863,Magic,Phyrexia: All Will Be One,Black Sun's Twilight,84,R,Near Mint,0.33,,,,,2,0.33,,0.33,https://user-content.cardcastle.co/uploads/card_user/scanned_image/09a3a972-6946-460e-8f39-1319e84fdde1.jpg,,,,81826,,
25365,Magic,Guildpact,Sanguine Praetor,60,R,Near Mint,0.35,,,,,2,0.35,,0.35,https://user-content.cardcastle.co/uploads/card_user/scanned_image/c5d48905-bc3b-43bd-898e-08fd5ca958aa.jpg,,,,81826,,
1165976,Magic,Born of the Gods,Fated Return,69,R,Near Mint,0.25,,,,,1,0.25,,0.25,https://user-content.cardcastle.co/uploads/card_user/scanned_image/07aa5ebe-dbe0-4424-89b5-0d7534887a3d.jpg,,,,81826,,
8336925,Magic,Foundations,Abyssal Harvester,54,R,Near Mint,0.32,,,,,1,0.32,,0.32,https://user-content.cardcastle.co/uploads/card_user/scanned_image/252f2a2c-339a-4e65-a457-ee8cae427ac1.jpg,,,,81826,,
8213111,Magic,Commander: Duskmourn: House of Horror,Persistent Constrictor (Extended Art),52,R,Near Mint,13.29,,,,,2,13.29,,13.29,https://user-content.cardcastle.co/uploads/card_user/scanned_image/a550c206-1c54-472c-b543-e45e3d5f3a86.jpg,,,,81826,,
25244,Magic,Ravnica: City of Guilds,Woebringer Demon,113,R,Near Mint,0.41,,,,,1,0.41,,0.41,https://user-content.cardcastle.co/uploads/card_user/scanned_image/b8c2ae4c-6756-4909-84bd-5af3e047281a.jpg,,,,81826,,
4463886,Magic,Core Set 2021,"Kaervek, the Spiteful (Extended Art)",358,R,Near Mint,0.77,,,,,1,0.77,,0.77,https://user-content.cardcastle.co/uploads/card_user/scanned_image/4b292bbd-9db6-4323-afeb-df7ef3fef5c6.jpg,,,,81826,,
7361147,Magic,Wilds of Eldraine,Lord Skitter's Blessing,98,R,Near Mint,0.44,,,,,1,0.44,,0.44,https://user-content.cardcastle.co/uploads/card_user/scanned_image/57bc5120-75e2-4950-974a-565006cd07d0.jpg,,,,81826,,
7253600,Magic,Commander Masters,Wake the Dead,197,R,Near Mint,0.76,,,,,1,0.76,,0.76,https://user-content.cardcastle.co/uploads/card_user/scanned_image/e3d9b52f-a93d-41bf-a31d-3e0e44e120e2.jpg,,,,81826,,
8063025,Magic,Commander: Bloomburrow,Insatiable Frugivore (Extended Art),53,R,Near Mint,0.31,,,,,1,0.31,,0.31,https://user-content.cardcastle.co/uploads/card_user/scanned_image/f1d54739-c668-41f7-bdd3-88a01e69adaf.jpg,,,,81826,,
7624800,Magic,Ravnica Remastered,Midnight Reaper,86,R,Near Mint,0.37,,,,,1,0.37,,0.37,https://user-content.cardcastle.co/uploads/card_user/scanned_image/0e31ccfe-8804-4471-8b8c-c95e6cda27f6.jpg,,,,81826,,
8003435,Magic,Universes Beyond: Assassin's Creed,Jacob Frye,27,R,Near Mint,0.33,,,,,1,0.33,,0.33,https://user-content.cardcastle.co/uploads/card_user/scanned_image/2cd0bade-17e0-48b3-9429-72c5f8c64a03.jpg,,,,81826,,
7938340,Magic,Modern Horizons 3,Emperor of Bones,90,R,Near Mint,1.42,,,,,2,1.42,,1.42,https://user-content.cardcastle.co/uploads/card_user/scanned_image/976141c6-6798-4eba-bb52-bed9ef266f46.jpg,,,,81826,,
7794163,Magic,Universes Beyond: Assassin's Creed,Cover of Darkness (Extended Art),163,R,Near Mint,8.14,,,,,1,8.14,,8.14,https://user-content.cardcastle.co/uploads/card_user/scanned_image/8b12274c-7d82-47ee-9d4b-a717112000ca.jpg,,,,81826,,
8916959,Magic,Marvel's Spider-Man,"Black Cat, Cunning Thief (Borderless)",222,R,Near Mint,1.12,,,,,1,1.12,,1.12,https://user-content.cardcastle.co/uploads/card_user/scanned_image/c540595f-abbf-419e-a3e6-f01a79027f15.jpg,,,,81826,,
8912947,Magic,Marvel's Spider-Man,The Death of Gwen Stacy (Borderless),223,R,Near Mint,0.58,,,,,2,0.58,,0.58,https://user-content.cardcastle.co/uploads/card_user/scanned_image/854e5de2-52e4-4d83-bbef-fb85e67723a7.jpg,,,,81826,,
8991106,Magic,Avatar: The Last Airbender,"Mai, Scornful Striker",109,R,Near Mint,0.9,,,,,1,0.9,,0.9,https://user-content.cardcastle.co/uploads/card_user/scanned_image/df9b447a-3d16-4c78-b68e-ca2713d2c572.jpg,,,,81826,,
2742104,Magic,Dragons of Tarkir,Pitiless Horde,112,R,Near Mint,0.18,,,,,1,0.18,,0.18,https://user-content.cardcastle.co/uploads/card_user/scanned_image/b526ba09-6ec4-4b06-bec6-7f35b3ebd780.jpg,,,,81826,,
8759027,Magic,Commander: FINAL FANTASY,Rejoin the Fight (Extended Art),118,R,Near Mint,0.37,,,,,1,0.37,,0.37,https://user-content.cardcastle.co/uploads/card_user/scanned_image/8cebe17e-20e1-4907-b10e-67a7149d362b.jpg,,,,81826,,
8612579,Magic,Tarkir: Dragonstorm,"Sidisi, Regent of the Mire",92,R,Near Mint,0.28,,,,,2,0.28,,0.28,https://user-content.cardcastle.co/uploads/card_user/scanned_image/dea5de62-ba5b-4881-afea-40d904a2499f.jpg,,,,81826,,
8623666,Magic,Tarkir: Dragonstorm,The Sibsig Ceremony (Borderless),340,R,Near Mint,0.34,,,,,1,0.34,,0.34,https://user-content.cardcastle.co/uploads/card_user/scanned_image/26016098-cd39-4c04-a7f3-f7e327f6108f.jpg,,,,81826,,
7989429,Magic,Universes Beyond: Assassin's Creed,Conspiracy (Extended Art),162,R,Near Mint,0.63,,,,,1,0.63,,0.63,https://user-content.cardcastle.co/uploads/card_user/scanned_image/51a837ef-d41b-4ab4-b875-e8c0e3adcda7.jpg,,,,81826,,
7993072,Magic,Universes Beyond: Assassin's Creed,Royal Assassin (Extended Art),164,R,Near Mint,0.47,,,,,1,0.47,,0.47,https://user-content.cardcastle.co/uploads/card_user/scanned_image/882a174c-da78-41e1-927b-6d123aa31d62.jpg,,,,81826,,
8024711,Magic,Bloomburrow,Osteomancer Adept (Showcase),312,R,Near Mint,0.64,,,,,1,0.64,,0.64,https://user-content.cardcastle.co/uploads/card_user/scanned_image/b2507d60-35fe-412f-9467-d49b28153b8a.jpg,,,,81826,,
7953950,Magic,Modern Horizons 3,"Shilgengar, Sire of Famine",109,R,Near Mint,0.24,,,,,2,0.24,,0.24,https://user-content.cardcastle.co/uploads/card_user/scanned_image/d1fdcb80-c469-4b9d-a975-b41b03b1ded7.jpg,,,,81826,,
7172770,Magic,Universes Beyond: The Lord of the Rings: Tales of Middle-earth,Lobelia Sackville-Baggins,93,R,Near Mint,0.34,,,,,1,0.34,,0.34,https://user-content.cardcastle.co/uploads/card_user/scanned_image/b0406efe-d311-4c6b-a5a5-f8a5ed44085f.jpg,,,,81826,,
8631170,Magic,Commander: Tarkir: Dragonstorm,Conduit of Worlds,251,R,Near Mint,3.92,,,,,1,3.92,,3.92,https://user-content.cardcastle.co/uploads/card_user/scanned_image/ba40591b-e816-408d-8514-1da5daece772.jpg,,,,81826,,
7817782,Magic,Outlaws of Thunder Junction: Breaking News,"Oko, Thief of Crowns",50,M,Near Mint,4.35,,,,,1,4.35,,4.35,https://user-content.cardcastle.co/uploads/card_user/scanned_image/6910826a-cd70-4e6c-b726-897c553d236a.jpg,,,,81826,,
8759907,Magic,Commander: FINAL FANTASY,Yuna's Decision (Extended Art),125,R,Near Mint,0.97,,,,,1,0.97,,0.97,https://user-content.cardcastle.co/uploads/card_user/scanned_image/663d912a-b64d-4c82-bad6-d7cad4094669.jpg,,,,81826,,
8328305,Magic,Foundations,Preposterous Proportions (Borderless),338,R,Near Mint,1.46,,,,,1,1.46,,1.46,https://user-content.cardcastle.co/uploads/card_user/scanned_image/a1ca8a8c-1382-435f-a5e2-e87b383a5aa3.jpg,,,,81826,,
6955161,Magic,Phyrexia: All Will Be One,"Thrun, Breaker of Silence",186,R,Near Mint,0.34,,,,,1,0.34,,0.34,https://user-content.cardcastle.co/uploads/card_user/scanned_image/4ec78190-d431-40a1-98b2-cf85dfb09d4c.jpg,,,,81826,,
1182627,Magic,Journey Into Nyx,"Kruphix, God of Horizons",152,M,Near Mint,4.27,,,,,1,4.27,,4.27,https://user-content.cardcastle.co/uploads/card_user/scanned_image/351ffd6f-4527-4e32-84fb-18cd0d18feb8.jpg,,,,81826,,
7688213,Magic,Murders at Karlov Manor,Archdruid's Charm,151,R,Near Mint,8.28,,,,,1,8.28,,8.28,https://user-content.cardcastle.co/uploads/card_user/scanned_image/03ed4f10-9647-4ba6-b485-d3438dfa566d.jpg,,,,81826,,
8631110,Magic,Commander: Tarkir: Dragonstorm,Avenger of Zendikar,247,M,Near Mint,0.65,,,,,1,0.65,,0.65,https://user-content.cardcastle.co/uploads/card_user/scanned_image/26816478-62ae-40c3-bacd-b5562c7b87b2.jpg,,,,81826,,
9233408,Magic,Secrets of Strixhaven,Ambitious Augmenter,140,R,Near Mint,0.24,,,,,1,0.24,,0.24,https://user-content.cardcastle.co/uploads/card_user/scanned_image/72d9c981-deca-4a9d-ac18-78ef25d6f2d7.jpg,$0.30,In store,8/23/2026,81826,,0.18
7965935,Magic,Commander: Modern Horizons 3,"Selvala, Heart of the Wilds",246,M,Near Mint,4.78,,,,,1,4.78,,4.78,https://user-content.cardcastle.co/uploads/card_user/scanned_image/8e8e7a83-2923-4228-98d4-2fa49df81bcf.jpg,,,,81826,,
9229726,Magic,Commander: Secrets of Strixhaven,Yavimaya Bloomsage (Extended Art),92,R,Near Mint,0.73,,,,,1,0.73,,0.73,https://user-content.cardcastle.co/uploads/card_user/scanned_image/06767f5c-7375-43b8-80ae-163ba8a2d31b.jpg,,,,81826,,
4828094,Magic,Time Spiral: Remastered,Gauntlet of Power,267,M,Near Mint,4.32,,,,,1,4.32,,4.32,https://user-content.cardcastle.co/uploads/card_user/scanned_image/8f3c90e5-e39b-4f89-bff6-bd286e47b57e.jpg,,,,81826,,
6689853,Magic,The Brothers' War,One with the Multiverse,59,M,Near Mint,3.74,,,,,1,3.74,,3.74,https://user-content.cardcastle.co/uploads/card_user/scanned_image/dd1f848e-44a0-41f0-a83d-eab8ed6c722f.jpg,,,,81826,,
6912550,Magic,Phyrexia: All Will Be One,Island (268) - Full Art,268,C,Near Mint,0.85,,,,,2,0.85,,0.85,https://user-content.cardcastle.co/uploads/card_user/scanned_image/0f15d463-1cc2-4d0d-a707-f0da7222351f.jpg,,,,81826,,
5298383,Magic,Commander: Innistrad: Crimson Vow,Cordial Vampire,125,R,Near Mint,2.72,,,,,1,2.72,,2.72,https://user-content.cardcastle.co/uploads/card_user/scanned_image/b3d76116-bacc-4eb2-83f8-dea5a28f370d.jpg,,,,81826,,
7365062,Magic,Wilds of Eldraine: Enchanting Tales,Nature's Will,57,R,Near Mint,7.17,,,,,1,7.17,,7.17,https://user-content.cardcastle.co/uploads/card_user/scanned_image/fa0218d5-8342-43a9-982b-f566095f176a.jpg,,,,81826,,
7712663,Magic,Commander: Murders at Karlov Manor,"Koma, Cosmos Serpent",213,M,Near Mint,5.59,,,,,1,5.59,,5.59,https://user-content.cardcastle.co/uploads/card_user/scanned_image/00418b31-7826-465e-a4da-0afc329f6b62.jpg,,,,81826,,
8802325,Magic,Edge of Eternities,The Endstone,240,M,Near Mint,2.92,,,,,1,2.92,,2.92,https://user-content.cardcastle.co/uploads/card_user/scanned_image/77d1bc72-9926-460f-9608-d4ed39d16073.jpg,,,,81826,,
8091940,Magic,Mystery Booster 2,Preordain (White Border),35,C,Near Mint,0.49,,,,,1,0.49,,0.49,https://user-content.cardcastle.co/uploads/card_user/scanned_image/d2604c34-aa70-4f2a-92be-ffb4f34ab374.jpg,,,,81826,,
4196740,Magic,Throne of Eldraine,The Magic Mirror (Extended Art),345,M,Near Mint,5.36,,,,,1,5.36,,5.36,https://user-content.cardcastle.co/uploads/card_user/scanned_image/5a17991b-51ff-4547-8730-817338cf7c84.jpg,,,,81826,,
3610970,Magic,Masters 25,Arcane Denial,41,C,Near Mint,2.19,,,,,1,2.19,,2.19,https://user-content.cardcastle.co/uploads/card_user/scanned_image/47749aaa-cf29-44ff-84fc-93755c9a6887.jpg,,,,81826,,
8343100,Magic,Foundations,"Loot, Exuberant Explorer (Borderless)",336,R,Near Mint,5.29,,,,,1,5.29,,5.29,https://user-content.cardcastle.co/uploads/card_user/scanned_image/118e2e2b-1257-42ea-b6bb-8485425d103a.jpg,,,,81826,,
8715895,Magic,FINAL FANTASY: Through the Ages,Endwalker - Brainstorm (Showcase),28,U,Near Mint,1.26,,,,,1,1.26,,1.26,https://user-content.cardcastle.co/uploads/card_user/scanned_image/ccfeb180-795d-4abd-87dc-52bda3b116c5.jpg,,,,81826,,
7945255,Magic,Modern Horizons 3,Buried Alive,273,U,Near Mint,1.31,,,,,1,1.31,,1.31,https://user-content.cardcastle.co/uploads/card_user/scanned_image/13c27a37-8100-4082-b21b-a9d08b14fd1c.jpg,,,,81826,,
6910790,Magic,Phyrexia: All Will Be One,Island (263) - Full Art,263,C,Near Mint,0.36,,,,,4,0.36,,0.36,https://user-content.cardcastle.co/uploads/card_user/scanned_image/8fa03db6-6d47-4337-8c44-93cad856c842.jpg,,,,81826,,
9069254,Magic,Lorwyn Eclipsed,Island (0275),275,C,Near Mint,0.32,,,,,2,0.32,,0.32,https://user-content.cardcastle.co/uploads/card_user/scanned_image/0e11db93-e317-437c-8e20-6ce1602f848b.jpg,,,,81826,,
8692985,Magic,FINAL FANTASY,Island (0299),299,C,Near Mint,0.2,,,,,1,0.2,,0.2,https://user-content.cardcastle.co/uploads/card_user/scanned_image/1b64d24b-d8eb-4f18-834a-bc8e00069b4f.jpg,,,,81826,,
6683758,Magic,Commander: The Brothers' War,Thran Dynamo (Retro Frame),168,U,Near Mint,3.82,,,,,1,3.82,,3.82,https://user-content.cardcastle.co/uploads/card_user/scanned_image/61c0e5dc-2b6f-4bba-82c0-5b2c35edabc7.jpg,,,,81826,,
3805839,Magic,Commander 2018,Ancient Stone Idol,53,R,Near Mint,0.99,,,,,1,0.99,,0.99,https://user-content.cardcastle.co/uploads/card_user/scanned_image/1612a435-62fa-4d94-9789-4c0049647059.jpg,,,,81826,,
4580405,Magic,Commander: Zendikar Rising,Obelisk of Urd,115,R,Near Mint,2.77,,,,,1,2.77,,2.77,https://user-content.cardcastle.co/uploads/card_user/scanned_image/07f8b484-8f26-4cbd-b280-ce6723d9918c.jpg,,,,81826,,
7989669,Magic,Universes Beyond: Assassin's Creed,Rest in Peace,83,R,Near Mint,0.99,,,,,6,0.99,,0.99,https://user-content.cardcastle.co/uploads/card_user/scanned_image/c143c280-0cde-4726-8d7a-22e6ba2d4f72.jpg,,,,81826,,
471804,Magic,Commander,Magus of the Vineyard,166,R,Near Mint,4.24,,,,,1,4.24,,4.24,https://user-content.cardcastle.co/uploads/card_user/scanned_image/0b147449-2fcb-4b9c-a2e3-3392e64df2ce.jpg,,,,81826,,
4051443,Magic,Modern Horizons,Snow-Covered Forest,254,C,Near Mint,0.97,,,,,53,0.97,,0.97,https://user-content.cardcastle.co/uploads/card_user/scanned_image/c608f59b-07b9-4d9a-bd6a-96e6546f8d1c.jpg,,,,81826,,
7831884,Magic,Outlaws of Thunder Junction,Smuggler's Surprise,180,R,Near Mint,4.45,,,,,1,4.45,,4.45,https://user-content.cardcastle.co/uploads/card_user/scanned_image/5e43140a-cb8b-4126-81bf-cc8279bff54e.jpg,,,,81826,,
1170536,Magic,Duel Decks: Jace vs. Vraska,Remand,26,U,Near Mint,0.46,,,,,1,0.46,,0.46,https://user-content.cardcastle.co/uploads/card_user/scanned_image/43b8903a-d52e-447e-bc18-487ff02ce822.jpg,,,,81826,,
2949468,Magic,Duel Decks: Zendikar vs. Eldrazi,Primal Command,20,R,Near Mint,0.33,,,,,1,0.33,,0.33,https://user-content.cardcastle.co/uploads/card_user/scanned_image/31b1d504-0928-4064-abb9-d82065e3b62c.jpg,,,,81826,,
4369933,Magic,Commander 2020,Lifecrafter's Bestiary,244,R,Near Mint,0.42,,,,,1,0.42,,0.42,https://user-content.cardcastle.co/uploads/card_user/scanned_image/069ec809-afb1-4c44-986b-3e2779989243.jpg,,,,81826,,
4866115,Magic,Strixhaven: School of Mages,Double Major,179,R,Near Mint,2.68,,,,,1,2.68,,2.68,https://user-content.cardcastle.co/uploads/card_user/scanned_image/364ff021-a8f0-4a16-beb9-3dbf0b5beb6e.jpg,,,,81826,,
8630150,Magic,Tarkir: Dragonstorm,Glacierwood Siege (Borderless),386,R,Near Mint,0.47,,,,,1,0.47,,0.47,https://user-content.cardcastle.co/uploads/card_user/scanned_image/c11cf6b7-6c05-4770-a11c-adeaecc28400.jpg,,,,81826,,
8645914,Magic,Tarkir: Dragonstorm,Lasyd Prowler (Borderless),348,R,Near Mint,0.29,,,,,1,0.29,,0.29,https://user-content.cardcastle.co/uploads/card_user/scanned_image/9317b621-0a3a-4dac-aa14-b29a8dc72b27.jpg,,,,81826,,
8628470,Magic,Commander: Tarkir: Dragonstorm,Goldlust Triad (Extended Art),74,R,Near Mint,9.75,,,,,1,9.75,,9.75,https://user-content.cardcastle.co/uploads/card_user/scanned_image/645e1294-1fd2-47f9-bad8-6eff9509306f.jpg,,,,81826,,
8196442,Magic,Commander: Duskmourn: House of Horror,Curator Beastie (Extended Art),58,R,Near Mint,0.37,,,,,1,0.37,,0.37,https://user-content.cardcastle.co/uploads/card_user/scanned_image/9ec0d170-436b-4aa3-9038-58783fda7c9e.jpg,,,,81826,,
8179015,Magic,Duskmourn: House of Horror,Leyline of Mutation (Extended Art),382,R,Near Mint,0.42,,,,,1,0.42,,0.42,https://user-content.cardcastle.co/uploads/card_user/scanned_image/cd3ddcd5-a4c3-4fa3-b783-e35f90ea03f0.jpg,,,,81826,,
1228140,Magic,Magic 2015 (M15),Hornet Queen,178,R,Near Mint,0.22,,,,,2,0.22,,0.22,https://user-content.cardcastle.co/uploads/card_user/scanned_image/9fa49dcb-589a-469b-a743-1ab4909048b3.jpg,,,,81826,,
343611,Magic,Dissension,Sprouting Phytohydra,95,R,Moderately Played,2.16,,,,,1,2.16,,2.16,https://user-content.cardcastle.co/uploads/card_user/scanned_image/d8dfd2ff-01a2-483d-a2a8-1d8155b2e328.jpg,,,,81826,,
1139680,Magic,Commander 2013,Kazandu Tuskcaller,152,R,Lightly Played,0.24,,,,,1,0.24,,0.24,https://user-content.cardcastle.co/uploads/card_user/scanned_image/e9c6711c-f701-478c-a0cf-d9aac9d2e6a2.jpg,,,,81826,,
370318,Magic,Invasion,Phyrexian Delver,115,R,Lightly Played,1.29,,,,,1,1.29,,1.29,https://user-content.cardcastle.co/uploads/card_user/scanned_image/a59c328d-dae4-4d52-a5c1-8db4d1600955.jpg,,,,81826,,
8741130,Magic,FINAL FANTASY,Ninja's Blades,108,R,Near Mint,0.39,,,,,1,0.39,,0.39,https://user-content.cardcastle.co/uploads/card_user/scanned_image/c08119bc-a341-4bdc-89ae-b91f088ae77d.jpg,,,,81826,,
8982238,Magic,Avatar: The Last Airbender,Secret Tunnel (Extended Art),392,R,Near Mint,6.15,,,,,1,6.15,,6.15,https://user-content.cardcastle.co/uploads/card_user/scanned_image/ff928c38-19a7-4b5d-8386-aa9ddcd8b26a.jpg,,,,81826,,
8786438,Magic,Edge of Eternities,Island (0263) (Borderless),263,C,Near Mint,1.36,,,,,1,1.36,,1.36,https://user-content.cardcastle.co/uploads/card_user/scanned_image/c02853eb-8814-4f8b-9672-7a6bbb7f83e4.jpg,,,,81826,,
8820848,Magic,Edge of Eternities,"Alpharael, Stonechosen",87,M,Near Mint,0.38,,,,,1,0.38,,0.38,https://user-content.cardcastle.co/uploads/card_user/scanned_image/26c6704d-07a3-4756-b9b9-2c64a78148c0.jpg,,,,81826,,
8732731,Magic,FINAL FANTASY: Through the Ages,"Golbez, Clad in Darkness - Syr Konrad, the Grim (Showcase)",10,U,Near Mint,1.09,,,,,1,1.09,,1.09,https://user-content.cardcastle.co/uploads/card_user/scanned_image/740b04eb-76de-4b86-a79b-b3f12c642ee3.jpg,,,,81826,,
8915107,Magic,Marvel's Spider-Man,"The Spot, Living Portal",153,R,Near Mint,0.28,,,,,1,0.28,,0.28,https://user-content.cardcastle.co/uploads/card_user/scanned_image/dc001db0-1fc3-4686-a06f-1e35dc8899a9.jpg,,,,81826,,
6937909,Magic,Phyrexia: All Will Be One,Serum Sovereign,405,R,Near Mint,0.29,,,,,1,0.29,,0.29,https://user-content.cardcastle.co/uploads/card_user/scanned_image/f61758f8-4a08-427b-9442-d75b1b592b78.jpg,,,,81826,,
8825291,Magic,Edge of Eternities,Weftwalking,86,M,Near Mint,0.36,,,,,1,0.36,,0.36,https://user-content.cardcastle.co/uploads/card_user/scanned_image/bba7ae6b-ab3a-4d72-9e19-adac7aaa4778.jpg,$0.50,In store,8/24/2026,81826,,0.32
9005401,Magic,Avatar: The Last Airbender,Great Divide Guide (Showcase),345,R,Near Mint,2.01,,,,,1,2.01,,2.01,https://user-content.cardcastle.co/uploads/card_user/scanned_image/a907bc71-3718-4624-9527-5b796a597747.jpg,,,,81826,,
8995613,Magic,Avatar: The Last Airbender,Earthbender Ascension (Borderless),307,R,Near Mint,2.99,,,,,1,2.99,,2.99,https://user-content.cardcastle.co/uploads/card_user/scanned_image/59e61dc1-a3da-48c1-b302-a7d78f863dd9.jpg,,,,81826,,
8884290,Magic,Avatar: The Last Airbender,"Sokka, Bold Boomeranger (Extended Art)",383,R,Near Mint,0.58,,,,,1,0.58,,0.58,https://user-content.cardcastle.co/uploads/card_user/scanned_image/77057e2f-c130-4ebb-be20-6dc31e076c11.jpg,,,,81826,,
9004497,Magic,Avatar: The Last Airbender: Eternal-Legal,Storm of Memories (Extended Art),199,R,Near Mint,1.66,,,,,1,1.66,,1.66,https://user-content.cardcastle.co/uploads/card_user/scanned_image/1d070126-48a6-441d-b06c-6aeccd4d522d.jpg,,,,81826,,
9008108,Magic,Avatar: The Last Airbender,"Hakoda, Selfless Commander (Extended Art)",366,R,Near Mint,1.09,,,,,1,1.09,,1.09,https://user-content.cardcastle.co/uploads/card_user/scanned_image/b89560b0-8caa-46ac-a80d-f925232912e7.jpg,,,,81826,,
8998711,Magic,Avatar: The Last Airbender: Eternal-Legal,"Jet, Rebel Leader (Extended Art)",172,R,Near Mint,0.57,,,,,1,0.57,,0.57,https://user-content.cardcastle.co/uploads/card_user/scanned_image/23eed215-b619-43d0-917d-c7cee95771d0.jpg,,,,81826,,
8821458,Magic,Edge of Eternities,The Dominion Bracelet,239,M,Near Mint,0.4,,,,,1,0.4,,0.4,https://user-content.cardcastle.co/uploads/card_user/scanned_image/bfe5f6fb-b51e-4414-ac91-7e224d021272.jpg,,,,81826,,
7381609,Magic,The List Reprints,"Minsc & Boo, Timeless Heroes",CLB-285,M,Near Mint,4.26,,,,,1,4.26,,4.26,https://user-content.cardcastle.co/uploads/card_user/scanned_image/9d711d41-d160-463d-9614-6e55642cdc90.jpg,,,,81826,,
8247941,Magic,The List Reprints,Oath of Nissa,OGW-140,R,Near Mint,0.35,,,,,1,0.35,,0.35,https://user-content.cardcastle.co/uploads/card_user/scanned_image/d81abb3d-12f0-4852-9dad-1bfe1dfc8ce9.jpg,,,,81826,,
8094645,Magic,Mystery Booster 2,Giver of Runes (Future Sight),147,R,Near Mint,8.73,,,,,1,8.73,,8.73,https://user-content.cardcastle.co/uploads/card_user/scanned_image/7660523c-551b-408d-9edf-3ffe440ab528.jpg,,,,81826,,
7510054,Magic,Commander: The Lost Caverns of Ixalan,Wedding Ring (Borderless),102,M,Near Mint,27.91,,,,,1,27.91,,27.91,https://user-content.cardcastle.co/uploads/card_user/scanned_image/db4a7908-92d3-45a9-8963-a0edb13172e3.jpg,,,,81826,,
6949148,Magic,Phyrexia: All Will Be One,Tablet of Compleation,245,R,Near Mint,0.19,,,,,1,0.19,,0.19,https://user-content.cardcastle.co/uploads/card_user/scanned_image/e146f3f4-0d2e-4b8d-ae3d-b094fa8a3a8e.jpg,,,,81826,,
6673417,Magic,The Brothers' War: Retro Frame Artifacts,Swiftfoot Boots,58,U,Near Mint,3.22,,,,,1,3.22,,3.22,https://user-content.cardcastle.co/uploads/card_user/scanned_image/3387962c-2c47-4d12-b903-b88a44a53e10.jpg,$4.30,In store,8/17/2026,81826,,2.69
5614593,Magic,Commander Legends: Battle for Baldur's Gate,Basilisk Collar,300,R,Near Mint,5.2,,,,,1,5.2,,5.2,https://user-content.cardcastle.co/uploads/card_user/scanned_image/b3772abc-ac7d-4d51-bac5-166cff7189a8.jpg,,,,81826,,
7248531,Magic,Commander Masters,Command Tower (Borderless),659,C,Near Mint,2.05,,,,,1,2.05,,2.05,https://user-content.cardcastle.co/uploads/card_user/scanned_image/4f6d3c34-d763-4b84-b18f-b685bf9cd032.jpg,,,,81826,,
373260,Magic,Darksteel,Arcbound Reclaimer,101,R,Lightly Played,5.21,,,,,1,5.21,,5.21,https://user-content.cardcastle.co/uploads/card_user/scanned_image/6e04be90-7243-44fb-8490-198292cc23e5.jpg,,,,81826,,
9005521,Magic,Avatar: The Last Airbender,Ba Sing Se (Extended Art),388,R,Near Mint,7.44,,,,,1,7.44,,7.44,https://user-content.cardcastle.co/uploads/card_user/scanned_image/d4231e2f-5f2f-4b03-91aa-d4c19070fd23.jpg,,,,81826,,
8976707,Magic,Avatar: The Last Airbender,Ran and Shaw (Borderless),325,R,Near Mint,1.52,,,,,1,1.52,,1.52,https://user-content.cardcastle.co/uploads/card_user/scanned_image/ab78e679-afb1-4e01-96f3-862a4425ce8f.jpg,,,,81826,,
8786498,Magic,Edge of Eternities,Swamp (0264) (Borderless),264,C,Near Mint,1.85,,,,,2,1.85,,1.85,https://user-content.cardcastle.co/uploads/card_user/scanned_image/582cd193-36a7-4bcf-9834-7e688a478fc5.jpg,,,,81826,,
8786378,Magic,Edge of Eternities,Plains (0262) (Borderless),262,C,Near Mint,0.9,,,,,1,0.9,,0.9,https://user-content.cardcastle.co/uploads/card_user/scanned_image/1cb552d9-aa6d-43c3-8ded-f6ebd3c44c0b.jpg,,,,81826,,
9360327,Magic,Commander: Marvel Super Heroes,Methods of the Mighty (Extended Art),315,R,Near Mint,1.35,,,,,1,1.35,,1.35,https://user-content.cardcastle.co/uploads/card_user/scanned_image/4389f83f-d0da-4ff0-a524-e50d7e2429f2.jpg,,,,81826,,
8911936,Magic,Marvel's Spider-Man,Spider-Sense,46,R,Near Mint,2.3,,,,,1,2.3,,2.3,https://user-content.cardcastle.co/uploads/card_user/scanned_image/641042e1-42e0-4208-ab00-89706b9516d0.jpg,,,,81826,,
414268,Magic,Mirrodin Besieged,Creeping Corrosion,78,R,Near Mint,3.56,,,,,1,3.56,,3.56,https://user-content.cardcastle.co/uploads/card_user/scanned_image/6c9669b5-8601-4b05-980f-4f653f9e144d.jpg,,,,81826,,
8693820,Magic,FINAL FANTASY: Through the Ages,The Imperial City of Archades - Wall of Omens (Showcase),27,U,Near Mint,0.29,,,,,1,0.29,,0.29,https://user-content.cardcastle.co/uploads/card_user/scanned_image/00e1b0c6-9b25-45ec-a7fd-86bb52fca46d.jpg,,,,81826,,
9079200,Magic,Lorwyn Eclipsed,"Grub, Storied Matriarch (Borderless)",289,R,Near Mint,0.93,,,,,1,0.93,,0.93,https://user-content.cardcastle.co/uploads/card_user/scanned_image/b3ee48db-48e1-4985-a284-8ce6426ecda9.jpg,,,,81826,,
8912886,Magic,Marvel's Spider-Man,Friendly Neighborhood (Extended Art),246,R,Near Mint,0.39,,,,,1,0.39,,0.39,https://user-content.cardcastle.co/uploads/card_user/scanned_image/0667ed87-c745-418a-b629-cc49da1875fd.jpg,,,,81826,,
8922338,Magic,Marvel's Spider-Man,Biorganic Carapace (Extended Art),269,R,Near Mint,0.41,,,,,1,0.41,,0.41,https://user-content.cardcastle.co/uploads/card_user/scanned_image/7c5bc43c-e8d1-4b65-8751-64293a9f7319.jpg,,,,81826,,
5253774,Magic,Innistrad: Crimson Vow,Stormcarved Coast (Borderless),284,R,Near Mint,5.02,,,,,1,5.02,,5.02,https://user-content.cardcastle.co/uploads/card_user/scanned_image/b9224e3d-7ff2-455a-8b5a-5ec37d4334f3.jpg,,,,81826,,
5157696,Magic,Innistrad: Midnight Hunt,Haunted Ridge (Borderless),282,R,Near Mint,8.8,,,,,1,8.8,,8.8,https://user-content.cardcastle.co/uploads/card_user/scanned_image/7004b991-97cc-4fb8-b63a-677662867bcb.jpg,,,,81826,,
7966490,Magic,Commander: Modern Horizons 3,The Reaver Cleaver,217,R,Near Mint,19.9,,,,,1,19.9,,19.9,https://user-content.cardcastle.co/uploads/card_user/scanned_image/84a8dfb5-d916-4ed6-b0df-3562288c49eb.jpg,,Online,,81826,$19.90,9.95
7388851,Magic,Commander: Wilds of Eldraine,Court of Garenbrig,25,R,Near Mint,18.96,,,,,1,18.96,,18.96,https://user-content.cardcastle.co/uploads/card_user/scanned_image/aa7a19ff-d639-4799-a74c-f6ae881619de.jpg,,,,81826,,
9428141,Magic,The Hobbit,Wizard's Staff,59,R,Near Mint,5.31,,,,,1,5.31,,5.31,https://user-content.cardcastle.co/uploads/card_user/scanned_image/0ab34e7b-026c-41a3-8124-f315766c1442.jpg,,,,81826,,
9417811,Magic,The Hobbit,The Master of Lake-town,77,R,Near Mint,0.5,,,,,2,0.5,,0.5,https://user-content.cardcastle.co/uploads/card_user/scanned_image/d25ee68a-700e-49ba-8909-465284270497.jpg,,,,81826,,
9414618,Magic,The Hobbit,The Lonely Mountain,187,R,Near Mint,0.6,,,,,2,0.6,,0.6,https://user-content.cardcastle.co/uploads/card_user/scanned_image/b7a89839-03ae-43f1-bb25-c40112ff66c9.jpg,,Online,,81826,$0.60,0.3
9434122,Magic,The Hobbit,"Smaug, Wicked Worm",164,R,Near Mint,1.91,,,,,2,1.91,,1.91,https://user-content.cardcastle.co/uploads/card_user/scanned_image/c9e39e9b-47f0-4dbe-bc1a-1344e3cffb40.jpg,,Online,,81826,$1.91,0.955
8030144,Magic,Bloomburrow,Thundertrap Trainer (Showcase),307,R,Near Mint,1.35,,,,,1,1.35,,1.35,https://user-content.cardcastle.co/uploads/card_user/scanned_image/4b4765cd-0ef8-4fe8-8cc7-8c43f626aa0e.jpg,,,,81826,,
340866,Magic,Legions,Riptide Mangler,51,R,Moderately Played,0.22,,,,,1,0.22,,0.22,https://user-content.cardcastle.co/uploads/card_user/scanned_image/06c063d3-f165-4555-8669-4c403f51def8.jpg,,,,81826,,
372365,Magic,Legions,Chromeshell Crab,32,R,Lightly Played,0.36,,,,,1,0.36,,0.36,https://user-content.cardcastle.co/uploads/card_user/scanned_image/29be3ded-c1b9-461e-9de3-60079b888b42.jpg,,,,81826,,
375039,Magic,Dissension,Govern the Guildless,25,R,Lightly Played,0.31,,,,,1,0.31,,0.31,https://user-content.cardcastle.co/uploads/card_user/scanned_image/0ddd5bd6-d897-47b1-8e00-262f7311046c.jpg,,,,81826,,
8907080,Magic,Marvel Universe Eternal-Legal,"Doc Ock, Armed and Dangerous - Lorthos, the Tidemaker (Borderless)",10,M,Near Mint,0.76,,,,,1,0.76,,0.76,https://user-content.cardcastle.co/uploads/card_user/scanned_image/ba54f9b0-00e9-4a90-b2fa-9d4efc35ca0b.jpg,,,,81826,,
7250356,Magic,Commander Masters,"Sai, Master Thopterist",118,R,Near Mint,0.63,,,,,1,0.63,,0.63,https://user-content.cardcastle.co/uploads/card_user/scanned_image/dd6bcead-ad1c-47c7-8d1a-eed4a8ba41e1.jpg,,,,81826,,
9442018,Magic,The Hobbit,Stone-Giant of High Pass,113,R,Near Mint,0.22,,,,,1,0.22,,0.22,https://user-content.cardcastle.co/uploads/card_user/scanned_image/090942c5-2a8d-4e79-a823-e77a95755c20.jpg,,,,81826,,
9432184,Magic,The Hobbit,Gigantic Big Bear,126,R,Near Mint,0.39,,,,,2,0.39,,0.39,https://user-content.cardcastle.co/uploads/card_user/scanned_image/430f00a3-d02c-4e16-b082-9282a346739b.jpg,,,,81826,,
8216858,Magic,Duskmourn: House of Horror,Marina Vendrell's Grimoire (Showcase),308,R,Near Mint,0.33,,,,,1,0.33,,0.33,https://user-content.cardcastle.co/uploads/card_user/scanned_image/a3fc183c-0317-4289-96b9-6073d84182fa.jpg,,,,81826,,
5758133,Magic,Dominaria United,Sphinx of Clear Skies,67,M,Near Mint,0.29,,,,,1,0.29,,0.29,https://user-content.cardcastle.co/uploads/card_user/scanned_image/e506b57d-5e73-4398-9f9a-dc71c2a39466.jpg,,,,81826,,
7270003,Magic,Commander Masters,Stitcher Geralf,121,R,Near Mint,0.34,,,,,2,0.34,,0.34,https://user-content.cardcastle.co/uploads/card_user/scanned_image/25129550-0853-40fc-b500-cfb8bf8d88b0.jpg,,,,81826,,
5187927,Magic,Innistrad: Midnight Hunt,Malevolent Hermit,61,R,Near Mint,1.7,,,,,1,1.7,,1.7,https://user-content.cardcastle.co/uploads/card_user/scanned_image/f7fc543f-ddf1-488d-8d52-8861388b1965.jpg,,,,81826,,
7371705,Magic,Wilds of Eldraine,Asinine Antics,42,M,Near Mint,0.84,,,,,1,0.84,,0.84,https://user-content.cardcastle.co/uploads/card_user/scanned_image/4405cf00-83df-4b2b-9087-5ab05777821e.jpg,,,,81826,,
7900787,Magic,Modern Horizons 3,Nulldrifter,13,R,Near Mint,1.15,,,,,1,1.15,,1.15,https://user-content.cardcastle.co/uploads/card_user/scanned_image/912b1a19-4025-44a6-81e6-dbd06ef040e4.jpg,,,,81826,,
7185398,Magic,Universes Beyond: The Lord of the Rings: Tales of Middle-earth,Press the Enemy,65,R,Near Mint,0.59,,,,,1,0.59,,0.59,https://user-content.cardcastle.co/uploads/card_user/scanned_image/aa413f79-00f9-4590-a08c-6695f82713ac.jpg,,,,81826,,
8195932,Magic,Commander: Duskmourn: House of Horror,Kefnet the Mindful,118,M,Near Mint,0.34,,,,,1,0.34,,0.34,https://user-content.cardcastle.co/uploads/card_user/scanned_image/a2779661-6b0b-4374-b91d-2979a384f7bb.jpg,,,,81826,,
7197505,Magic,Universes Beyond: The Lord of the Rings: Tales of Middle-earth,Rangers of Ithilien,66,R,Near Mint,0.27,,,,,2,0.27,,0.27,https://user-content.cardcastle.co/uploads/card_user/scanned_image/5898bf06-963d-4152-9ce1-347241702cff.jpg,,,,81826,,
7197955,Magic,Universes Beyond: The Lord of the Rings: Tales of Middle-earth,Lost Isle Calling,61,R,Near Mint,0.35,,,,,2,0.35,,0.35,https://user-content.cardcastle.co/uploads/card_user/scanned_image/38d70e1e-a783-42bb-9510-a9b698e80961.jpg,,,,81826,,
18321,Magic,Exodus,Treasure Trove,50,U,Near Mint,0.17,,,,,1,0.17,,0.17,https://user-content.cardcastle.co/uploads/card_user/scanned_image/7af79d88-03d2-4cbf-81f0-ed6f963f240a.jpg,,,,81826,,
4973076,Magic,Modern Horizons 2,Dress Down,39,R,Near Mint,0.59,,,,,1,0.59,,0.59,https://user-content.cardcastle.co/uploads/card_user/scanned_image/0aebb02e-1f0a-4035-bf7f-bf6878ba7eea.jpg,$0.75,In store,8/14/2026,81826,,0.455
8008085,Magic,Universes Beyond: Assassin's Creed,Desynchronization (Extended Art),159,R,Near Mint,5.32,,,,,3,5.32,,5.32,https://user-content.cardcastle.co/uploads/card_user/scanned_image/172ca779-9d06-4e14-8809-1463bb1241ff.jpg,,,,81826,,
8322732,Magic,Foundations,Lunar Insight,46,R,Near Mint,0.19,,,,,3,0.19,,0.19,https://user-content.cardcastle.co/uploads/card_user/scanned_image/7dea7382-915f-4532-8176-6ed33cb759c8.jpg,,,,81826,,
7284719,Magic,Commander Masters,Sparkshaper Visionary,726,R,Near Mint,0.24,,,,,1,0.24,,0.24,https://user-content.cardcastle.co/uploads/card_user/scanned_image/603f3a36-9d10-4596-a5e8-05dcd471b577.jpg,,,,81826,,
8322912,Magic,Foundations,Sphinx of Forgotten Lore,51,M,Near Mint,0.36,,,,,1,0.36,,0.36,https://user-content.cardcastle.co/uploads/card_user/scanned_image/838dd107-fd1f-461b-807f-620363d6c620.jpg,,,,81826,,
7712338,Magic,Commander: Murders at Karlov Manor,Thought Monitor,121,R,Near Mint,0.91,,,,,1,0.91,,0.91,https://user-content.cardcastle.co/uploads/card_user/scanned_image/7db80c24-f766-4927-81bd-aa98116bb8f9.jpg,,,,81826,,
7175560,Magic,Universes Beyond: The Lord of the Rings: Tales of Middle-earth,"Sauron, the Necromancer (Showcase)",310,R,Near Mint,0.53,,,,,2,0.53,,0.53,https://user-content.cardcastle.co/uploads/card_user/scanned_image/13e51e89-61d3-4e75-8ef5-84357d395297.jpg,,,,81826,,
8160374,Magic,Duskmourn: House of Horror,Demonic Counsel (Showcase),310,R,Near Mint,2.35,,,,,1,2.35,,2.35,https://user-content.cardcastle.co/uploads/card_user/scanned_image/a83657a9-6ca2-490e-9393-c36d38f087f4.jpg,,,,81826,,
8211585,Magic,Commander: Duskmourn: House of Horror,Deluge of Doom,18,R,Near Mint,0.28,,,,,1,0.28,,0.28,https://user-content.cardcastle.co/uploads/card_user/scanned_image/2c9c209f-e927-4ac7-9c2b-b901b267b7ba.jpg,,,,81826,,
8917949,Magic,Marvel's Spider-Man,"Morlun, Devourer of Spiders",59,R,Near Mint,0.44,,,,,3,0.44,,0.44,https://user-content.cardcastle.co/uploads/card_user/scanned_image/25452833-e5e5-4dc8-9e7d-cde8ea4ab883.jpg,,,,81826,,
1257382,Magic,Khans of Tarkir,Bloodsoaked Champion,66,R,Near Mint,0.35,,,,,1,0.35,,0.35,https://user-content.cardcastle.co/uploads/card_user/scanned_image/31ae3eee-2263-418a-b5f1-cbe6328ce704.jpg,,,,81826,,
23752,Magic,Darksteel,Mephitic Ooze,47,R,Near Mint,0.61,,,,,1,0.61,,0.61,https://user-content.cardcastle.co/uploads/card_user/scanned_image/97ed84e8-f9b0-436b-b2d1-c70ad5453c34.jpg,,,,81826,,
25252,Magic,Guildpact,Abyssal Nocturnus,43,R,Near Mint,0.66,,,,,1,0.66,,0.66,https://user-content.cardcastle.co/uploads/card_user/scanned_image/2ab08bae-038a-4254-a776-7874608c7e7c.jpg,,,,81826,,
25128,Magic,Ravnica: City of Guilds,Necroplasm,98,R,Near Mint,0.81,,,,,1,0.81,,0.81,https://user-content.cardcastle.co/uploads/card_user/scanned_image/5d63728f-3520-41b3-9cb2-f946f82c976b.jpg,,,,81826,,
2897277,Magic,Magic Origins,Demonic Pact,92,M,Near Mint,0.74,,,,,1,0.74,,0.74,https://user-content.cardcastle.co/uploads/card_user/scanned_image/14e24622-5ee0-475b-a545-0866f2239fec.jpg,,,,81826,,
8868904,Magic,Marvel's Spider-Man,Symbiote Spider-Man,156,R,Near Mint,0.44,,,,,1,0.44,,0.44,https://user-content.cardcastle.co/uploads/card_user/scanned_image/c6695bfa-4637-4385-9301-2a979b16faea.jpg,,,,81826,,
8911246,Magic,Marvel's Spider-Man,Interdimensional Web Watch,165,R,Near Mint,0.33,,,,,1,0.33,,0.33,https://user-content.cardcastle.co/uploads/card_user/scanned_image/dbc3ff35-e443-4c0a-bdd1-bcaf2f6befaf.jpg,,,,81826,,
8921368,Magic,Marvel's Spider-Man,Friendly Neighborhood,8,R,Near Mint,0.25,,,,,2,0.25,,0.25,https://user-content.cardcastle.co/uploads/card_user/scanned_image/ee60726b-3105-4faa-aeb8-d5caa24c8af9.jpg,,,,81826,,
9092882,Magic,Lorwyn Eclipsed,Dream Harvest,216,R,Near Mint,0.34,,,,,1,0.34,,0.34,https://user-content.cardcastle.co/uploads/card_user/scanned_image/97dd4877-04e3-4744-af59-f3f233e63157.jpg,$0.45,In store,8/24/2026,81826,,0.28
8921598,Magic,Marvel's Spider-Man,Villainous Wrath,74,R,Near Mint,0.89,,,,,1,0.89,,0.89,https://user-content.cardcastle.co/uploads/card_user/scanned_image/52232496-030f-4523-81b2-25a2762861b0.jpg,,,,81826,,
8914021,Magic,Marvel's Spider-Man,Rocket-Powered Goblin Glider,172,R,Near Mint,0.24,,,,,1,0.24,,0.24,https://user-content.cardcastle.co/uploads/card_user/scanned_image/b0bcadbc-aa85-4fcd-aa7c-59cd7621aa6d.jpg,,,,81826,,
8914505,Magic,Marvel's Spider-Man,Spinneret and Spiderling,94,R,Near Mint,0.27,,,,,1,0.27,,0.27,https://user-content.cardcastle.co/uploads/card_user/scanned_image/a0b4878b-f658-47e2-92ba-6f54da4dfcec.jpg,$0.25,In store,8/20/2026,81826,,0.115
8864655,Magic,Marvel's Spider-Man,Origin of Spider-Man (Borderless),218,R,Near Mint,0.59,,,,,3,0.59,,0.59,https://user-content.cardcastle.co/uploads/card_user/scanned_image/2fe61de1-6a8c-41ee-a23b-5240ee727fa3.jpg,,,,81826,,
8869204,Magic,Marvel's Spider-Man,"Iron Spider, Stark Upgrade",166,R,Near Mint,2.33,,,,,1,2.33,,2.33,https://user-content.cardcastle.co/uploads/card_user/scanned_image/0c3a1f65-0130-423b-812f-fb8a9cdabffc.jpg,,,,81826,,
8917019,Magic,Marvel's Spider-Man,Spider-Verse,93,M,Near Mint,1.19,,,,,1,1.19,,1.19,https://user-content.cardcastle.co/uploads/card_user/scanned_image/28dd378d-288b-4106-9e04-ce67617d6340.jpg,,,,81826,,
8912586,Magic,Marvel's Spider-Man,"Lady Octopus, Inspired Inventor",35,R,Near Mint,0.88,,,,,2,0.88,,0.88,https://user-content.cardcastle.co/uploads/card_user/scanned_image/85ce0a0c-d712-4c73-96b8-ababa992e7f3.jpg,,,,81826,,
8912646,Magic,Marvel's Spider-Man,Superior Spider-Man,155,R,Near Mint,2.49,,,,,1,2.49,,2.49,https://user-content.cardcastle.co/uploads/card_user/scanned_image/59708abd-6a26-4be6-942e-959eb29a8618.jpg,,,,81826,,
6949228,Magic,Phyrexia: All Will Be One,Ichormoon Gauntlet,56,M,Near Mint,4.5,,,,,1,4.5,,4.5,https://user-content.cardcastle.co/uploads/card_user/scanned_image/6931247c-5709-4541-9b99-78c5d24871dd.jpg,,,,81826,,
6954736,Magic,Phyrexia: All Will Be One,"Unctus, Grand Metatect",75,R,Near Mint,0.41,,,,,1,0.41,,0.41,https://user-content.cardcastle.co/uploads/card_user/scanned_image/1c061a7b-0db9-41cf-b290-f11ba34e8818.jpg,,,,81826,,
4972196,Magic,Modern Horizons 2,Upheaval,270,R,Near Mint,0.3,,,,,1,0.3,,0.3,https://user-content.cardcastle.co/uploads/card_user/scanned_image/6b3ba09e-8e6c-45af-87d4-59ca8331af84.jpg,,,,81826,,
1137195,Magic,Commander 2013,Tidal Force,62,R,Near Mint,0.48,,,,,1,0.48,,0.48,https://user-content.cardcastle.co/uploads/card_user/scanned_image/3f52395e-f31f-4d89-8ead-b0fcf9285ea4.jpg,,,,81826,,
8802895,Magic,Edge of Eternities,Emissary Escort,56,R,Near Mint,0.19,,,,,1,0.19,,0.19,https://user-content.cardcastle.co/uploads/card_user/scanned_image/5c6228f7-3f56-449e-8a55-ee76f600a407.jpg,,,,81826,,
8007780,Magic,Universes Beyond: Assassin's Creed,Desynchronization,16,R,Near Mint,5.32,,,,,1,5.32,,5.32,https://user-content.cardcastle.co/uploads/card_user/scanned_image/133129d5-660b-4066-924b-fbf5f463bef3.jpg,,,,81826,,
8294745,Magic,Foundations,Homunculus Horde (Borderless),308,R,Near Mint,1.02,,,,,1,1.02,,1.02,https://user-content.cardcastle.co/uploads/card_user/scanned_image/ca0da10f-a0ef-4965-b5c3-266415f5682c.jpg,,,,81826,,
8190911,Magic,Duskmourn: House of Horror,The Mindskinner,66,R,Near Mint,2.39,,,,,1,2.39,,2.39,https://user-content.cardcastle.co/uploads/card_user/scanned_image/5f41bd0a-2bfc-44e3-bdb8-bd134bfcc3da.jpg,,,,81826,,
8643703,Magic,Tarkir: Dragonstorm,Stillness in Motion (Borderless),334,R,Near Mint,0.24,,,,,1,0.24,,0.24,https://user-content.cardcastle.co/uploads/card_user/scanned_image/aed56b35-a877-4bed-9b07-43650caf9f9b.jpg,,,,81826,,
7262385,Magic,Commander Masters,Day's Undoing,85,R,Near Mint,1.45,,,,,1,1.45,,1.45,https://user-content.cardcastle.co/uploads/card_user/scanned_image/64edf082-8358-4c5a-8488-e777be8ea87f.jpg,,,,81826,,
1043617,Magic,Return to Ravnica,Necropolis Regent,71,M,Near Mint,0.62,,,,,1,0.62,,0.62,https://user-content.cardcastle.co/uploads/card_user/scanned_image/2827dc89-4091-43f3-977f-42153f57c459.jpg,,,,81826,,
7900627,Magic,Modern Horizons 3,Chthonian Nightmare,83,R,Near Mint,0.58,,,,,1,0.58,,0.58,https://user-content.cardcastle.co/uploads/card_user/scanned_image/0f7fd257-fc5d-4359-914e-0228a1213018.jpg,,,,81826,,
1253832,Magic,Khans of Tarkir,Necropolis Fiend,82,R,Near Mint,0.17,,,,,1,0.17,,0.17,https://user-content.cardcastle.co/uploads/card_user/scanned_image/ac12997f-f928-4679-86e9-c3609bcd9998.jpg,,,,81826,,
6934589,Magic,Phyrexia: All Will Be One,Archfiend of the Dross,82,R,Near Mint,0.37,,,,,1,0.37,,0.37,https://user-content.cardcastle.co/uploads/card_user/scanned_image/8b2318ba-dbd4-4596-8f5a-847ce0513f57.jpg,,,,81826,,
8830816,Magic,Edge of Eternities,Entropic Battlecruiser,99,R,Near Mint,0.33,,,,,1,0.33,,0.33,https://user-content.cardcastle.co/uploads/card_user/scanned_image/1e5ec9f8-3186-455a-8001-bd66557afc60.jpg,,,,81826,,
8803320,Magic,Edge of Eternities,Sunset Saboteur,116,R,Near Mint,0.27,,,,,1,0.27,,0.27,https://user-content.cardcastle.co/uploads/card_user/scanned_image/b21491a4-3250-49bb-880c-c3dddcc14e87.jpg,,,,81826,,
5326870,Magic,Promo Pack: Duskmourn: House of Horror,Path of Peril,124p,R,Near Mint,0.58,,,,,1,0.58,,0.58,https://user-content.cardcastle.co/uploads/card_user/scanned_image/dc97aab9-5ac6-4ded-ae39-3d71e9530d51.jpg,,,,81826,,
7827682,Magic,Outlaws of Thunder Junction,"Vadmir, New Blood",113,R,Near Mint,0.29,,,,,1,0.29,,0.29,https://user-content.cardcastle.co/uploads/card_user/scanned_image/40393cc9-dead-476c-9dd3-f517cf840a89.jpg,,,,81826,,
22910,Magic,Onslaught,Endemic Plague,142,R,Near Mint,0.24,,,,,1,0.24,,0.24,https://user-content.cardcastle.co/uploads/card_user/scanned_image/245d1595-790e-42f2-9148-39ca161634c3.jpg,,,,81826,,
7170430,Magic,Universes Beyond: The Lord of the Rings: Tales of Middle-earth,Shadow of the Enemy,107,M,Near Mint,1.19,,,,,1,1.19,,1.19,https://user-content.cardcastle.co/uploads/card_user/scanned_image/a1c71d75-fe35-4da0-9023-bd7e2ce8c39d.jpg,,,,81826,,
8821163,Magic,Edge of Eternities,Chorale of the Void,91,R,Near Mint,0.24,,,,,1,0.24,,0.24,https://user-content.cardcastle.co/uploads/card_user/scanned_image/c11112ab-f811-46f1-9c04-8c69a313f233.jpg,,,,81826,,
8801125,Magic,Edge of Eternities,Elegy Acolyte,97,R,Near Mint,0.33,,,,,1,0.33,,0.33,https://user-content.cardcastle.co/uploads/card_user/scanned_image/627c71ea-16c5-417a-808d-d77d444def0f.jpg,,,,81826,,
8327805,Magic,Foundations,High-Society Hunter,61,R,Near Mint,0.31,,,,,1,0.31,,0.31,https://user-content.cardcastle.co/uploads/card_user/scanned_image/03ed0736-342d-42ce-8515-c2557884b07d.jpg,,,,81826,,
8047740,Magic,Bloomburrow,Scavenger's Talent,111,R,Near Mint,1.13,,,,,1,1.13,,1.13,https://user-content.cardcastle.co/uploads/card_user/scanned_image/0ac2b86d-1f73-43a4-b39b-bede1b4e423f.jpg,,,,81826,,
8980452,Magic,Avatar: The Last Airbender,Foggy Swamp Visions,102,R,Near Mint,0.29,,,,,1,0.29,,0.29,https://user-content.cardcastle.co/uploads/card_user/scanned_image/d32ef578-4781-484d-b468-bbee36e738cc.jpg,,,,81826,,
6934669,Magic,Phyrexia: All Will Be One,"Karumonix, the Rat King",98,R,Near Mint,1.17,,,,,1,1.17,,1.17,https://user-content.cardcastle.co/uploads/card_user/scanned_image/47117d87-a237-4103-9937-a8dc29d0d8de.jpg,,,,81826,,
6938009,Magic,Phyrexia: All Will Be One,Archfiend of the Dross (Showcase),304,R,Near Mint,0.36,,,,,1,0.36,,0.36,https://user-content.cardcastle.co/uploads/card_user/scanned_image/a30e645f-0470-4419-a990-17a2ebbd090b.jpg,,,,81826,,
7991977,Magic,Universes Beyond: Assassin's Creed,Templar Knight,10,U,Near Mint,2.11,,,,,4,2.11,,2.11,https://user-content.cardcastle.co/uploads/card_user/scanned_image/0285795e-3853-49bc-baa9-e2725015124e.jpg,,,,81826,,
7283074,Magic,Commander Masters,Karn's Bastion,1007,R,Near Mint,3.71,,,,,1,3.71,,3.71,https://user-content.cardcastle.co/uploads/card_user/scanned_image/057bfd81-f121-401d-889c-b70d63ef85ab.jpg,,,,81826,,
8742220,Magic,FINAL FANTASY,"Midgar, City of Mako (Borderless)",313,R,Near Mint,4.42,,,,,1,4.42,,4.42,https://user-content.cardcastle.co/uploads/card_user/scanned_image/6cead6ea-2761-4545-a27c-45206d09b875.jpg,,,,81826,,
8830536,Magic,Edge of Eternities,Moonlit Meditation,69,R,Near Mint,0.4,,,,,1,0.4,,0.4,https://user-content.cardcastle.co/uploads/card_user/scanned_image/827995e2-682c-4a10-8a41-3696f4ed79cb.jpg,,,,81826,,
24382,Magic,Betrayers of Kamigawa,"Oyobi, Who Split the Heavens",18,R,Near Mint,0.44,,,,,2,0.44,,0.44,https://user-content.cardcastle.co/uploads/card_user/scanned_image/91a077e9-a2e6-4129-b2b8-e1b821b60125.jpg,,,,81826,,
25476,Magic,Dissension,Haazda Shield Mate,12,R,Near Mint,0.31,,,,,1,0.31,,0.31,https://user-content.cardcastle.co/uploads/card_user/scanned_image/95e4fdcc-59f8-4d8e-96e2-1d0b2c27ba0b.jpg,,,,81826,,
17052,Magic,7th Edition,Kjeldoran Royal Guard,23,R,Near Mint,0.24,,,,,1,0.24,,0.24,https://user-content.cardcastle.co/uploads/card_user/scanned_image/70a06124-ff5e-432f-8138-894710c6daef.jpg,,,,81826,,
22563,Magic,Judgment,Commander Eesha,9,R,Near Mint,2.95,,,,,7,2.95,,2.95,https://user-content.cardcastle.co/uploads/card_user/scanned_image/0dac8bd0-428b-4e36-a3a0-7bb15aedb2cd.jpg,,,,81826,,
7926364,Magic,Modern Horizons 3,"Pearl-Ear, Imperial Advisor",39,R,Near Mint,0.36,,,,,3,0.36,,0.36,https://user-content.cardcastle.co/uploads/card_user/scanned_image/089b6262-a675-4078-ba89-52d470e655c6.jpg,,,,81826,,
5164978,Magic,Innistrad: Midnight Hunt,Brutal Cathar (Showcase),286,R,Near Mint,0.27,,,,,1,0.27,,0.27,https://user-content.cardcastle.co/uploads/card_user/scanned_image/36baedd3-8e8d-4fbb-b9f6-cd52e31fdf47.jpg,,,,81826,,
1067451,Magic,Gatecrash,Frontline Medic,12,R,Near Mint,0.23,,,,,1,0.23,,0.23,https://user-content.cardcastle.co/uploads/card_user/scanned_image/3f9678a0-f7d1-43fd-abbd-8ad43ae1b5e3.jpg,,,,81826,,
1183218,Magic,Journey Into Nyx,Deicide,7,R,Near Mint,0.17,,,,,1,0.17,,0.17,https://user-content.cardcastle.co/uploads/card_user/scanned_image/60a04f59-3cb3-48ef-8616-7d185c54a9e6.jpg,,,,81826,,
5654511,Magic,Commander Legends: Battle for Baldur's Gate,Archpriest of Iona,686,R,Near Mint,0.39,,,,,1,0.39,,0.39,https://user-content.cardcastle.co/uploads/card_user/scanned_image/9e5dbe69-49cb-4307-b84f-522d66c3bc54.jpg,,,,81826,,
7860792,Magic,Commander: Outlaws of Thunder Junction,Angelic Sell-Sword,10,R,Near Mint,0.44,,,,,1,0.44,,0.44,https://user-content.cardcastle.co/uploads/card_user/scanned_image/2829e955-5d64-4200-91df-ec3eb16cb551.jpg,,,,81826,,
8210965,Magic,Commander: Duskmourn: House of Horror,Soaring Lightbringer,11,R,Near Mint,0.83,,,,,1,0.83,,0.83,https://user-content.cardcastle.co/uploads/card_user/scanned_image/2835b498-01b0-4cb0-8d79-d6a059929e37.jpg,,,,81826,,
5760413,Magic,Dominaria United,Defiler of Faith,16,R,Near Mint,0.39,,,,,1,0.39,,0.39,https://user-content.cardcastle.co/uploads/card_user/scanned_image/6e051317-7091-4ecd-9dec-b3522c728574.jpg,,,,81826,,
7529213,Magic,The Lost Caverns of Ixalan,Thousand Moons Smithy,39,R,Near Mint,3.65,,,,,1,3.65,,3.65,https://user-content.cardcastle.co/uploads/card_user/scanned_image/f74e4cf1-c96c-4bde-bb61-c3134b18ed6f.jpg,,,,81826,,
7509214,Magic,The Lost Caverns of Ixalan,Unstable Glyphbridge,41,R,Near Mint,0.32,,,,,1,0.32,,0.32,https://user-content.cardcastle.co/uploads/card_user/scanned_image/545efd0e-3e3a-4b04-9670-340305f5f8be.jpg,,,,81826,,
7295926,Magic,Commander Masters,Boon of the Spirit Realm (Extended Art),753,R,Near Mint,8.12,,,,,1,8.12,,8.12,https://user-content.cardcastle.co/uploads/card_user/scanned_image/2b26e22c-cddf-4865-87f4-0e8b46e213fd.jpg,,,,81826,,
22106,Magic,Odyssey,Lieutenant Kirtar,29,R,Near Mint,1,,,,,1,1,,1,https://user-content.cardcastle.co/uploads/card_user/scanned_image/15b0158d-04aa-4c09-95e0-fb3383cecb55.jpg,,,,81826,,
23062,Magic,Legions,Celestial Gatekeeper,6,R,Near Mint,1.92,,,,,1,1.92,,1.92,https://user-content.cardcastle.co/uploads/card_user/scanned_image/b93cf8ae-0687-4903-9b99-a1cbf94c360b.jpg,,,,81826,,
5174934,Magic,Innistrad: Midnight Hunt,Sigardian Savior,34,M,Near Mint,0.36,,,,,1,0.36,,0.36,https://user-content.cardcastle.co/uploads/card_user/scanned_image/4521a3da-79d4-4603-92af-4edf5a5f9b0b.jpg,,,,81826,,
3257820,Magic,Aether Revolt,Sram's Expertise,24,R,Near Mint,0.73,,,,,1,0.73,,0.73,https://user-content.cardcastle.co/uploads/card_user/scanned_image/b1825f7a-f9e8-4b65-b860-671e5096b414.jpg,,,,81826,,
22578,Magic,Judgment,Silver Seraph,23,R,Near Mint,0.98,,,,,2,0.98,,0.98,https://user-content.cardcastle.co/uploads/card_user/scanned_image/1ec784c6-0c24-477e-b1d2-e5b8d4df53ba.jpg,,,,81826,,
8329646,Magic,Foundations,Skyknight Squire (Borderless),301,R,Near Mint,0.7,,,,,1,0.7,,0.7,https://user-content.cardcastle.co/uploads/card_user/scanned_image/6c862be5-aac0-46e6-b554-eb8411e03eb9.jpg,,,,81826,,
1228437,Magic,Magic 2015 (M15),Spirit Bonds,37,R,Near Mint,0.41,,,,,1,0.41,,0.41,https://user-content.cardcastle.co/uploads/card_user/scanned_image/23b29c99-b83e-46c2-90f9-7fa3f4b79b68.jpg,,,,81826,,
25223,Magic,Ravnica: City of Guilds,Twilight Drover,33,R,Near Mint,0.56,,,,,1,0.56,,0.56,https://user-content.cardcastle.co/uploads/card_user/scanned_image/bf3baac6-351e-49aa-8870-952267275ab0.jpg,,,,81826,,
2737012,Magic,Dragons of Tarkir,Hidden Dragonslayer,23,R,Near Mint,0.17,,,,,1,0.17,,0.17,https://user-content.cardcastle.co/uploads/card_user/scanned_image/6edd7ec4-adb8-4af2-ac5c-9b98532e6ef5.jpg,,,,81826,,
1278099,Magic,Fate Reforged,Mastery of the Unseen,19,R,Near Mint,0.13,,,,,1,0.13,,0.13,https://user-content.cardcastle.co/uploads/card_user/scanned_image/9b47fcb3-ebcc-4361-8161-9b3262d5aaef.jpg,,,,81826,,
1164000,Magic,Born of the Gods,Silent Sentinel,26,R,Near Mint,0.21,,,,,1,0.21,,0.21,https://user-content.cardcastle.co/uploads/card_user/scanned_image/8c8665f0-02c1-4638-894b-bd8190f7443b.jpg,,,,81826,,
1067512,Magic,Gatecrash,Luminate Primordial,20,R,Near Mint,0.34,,,,,1,0.34,,0.34,https://user-content.cardcastle.co/uploads/card_user/scanned_image/7483373e-a293-4b96-8360-08be759e9861.jpg,,,,81826,,
2736028,Magic,Dragons of Tarkir,Profound Journey,30,R,Near Mint,0.25,,,,,1,0.25,,0.25,https://user-content.cardcastle.co/uploads/card_user/scanned_image/085c7cf0-ff51-43dd-a0a5-af7504a2dac5.jpg,,,,81826,,
8628790,Magic,Commander: Tarkir: Dragonstorm,Ironwill Forger (Extended Art),53,R,Near Mint,0.63,,,,,1,0.63,,0.63,https://user-content.cardcastle.co/uploads/card_user/scanned_image/cc495248-d7a7-414d-8987-def15224d31b.jpg,,,,81826,,
8637795,Magic,Tarkir: Dragonstorm,Sage of the Skies,22,R,Near Mint,0.56,,,,,1,0.56,,0.56,https://user-content.cardcastle.co/uploads/card_user/scanned_image/a5e7b7a1-eeff-424b-afe5-921e15cab994.jpg,,,,81826,,
8285150,Magic,Foundations,Crystal Barricade,7,R,Near Mint,2.12,,,,,1,2.12,,2.12,https://user-content.cardcastle.co/uploads/card_user/scanned_image/435a8f06-f284-4bca-8fc7-6f612121e711.jpg,,,,81826,,
7528733,Magic,The Lost Caverns of Ixalan,Kutzil's Flanker,20,R,Near Mint,0.4,,,,,1,0.4,,0.4,https://user-content.cardcastle.co/uploads/card_user/scanned_image/6058d6cf-a060-4233-ba4d-d7b68106f72c.jpg,,,,81826,,
25911,Magic,Time Spiral,Opal Guardian,30,R,Near Mint,0.2,,,,,1,0.2,,0.2,https://user-content.cardcastle.co/uploads/card_user/scanned_image/8bddd1c9-3863-426c-afeb-e9eeb990d6c4.jpg,,,,81826,,
16732,Magic,Classic Sixth Edition,Kjeldoran Royal Guard,28,R,Near Mint,0.43,,,,,1,0.43,,0.43,https://user-content.cardcastle.co/uploads/card_user/scanned_image/bec8b4b3-9579-4b91-aa4f-28b34313d519.jpg,,,,81826,,
8207400,Magic,Duskmourn: House of Horror,Unidentified Hovership,37,R,Near Mint,0.2,,,,,1,0.2,,0.2,https://user-content.cardcastle.co/uploads/card_user/scanned_image/99e4eda7-476e-48f5-a113-e1215d29dec2.jpg,,,,81826,,
7284599,Magic,Commander Masters,Onakke Oathkeeper (Extended Art),755,R,Near Mint,0.71,,,,,1,0.71,,0.71,https://user-content.cardcastle.co/uploads/card_user/scanned_image/be44d139-1128-469e-bc54-36f612a8d526.jpg,,,,81826,,
6674497,Magic,The Brothers' War,Soul Partition,26,R,Near Mint,0.45,,,,,1,0.45,,0.45,https://user-content.cardcastle.co/uploads/card_user/scanned_image/97108c1c-8a44-413d-89f1-bfc7fca98609.jpg,,,,81826,,
7525613,Magic,The Lost Caverns of Ixalan,Fabrication Foundry,12,R,Near Mint,0.27,,,,,1,0.27,,0.27,https://user-content.cardcastle.co/uploads/card_user/scanned_image/d6f25a5c-cd9a-4d20-8187-77e78d03edeb.jpg,,,,81826,,
8974097,Magic,Avatar: The Last Airbender: Eternal-Legal,Release to Memory (Borderless),5,M,Near Mint,0.86,,,,,1,0.86,,0.86,https://user-content.cardcastle.co/uploads/card_user/scanned_image/f21f8443-6566-4a47-a73a-c228a03000b4.jpg,,,,81826,,
8294325,Magic,Foundations,Exemplar of Light (0011),11,R,Near Mint,1.64,,,,,2,1.64,,1.64,https://user-content.cardcastle.co/uploads/card_user/scanned_image/7252300b-78e5-4b83-a8bb-fef79bc2fd4a.jpg,,,,81826,,
335627,Magic,Exodus,Cataclysm,3,R,Moderately Played,12.36,,,,,1,12.36,,12.36,https://user-content.cardcastle.co/uploads/card_user/scanned_image/2bbcf0e8-0f3b-4817-b698-b13c0ef2b2ad.jpg,,,,81826,,
7282578,Magic,Commander Masters,Norn's Annex,829,R,Near Mint,5.35,,,,,1,5.35,,5.35,https://user-content.cardcastle.co/uploads/card_user/scanned_image/6fe6bef8-d2a2-4936-a3e5-a131e42947b0.jpg,,,,81826,,
7357782,Magic,Wilds of Eldraine,Three Blind Mice,35,R,Near Mint,0.38,,,,,1,0.38,,0.38,https://user-content.cardcastle.co/uploads/card_user/scanned_image/ab74e42f-31c4-456e-9770-39c91a4289ac.jpg,,,,81826,,
4992125,Magic,Modern Horizons 2,Search the Premises,29,R,Near Mint,0.26,,,,,1,0.26,,0.26,https://user-content.cardcastle.co/uploads/card_user/scanned_image/f10c92d4-e215-4005-8235-f283a7165817.jpg,,,,81826,,
5003561,Magic,Modern Horizons 2,Resurgent Belief,26,R,Near Mint,0.94,,,,,1,0.94,,0.94,https://user-content.cardcastle.co/uploads/card_user/scanned_image/d32c93b3-3f74-426b-b465-d5f258b52fba.jpg,,,,81826,,
1258527,Magic,Khans of Tarkir,High Sentinels of Arashin,13,R,Near Mint,0.17,,,,,1,0.17,,0.17,https://user-content.cardcastle.co/uploads/card_user/scanned_image/7c9208bc-e523-4199-a76a-88435a08e4c4.jpg,,,,81826,,
6809331,Magic,Dominaria Remastered,Windborn Muse,36,R,Near Mint,0.73,,,,,1,0.73,,0.73,https://user-content.cardcastle.co/uploads/card_user/scanned_image/65634304-99ea-4c9d-a7f2-ad7a0937928c.jpg,,,,81826,,
7943374,Magic,Modern Horizons 3,Guide of Souls,29,R,Near Mint,2.75,,,,,1,2.75,,2.75,https://user-content.cardcastle.co/uploads/card_user/scanned_image/f2ee0b83-d037-4088-bf0d-3b66ba8eafb8.jpg,,,,81826,,
7945735,Magic,Modern Horizons 3,Sevinne's Reclamation,267,R,Near Mint,0.39,,,,,1,0.39,,0.39,https://user-content.cardcastle.co/uploads/card_user/scanned_image/a887eaea-e787-4b4c-80fc-814eba0f871e.jpg,,,,81826,,
4305901,Magic,Theros Beyond Death,Shatter the Sky,37,R,Near Mint,0.23,,,,,1,0.23,,0.23,https://user-content.cardcastle.co/uploads/card_user/scanned_image/fb44b8bd-9abd-4fb5-9b41-5562314f9d13.jpg,,,,81826,,
8989749,Magic,Avatar: The Last Airbender,United Front,39,M,Near Mint,2.03,,,,,1,2.03,,2.03,https://user-content.cardcastle.co/uploads/card_user/scanned_image/6725729f-1de2-41f9-965d-0085e7c5443c.jpg,,,,81826,,
8757827,Magic,Commander: FINAL FANTASY,Coin of Fate (Extended Art),104,R,Near Mint,0.31,,,,,1,0.31,,0.31,https://user-content.cardcastle.co/uploads/card_user/scanned_image/8a253598-0bb4-4dac-b111-2a07d285eff1.jpg,,,,81826,,
8042929,Magic,Bloomburrow,Jackdaw Savior,18,R,Near Mint,0.43,,,,,1,0.43,,0.43,https://user-content.cardcastle.co/uploads/card_user/scanned_image/2316794b-77fc-44f5-b499-a02ce744e65e.jpg,,,,81826,,
5752714,Magic,Commander: Dominaria United,Unbreakable Formation,106,R,Near Mint,0.76,,,,,1,0.76,,0.76,https://user-content.cardcastle.co/uploads/card_user/scanned_image/bb7bbaa8-9108-4953-addc-a9ce4db87da7.jpg,,,,81826,,
4672990,Magic,Commander Legends,"Odric, Lunarch Marshal",379,R,Near Mint,0.96,,,,,1,0.96,,0.96,https://user-content.cardcastle.co/uploads/card_user/scanned_image/8b8af4f1-9217-4e00-a85f-d268d1137139.jpg,,,,81826,,
8740570,Magic,FINAL FANTASY: Through the Ages,Memories of Nibelheim - Stroke of Midnight (Showcase),26,U,Near Mint,0.91,,,,,1,0.91,,0.91,https://user-content.cardcastle.co/uploads/card_user/scanned_image/30f8dc33-dd1f-415a-b792-c18b286b5b86.jpg,,,,81826,,
9006007,Magic,Avatar: The Last Airbender,South Pole Voyager,35,R,Near Mint,0.29,,,,,1,0.29,,0.29,https://user-content.cardcastle.co/uploads/card_user/scanned_image/36353563-5288-4412-8c8d-c9c9ad5db6c7.jpg,,,,81826,,
8882010,Magic,Avatar: The Last Airbender,"Momo, Friendly Flier",29,R,Near Mint,0.39,,,,,1,0.39,,0.39,https://user-content.cardcastle.co/uploads/card_user/scanned_image/10b94586-bb0e-46d2-8372-0a48e7b7a89e.jpg,,,,81826,,
8973862,Magic,Avatar: The Last Airbender,Airbender Ascension,6,R,Near Mint,1.17,,,,,1,1.17,,1.17,https://user-content.cardcastle.co/uploads/card_user/scanned_image/d8dec688-58a5-433b-ad99-9e2debd302b4.jpg,,,,81826,,
4298732,Magic,Theros Beyond Death,Archon of Sun's Grace,3,R,Near Mint,0.46,,,,,1,0.46,,0.46,https://user-content.cardcastle.co/uploads/card_user/scanned_image/4be8a377-8cfa-4432-a79a-005a3e2ee1fe.jpg,,,,81826,,
8994468,Magic,Avatar: The Last Airbender: Eternal-Legal,Earthshape (Borderless),67,R,Near Mint,7.14,,,,,1,7.14,,7.14,https://user-content.cardcastle.co/uploads/card_user/scanned_image/6b64a9c8-c2bb-4de4-9115-259ab23765a4.jpg,,,,81826,,
6937294,Magic,Phyrexia: All Will Be One,Mite Overseer,404,R,Near Mint,0.37,,,,,1,0.37,,0.37,https://user-content.cardcastle.co/uploads/card_user/scanned_image/b3ab0400-f3b3-43c7-ad31-51530ba796f1.jpg,,,,81826,,
6929343,Magic,Phyrexia: All Will Be One,White Sun's Twilight,38,R,Near Mint,1.98,,,,,1,1.98,,1.98,https://user-content.cardcastle.co/uploads/card_user/scanned_image/6b757e2e-b85f-4190-b458-b581221b634e.jpg,,,,81826,,
7194474,Magic,Universes Beyond: The Lord of the Rings: Tales of Middle-earth,"Saradoc, Master of Buckland",282,R,Near Mint,0.32,,,,,2,0.32,,0.32,https://user-content.cardcastle.co/uploads/card_user/scanned_image/9b3be589-a793-453e-9163-46fcc63d56bf.jpg,,,,81826,,
8015643,Magic,Duskmourn: House of Horror,Leyline of Hope,18,R,Near Mint,1.21,,,,,1,1.21,,1.21,https://user-content.cardcastle.co/uploads/card_user/scanned_image/5a9785e5-e6d9-41ee-9a5e-3ff065199b9c.jpg,,,,81826,,
7284484,Magic,Commander Masters,Gatewatch Beacon,721,R,Near Mint,0.39,,,,,1,0.39,,0.39,https://user-content.cardcastle.co/uploads/card_user/scanned_image/fc19fa7f-713f-4f6a-ac11-215133bc1f2f.jpg,,,,81826,,
7390185,Magic,Wilds of Eldraine,Regal Bunnicorn,25,R,Near Mint,0.83,,,,,1,0.83,,0.83,https://user-content.cardcastle.co/uploads/card_user/scanned_image/0559514c-a5e3-44aa-aace-91e22f135d6f.jpg,,,,81826,,
8862160,Magic,Marvel's Spider-Man,Origin of Spider-Man,9,R,Near Mint,0.48,,,,,1,0.48,,0.48,https://user-content.cardcastle.co/uploads/card_user/scanned_image/673119fa-0bfc-4c78-874c-486051fd4099.jpg,,,,81826,,
22804,Magic,Onslaught,Oblation,46,R,Near Mint,1.28,,,,,1,1.28,,1.28,https://user-content.cardcastle.co/uploads/card_user/scanned_image/4c149b0c-203c-4c73-b9a8-fc1d0cb0bdf0.jpg,,,,81826,,
6953995,Magic,Commander: Phyrexia: All Will Be One,Mirage Mockery,22,R,Near Mint,0.34,,,,,1,0.34,,0.34,https://user-content.cardcastle.co/uploads/card_user/scanned_image/6ea861c4-72a3-4643-8dee-1c3f0cb570dd.jpg,,,,81826,,
5425441,Magic,Commander: Kamigawa: Neon Dynasty,"Jace, Architect of Thought",93,M,Near Mint,0.35,,,,,1,0.35,,0.35,https://user-content.cardcastle.co/uploads/card_user/scanned_image/dbf42d52-44c8-4fcf-9eaa-5ebf3e17954c.jpg,,,,81826,,
5426541,Magic,Commander: Kamigawa: Neon Dynasty,Master of Etherium,94,R,Near Mint,0.89,,,,,1,0.89,,0.89,https://user-content.cardcastle.co/uploads/card_user/scanned_image/a1c09b0d-959a-4457-9192-c3d5f38ebab0.jpg,,,,81826,,
5426441,Magic,Commander: Kamigawa: Neon Dynasty,"Emry, Lurker of the Loch",91,R,Near Mint,1.88,,,,,1,1.88,,1.88,https://user-content.cardcastle.co/uploads/card_user/scanned_image/d3bf051a-fa0a-4cef-95dc-a055822b7c4f.jpg,,,,81826,,
5430146,Magic,Commander: Kamigawa: Neon Dynasty,Access Denied,11,R,Near Mint,2.88,,,,,1,2.88,,2.88,https://user-content.cardcastle.co/uploads/card_user/scanned_image/ba0f37d8-8337-4d07-bfc8-54259c738f60.jpg,,,,81826,,
5430396,Magic,Commander: Kamigawa: Neon Dynasty,Research Thief,16,R,Near Mint,1.71,,,,,1,1.71,,1.71,https://user-content.cardcastle.co/uploads/card_user/scanned_image/21a9e77e-c3b4-4e50-8906-d71bc6fcf199.jpg,,,,81826,,
5430346,Magic,Commander: Kamigawa: Neon Dynasty,"Katsumasa, the Animator",15,R,Near Mint,0.36,,,,,1,0.36,,0.36,https://user-content.cardcastle.co/uploads/card_user/scanned_image/ca266b54-053c-49d9-90d3-1ea0a884d774.jpg,,,,81826,,
8195992,Magic,Commander: Duskmourn: House of Horror,Primordial Mist,123,R,Near Mint,0.33,,,,,1,0.33,,0.33,https://user-content.cardcastle.co/uploads/card_user/scanned_image/cc859c48-224e-4ef2-bc43-cdfd7b99fd62.jpg,,,,81826,,
8196202,Magic,Commander: Duskmourn: House of Horror,Zimone's Hypothesis,15,R,Near Mint,0.29,,,,,1,0.29,,0.29,https://user-content.cardcastle.co/uploads/card_user/scanned_image/0b83180b-a8af-4d2e-a53f-ae6272f93d63.jpg,,,,81826,,
5430296,Magic,Commander: Kamigawa: Neon Dynasty,Kappa Cannoneer,14,R,Near Mint,0.73,,,,,1,0.73,,0.73,https://user-content.cardcastle.co/uploads/card_user/scanned_image/d83e9887-b5a8-45be-89ef-9a6429bb3944.jpg,,,,81826,,
8196112,Magic,Commander: Duskmourn: House of Horror,They Came from the Pipes,14,R,Near Mint,0.31,,,,,1,0.31,,0.31,https://user-content.cardcastle.co/uploads/card_user/scanned_image/ad3bcb5f-096c-4113-9540-004611cee07a.jpg,,,,81826,,
8195722,Magic,Commander: Duskmourn: House of Horror,Aether Gale,109,R,Near Mint,0.31,,,,,1,0.31,,0.31,https://user-content.cardcastle.co/uploads/card_user/scanned_image/796d774c-1e21-4bc1-965b-779e79690b8e.jpg,,,,81826,,
8196082,Magic,Commander: Duskmourn: House of Horror,Skaab Ruinator,128,M,Near Mint,0.26,,,,,1,0.26,,0.26,https://user-content.cardcastle.co/uploads/card_user/scanned_image/e7fad353-2921-479b-b8d5-0474ec6216ba.jpg,,,,81826,,
8195872,Magic,Commander: Duskmourn: House of Horror,Glitch Interpreter,13,R,Near Mint,0.26,,,,,1,0.26,,0.26,https://user-content.cardcastle.co/uploads/card_user/scanned_image/01d5e515-e221-41ba-8d11-b22268ac0c8b.jpg,,,,81826,,
7194394,Magic,Universes Beyond: The Lord of the Rings: Tales of Middle-earth,"Goldberry, River-Daughter",52,R,Near Mint,0.78,,,,,2,0.78,,0.78,https://user-content.cardcastle.co/uploads/card_user/scanned_image/adf2d622-a54b-43fe-b436-70c2ec0905f5.jpg,,,,81826,,
7194974,Magic,Universes Beyond: The Lord of the Rings: Tales of Middle-earth,Scroll of Isildur,69,R,Near Mint,0.7,,,,,2,0.7,,0.7,https://user-content.cardcastle.co/uploads/card_user/scanned_image/22de700a-b8fc-48c0-9dcd-938922f8f650.jpg,,,,81826,,
7198035,Magic,Universes Beyond: The Lord of the Rings: Tales of Middle-earth,Lost Isle Calling (Borderless),444,R,Near Mint,0.39,,,,,2,0.39,,0.39,https://user-content.cardcastle.co/uploads/card_user/scanned_image/af213fb5-458e-4900-bd4d-bba46e7a0ae5.jpg,,,,81826,,
8196172,Magic,Commander: Duskmourn: House of Horror,Zimone's Hypothesis (Extended Art),46,R,Near Mint,0.29,,,,,1,0.29,,0.29,https://user-content.cardcastle.co/uploads/card_user/scanned_image/7d1c2444-caf2-4fcd-ab40-25e803528565.jpg,,,,81826,,
6929603,Magic,Phyrexia: All Will Be One,"Jace, the Perfected Mind",57,M,Near Mint,1.87,,,,,1,1.87,,1.87,https://user-content.cardcastle.co/uploads/card_user/scanned_image/2858363e-6d09-4499-b86c-dc75bff1eb45.jpg,,,,81826,,
6934349,Magic,Phyrexia: All Will Be One,Mercurial Spelldancer,61,R,Near Mint,0.37,,,,,1,0.37,,0.37,https://user-content.cardcastle.co/uploads/card_user/scanned_image/c94a0ff1-c367-4136-92b3-e59f4d30ea3d.jpg,,,,81826,,
8882588,Magic,Avatar: The Last Airbender,"Yue, the Moon Spirit (Showcase)",338,R,Near Mint,1.7,,,,,1,1.7,,1.7,https://user-content.cardcastle.co/uploads/card_user/scanned_image/87fa6a75-04d6-4503-825f-9382a3dd5fcc.jpg,,,,81826,,
8641253,Magic,Commander: Tarkir: Dragonstorm,"Keiga, the Tide Star",156,R,Near Mint,0.35,,,,,1,0.35,,0.35,https://user-content.cardcastle.co/uploads/card_user/scanned_image/199d8a14-97a7-40cb-8db7-d72fc8ef3693.jpg,,,,81826,,
7964905,Magic,Commander: Modern Horizons 3,Wonderscape Sage (Extended Art),49,R,Near Mint,0.28,,,,,1,0.28,,0.28,https://user-content.cardcastle.co/uploads/card_user/scanned_image/3b49ba10-5723-411b-b617-b84d35064cec.jpg,,,,81826,,
5827570,Magic,"Universes Beyond: Warhammer 40,000",Sicarian Infiltrator,25,U,Near Mint,5,,,,,1,5,,5,https://user-content.cardcastle.co/uploads/card_user/scanned_image/0b03c6de-fa1e-4aa5-8433-ec854adde6c9.jpg,,,,81826,,
7521600,Magic,The Lost Caverns of Ixalan,"Akal Pakal, First Among Equals",44,R,Near Mint,0.2,,,,,1,0.2,,0.2,https://user-content.cardcastle.co/uploads/card_user/scanned_image/03236ee7-aec2-4b0f-b5fc-8a47fa97da05.jpg,,,,81826,,
4986282,Magic,Modern Horizons 2,Thought Monitor,71,R,Near Mint,1.73,,,,,1,1.73,,1.73,https://user-content.cardcastle.co/uploads/card_user/scanned_image/6b2fd608-1801-4dfb-9deb-f4df1a3dc452.jpg,,,,81826,,
8905810,Magic,Marvel's Spider-Man,The Clone Saga,28,R,Near Mint,0.27,,,,,1,0.27,,0.27,https://user-content.cardcastle.co/uploads/card_user/scanned_image/f7b40e4c-0f32-4a7d-9fd2-723da7322c38.jpg,,,,81826,,
1131500,Magic,Theros,Curse of the Swine,46,R,Near Mint,0.25,,,,,1,0.25,,0.25,https://user-content.cardcastle.co/uploads/card_user/scanned_image/5d27f593-d56f-4997-a393-bf05cdb06b0e.jpg,,,,81826,,
8913168,Magic,Marvel's Spider-Man,"Lady Octopus, Inspired Inventor (Extended Art)",252,R,Near Mint,0.92,,,,,2,0.92,,0.92,https://user-content.cardcastle.co/uploads/card_user/scanned_image/a3167823-36d7-4828-b90f-62fa04188473.jpg,,,,81826,,
8641163,Magic,Commander: Tarkir: Dragonstorm,Hammerhead Tyrant,21,R,Near Mint,0.28,,,,,1,0.28,,0.28,https://user-content.cardcastle.co/uploads/card_user/scanned_image/74061aeb-352a-4e0a-a357-8ed61992c7bf.jpg,,,,81826,,
385236,Magic,Rise of the Eldrazi,Recurring Insight,82,R,Near Mint,2.22,,,,,1,2.22,,2.22,https://user-content.cardcastle.co/uploads/card_user/scanned_image/cd6d41c5-7685-4208-9315-13a353b47209.jpg,,,,81826,,
8905930,Magic,Marvel's Spider-Man,The Clone Saga (Borderless),219,R,Near Mint,0.43,,,,,2,0.43,,0.43,https://user-content.cardcastle.co/uploads/card_user/scanned_image/966f8c8d-8309-48f6-800a-fe3d1bafe405.jpg,,,,81826,,
8973562,Magic,Avatar: The Last Airbender,"The Mechanist, Aerial Artisan",64,R,Near Mint,0.29,,,,,2,0.29,,0.29,https://user-content.cardcastle.co/uploads/card_user/scanned_image/945b856f-f1ba-4463-84d3-ebc0832c708f.jpg,,,,81826,,
8974700,Magic,Avatar: The Last Airbender,Tiger-Seal (Borderless),318,R,Near Mint,0.48,,,,,1,0.48,,0.48,https://user-content.cardcastle.co/uploads/card_user/scanned_image/73a0e4fc-8b88-452a-ba7c-6e5ccc75b18d.jpg,,,,81826,,
9001151,Magic,Avatar: The Last Airbender,Waterbender Ascension,79,R,Near Mint,0.57,,,,,1,0.57,,0.57,https://user-content.cardcastle.co/uploads/card_user/scanned_image/a68e6428-fb1c-43a2-babb-8d7f451fea5c.jpg,,,,81826,,
4315198,Magic,Theros Beyond Death,Protean Thaumaturge,60,R,Near Mint,0.36,,,,,1,0.36,,0.36,https://user-content.cardcastle.co/uploads/card_user/scanned_image/9b23209c-07ef-482a-9276-0487c3ad70e1.jpg,,,,81826,,
4302658,Magic,Theros Beyond Death,Thassa's Intervention,72,R,Near Mint,0.38,,,,,1,0.38,,0.38,https://user-content.cardcastle.co/uploads/card_user/scanned_image/26afa5f8-4d41-4a18-b95a-271f5364e592.jpg,,,,81826,,
8820563,Magic,Commander: Edge of Eternities,Insight Engine (Extended Art),26,R,Near Mint,2.77,,,,,1,2.77,,2.77,https://user-content.cardcastle.co/uploads/card_user/scanned_image/33e949ca-7a09-4bc7-b83e-1e9d09163bcd.jpg,,,,81826,,
9008961,Magic,Avatar: The Last Airbender: Eternal-Legal,Baboon Spirit (Extended Art),177,R,Near Mint,0.38,,,,,1,0.38,,0.38,https://user-content.cardcastle.co/uploads/card_user/scanned_image/83172582-5e7a-4c53-bfe8-7aebde517dc4.jpg,,,,81826,,
341884,Magic,Fifth Dawn,Joiner Adept,89,R,Moderately Played,2.39,,,,,1,2.39,,2.39,https://user-content.cardcastle.co/uploads/card_user/scanned_image/9b3c7359-7358-4d00-aec1-40ef1e932a94.jpg,,,,81826,,
7968417,Magic,Commander: Modern Horizons 3,Polygoyf (Extended Art),65,R,Near Mint,0.37,,,,,1,0.37,,0.37,https://user-content.cardcastle.co/uploads/card_user/scanned_image/c3eb2dec-2f22-41f1-bc90-05397d3ad108.jpg,,,,81826,,
7968132,Magic,Commander: Modern Horizons 3,Tarmogoyf Nest,120,R,Near Mint,0.26,,,,,1,0.26,,0.26,https://user-content.cardcastle.co/uploads/card_user/scanned_image/5f1d36a1-172d-45b7-90e9-8a0e0d3c13a7.jpg,,,,81826,,
8343640,Magic,Foundations,Sylvan Scavenging,113,R,Near Mint,0.27,,,,,1,0.27,,0.27,https://user-content.cardcastle.co/uploads/card_user/scanned_image/1e0f3916-6b2d-4720-b777-efaa97e39224.jpg,,,,81826,,
5746361,Magic,Dominaria United,Herd Migration,165,R,Near Mint,0.22,,,,,1,0.22,,0.22,https://user-content.cardcastle.co/uploads/card_user/scanned_image/dd8c5230-f304-4416-acef-c523bb0d2638.jpg,,,,81826,,
7189803,Magic,Universes Beyond: The Lord of the Rings: Tales of Middle-earth,The Ring Goes South,186,R,Near Mint,0.36,,,,,2,0.36,,0.36,https://user-content.cardcastle.co/uploads/card_user/scanned_image/857b2b40-d8e3-4ab9-8a2f-b3ad2a91b546.jpg,,,,81826,,
7947575,Magic,Modern Horizons 3,Primal Prayers,166,R,Near Mint,0.17,,,,,3,0.17,,0.17,https://user-content.cardcastle.co/uploads/card_user/scanned_image/cde38a04-2b73-4ef8-bdf1-6a0b72d08040.jpg,,,,81826,,
8211695,Magic,Commander: Duskmourn: House of Horror,Demolisher Spawn,31,R,Near Mint,0.33,,,,,1,0.33,,0.33,https://user-content.cardcastle.co/uploads/card_user/scanned_image/04447b45-2035-462b-b0dc-90906c2f3736.jpg,,,,81826,,
1277377,Magic,Fate Reforged,Whisperwood Elemental,145,M,Near Mint,0.28,,,,,1,0.28,,0.28,https://user-content.cardcastle.co/uploads/card_user/scanned_image/dafeebcc-fcc0-4dd3-9d7a-8da082ffd959.jpg,,,,81826,,
8051859,Magic,Bloomburrow,Scrapshooter (Showcase),324,R,Near Mint,0.71,,,,,1,0.71,,0.71,https://user-content.cardcastle.co/uploads/card_user/scanned_image/169f0f53-dc21-49c0-81b4-fba7294de801.jpg,,,,81826,,
7179306,Magic,Universes Beyond: The Lord of the Rings: Tales of Middle-earth,"Fangorn, Tree Shepherd",166,R,Near Mint,0.36,,,,,1,0.36,,0.36,https://user-content.cardcastle.co/uploads/card_user/scanned_image/893993b7-5816-49e0-ae03-43d00045ebc6.jpg,,,,81826,,
1165166,Magic,Born of the Gods,Hero of Leina Tower,123,R,Near Mint,0.23,,,,,2,0.23,,0.23,https://user-content.cardcastle.co/uploads/card_user/scanned_image/4f9bf5b6-3475-4baf-a42c-91170cdb07e3.jpg,,,,81826,,
8961919,Magic,Play Promos,"Spider-Ham, Peter Porker",10,R,Near Mint,0.48,,,,,2,0.48,,0.48,https://user-content.cardcastle.co/uploads/card_user/scanned_image/ca83c7db-f7a3-4c1b-a446-a9cb50425c7f.jpg,,,,81826,,
7255080,Magic,Commander Masters,Lifeblood Hydra,303,R,Near Mint,0.93,,,,,1,0.93,,0.93,https://user-content.cardcastle.co/uploads/card_user/scanned_image/0d8834fd-8d00-4a8f-926f-9d638c484f11.jpg,,,,81826,,
8042229,Magic,Bloomburrow,Pawpatch Recruit,187,R,Near Mint,0.57,,,,,2,0.57,,0.57,https://user-content.cardcastle.co/uploads/card_user/scanned_image/7a064330-8f2c-4a23-98db-ffc3fa1fdfd7.jpg,,,,81826,,
8328425,Magic,Foundations,Preposterous Proportions,109,R,Near Mint,1.28,,,,,2,1.28,,1.28,https://user-content.cardcastle.co/uploads/card_user/scanned_image/5c8e164e-602c-4bed-8195-a1727d85f878.jpg,,,,81826,,
8179953,Magic,Duskmourn: House of Horror,Balustrade Wurm,168,R,Near Mint,0.3,,,,,3,0.3,,0.3,https://user-content.cardcastle.co/uploads/card_user/scanned_image/f4475f05-e955-4085-b80e-ac7d24072246.jpg,,,,81826,,
4972856,Magic,Modern Horizons 2,Verdant Command,182,R,Near Mint,1.21,,,,,1,1.21,,1.21,https://user-content.cardcastle.co/uploads/card_user/scanned_image/8a02b0ae-2792-4b23-a499-787b81892cfe.jpg,,,,81826,,
8285540,Magic,Foundations,Elvish Archdruid,219,R,Near Mint,0.75,,,,,1,0.75,,0.75,https://user-content.cardcastle.co/uploads/card_user/scanned_image/f9bb2ee3-3abc-4414-b346-bbd767c7d529.jpg,,,,81826,,
8192651,Magic,Duskmourn: House of Horror,Hedge Shredder,183,R,Near Mint,3.32,,,,,1,3.32,,3.32,https://user-content.cardcastle.co/uploads/card_user/scanned_image/e921c71f-e361-4ef6-bd98-d30e561c0e51.jpg,,,,81826,,
8192951,Magic,Duskmourn: House of Horror,Valgavoth's Onslaught,204,R,Near Mint,0.31,,,,,1,0.31,,0.31,https://user-content.cardcastle.co/uploads/card_user/scanned_image/a9c6478d-4a0b-4843-b121-7f775eed0dad.jpg,,,,81826,,
4175575,Magic,Throne of Eldraine,Lovestruck Beast (Showcase),299,R,Near Mint,0.36,,,,,1,0.36,,0.36,https://user-content.cardcastle.co/uploads/card_user/scanned_image/26ad96c6-54f1-4f29-b96f-8322cde1147f.jpg,,,,81826,,
8197072,Magic,Commander: Duskmourn: House of Horror,Whisperwood Elemental,204,M,Near Mint,0.28,,,,,1,0.28,,0.28,https://user-content.cardcastle.co/uploads/card_user/scanned_image/59bad361-5257-4df6-b431-c810c5662f88.jpg,,,,81826,,
8178955,Magic,Duskmourn: House of Horror,Leyline of Mutation,188,R,Near Mint,0.32,,,,,1,0.32,,0.32,https://user-content.cardcastle.co/uploads/card_user/scanned_image/dbc84c0c-6941-43de-af21-a5c1a19dbfcd.jpg,,,,81826,,
7546202,Magic,The Lost Caverns of Ixalan,Hulking Raptor,191,R,Near Mint,2.72,,,,,1,2.72,,2.72,https://user-content.cardcastle.co/uploads/card_user/scanned_image/b3ab46b9-3b7a-4b98-9f57-a22a6ea1ab70.jpg,,,,81826,,
8994113,Magic,Avatar: The Last Airbender,Avatar Destiny,165,R,Near Mint,0.24,,,,,1,0.24,,0.24,https://user-content.cardcastle.co/uploads/card_user/scanned_image/80e714f2-cb3f-46fe-9026-47ec1702225b.jpg,,,,81826,,
8197042,Magic,Commander: Duskmourn: House of Horror,Trail of Mystery,203,R,Near Mint,0.27,,,,,1,0.27,,0.27,https://user-content.cardcastle.co/uploads/card_user/scanned_image/1c6844e2-30aa-47b4-be12-a0d4f9a6ca6f.jpg,,,,81826,,
8196922,Magic,Commander: Duskmourn: House of Horror,Shriekwood Devourer,35,R,Near Mint,0.71,,,,,1,0.71,,0.71,https://user-content.cardcastle.co/uploads/card_user/scanned_image/8ab25d5d-140a-4005-a1b9-6ae902ee6e1b.jpg,,,,81826,,
8197012,Magic,Commander: Duskmourn: House of Horror,Thunderfoot Baloth,201,R,Near Mint,0.42,,,,,1,0.42,,0.42,https://user-content.cardcastle.co/uploads/card_user/scanned_image/f5f7ad9b-a9d9-4df6-ba5e-e403e674423b.jpg,,,,81826,,
8196502,Magic,Commander: Duskmourn: House of Horror,Disorienting Choice,32,R,Near Mint,0.34,,,,,1,0.34,,0.34,https://user-content.cardcastle.co/uploads/card_user/scanned_image/a90aa333-af6b-4746-b233-ac877d7566d2.jpg,,,,81826,,
8390783,Magic,The List Reprints,Augur of Autumn,MID-168,R,Near Mint,0.55,,,,,1,0.55,,0.55,https://user-content.cardcastle.co/uploads/card_user/scanned_image/cb677332-7d94-4143-ac30-22733859cb68.jpg,,,,81826,,
8196982,Magic,Commander: Duskmourn: House of Horror,Temur War Shaman,200,R,Near Mint,0.24,,,,,1,0.24,,0.24,https://user-content.cardcastle.co/uploads/card_user/scanned_image/abe512c4-55dc-4071-8676-b577f77f35f4.jpg,,,,81826,,
7259367,Magic,Commander Masters,Ohran Frostfang (Borderless),650,R,Near Mint,12.23,,,,,1,12.23,,12.23,https://user-content.cardcastle.co/uploads/card_user/scanned_image/c1adb686-7af0-467a-9f39-35c718e4830d.jpg,,,,81826,,
7194874,Magic,Universes Beyond: The Lord of the Rings: Tales of Middle-earth,Elanor Gardner,286,R,Near Mint,5.76,,,,,3,5.76,,5.76,https://user-content.cardcastle.co/uploads/card_user/scanned_image/592d89e0-5b7a-4993-b813-38723f4f4ebc.jpg,,,,81826,,
8196352,Magic,Commander: Duskmourn: House of Horror,Citanul Hierophants,81,R,Near Mint,0.33,,,,,2,0.33,,0.33,https://user-content.cardcastle.co/uploads/card_user/scanned_image/a3a78cda-0dd0-435b-8220-1061a42a94db.jpg,,,,81826,,
6937124,Magic,Phyrexia: All Will Be One,Evolved Spinoderm,166,R,Near Mint,0.2,,,,,2,0.2,,0.2,https://user-content.cardcastle.co/uploads/card_user/scanned_image/7e3aa061-d42d-4724-bb25-3be36ac3918c.jpg,,,,81826,,
6954075,Magic,Commander: Phyrexia: All Will Be One,Tangleweave Armor,26,R,Near Mint,0.37,,,,,1,0.37,,0.37,https://user-content.cardcastle.co/uploads/card_user/scanned_image/eed76a7d-6b36-463a-9068-3c9fe597507f.jpg,,,,81826,,
7612300,Magic,Ravnica Remastered,Golgari Grave-Troll,144,R,Near Mint,2.24,,,,,1,2.24,,2.24,https://user-content.cardcastle.co/uploads/card_user/scanned_image/fd59db2a-760e-45bb-9256-71a0db58c166.jpg,,,,81826,,
7964760,Magic,Commander: Modern Horizons 3,Sage of the Maze (Extended Art),67,R,Near Mint,0.54,,,,,1,0.54,,0.54,https://user-content.cardcastle.co/uploads/card_user/scanned_image/b3212670-2d6f-41f0-9448-e0800284b997.jpg,,,,81826,,
4953789,Magic,Modern Horizons 2,Squirrel Mob,286,R,Near Mint,3.15,,,,,2,3.15,,3.15,https://user-content.cardcastle.co/uploads/card_user/scanned_image/5c19c7b6-80d7-4588-b057-c3bce41e9de0.jpg,,,,81826,,
4968411,Magic,Modern Horizons 2,Gaea's Will,162,R,Near Mint,0.29,,,,,1,0.29,,0.29,https://user-content.cardcastle.co/uploads/card_user/scanned_image/3371a992-cbf9-4c2f-8e62-15498ffeb51e.jpg,,,,81826,,
8694775,Magic,FINAL FANTASY,Summoner's Grimoire,205,R,Near Mint,0.29,,,,,1,0.29,,0.29,https://user-content.cardcastle.co/uploads/card_user/scanned_image/11f6e0b1-f692-4bf4-a526-04387a11a3be.jpg,,,,81826,,
8691655,Magic,FINAL FANTASY,Bartz and Boko,175,R,Near Mint,0.39,,,,,1,0.39,,0.39,https://user-content.cardcastle.co/uploads/card_user/scanned_image/358c66f7-e852-493c-b7e4-424e6fedde2c.jpg,,,,81826,,
8051644,Magic,Bloomburrow,Scrapshooter,191,R,Near Mint,0.4,,,,,1,0.4,,0.4,https://user-content.cardcastle.co/uploads/card_user/scanned_image/94c59f43-2d01-4db4-9e46-2930bd439f3b.jpg,,,,81826,,
8981212,Magic,Avatar: The Last Airbender: Eternal-Legal,Uncle's Musings (Borderless),73,R,Near Mint,0.77,,,,,1,0.77,,0.77,https://user-content.cardcastle.co/uploads/card_user/scanned_image/e65b91c9-4665-4ea4-8922-fdcaf4963e7a.jpg,,,,81826,,
8053154,Magic,Commander: Bloomburrow,Lotus Cobra,229,R,Near Mint,6.38,,,,,1,6.38,,6.38,https://user-content.cardcastle.co/uploads/card_user/scanned_image/4ab1f300-bf56-42e0-a817-ef0e468dbc2c.jpg,,,,81826,,
8980252,Magic,Avatar: The Last Airbender,Diligent Zookeeper,171,R,Near Mint,0.24,,,,,1,0.24,,0.24,https://user-content.cardcastle.co/uploads/card_user/scanned_image/93c23887-ec7e-4e1c-a03a-9ca667831a5a.jpg,,,,81826,,
7195417,Magic,Universes Beyond: The Lord of the Rings: Tales of Middle-earth,Elven Chorus,160,R,Near Mint,5.01,,,,,2,5.01,,5.01,https://user-content.cardcastle.co/uploads/card_user/scanned_image/551f82a3-db92-4c16-aff7-c6b1cf591b30.jpg,,,,81826,,
7381479,Magic,The List Reprints,Hungry Lynx,C17-31,R,Near Mint,5.72,,,,,1,5.72,,5.72,https://user-content.cardcastle.co/uploads/card_user/scanned_image/d7d4d9a3-1816-4b58-b141-378ae39ef2e4.jpg,,,,81826,,
20400,Magic,Urza's Saga,Intrepid Hero,19,R,Near Mint,1.73,,,,,1,1.73,,1.73,https://user-content.cardcastle.co/uploads/card_user/scanned_image/87675ab5-0ce7-4dd4-8484-e779f770f851.jpg,,,,81826,,
7936875,Magic,Modern Horizons 3,Argent Dais,20,R,Near Mint,0.2,,,,,1,0.2,,0.2,https://user-content.cardcastle.co/uploads/card_user/scanned_image/e34a01ca-d639-4639-8aef-6090bc0699cb.jpg,$0.35,In store,8/17/2026,81826,,0.25
4464006,Magic,Core Set 2021,Speaker of the Heavens (Extended Art),347,R,Near Mint,1.99,,,,,1,1.99,,1.99,https://user-content.cardcastle.co/uploads/card_user/scanned_image/e22814a5-a49a-46e9-9087-b82506804048.jpg,,,,81826,,
8062260,Magic,Commander: Bloomburrow,Steelburr Champion (Extended Art),48,R,Near Mint,0.5,,,,,1,0.5,,0.5,https://user-content.cardcastle.co/uploads/card_user/scanned_image/dd2b8d7a-8600-47a8-ae25-3719123c139f.jpg,,,,81826,,
7270496,Magic,Commander Masters,Regal Sliver,724,R,Near Mint,1.41,,,,,1,1.41,,1.41,https://user-content.cardcastle.co/uploads/card_user/scanned_image/569c3dd6-1d11-4218-bc14-2f919f56a4b8.jpg,,,,81826,,
7381739,Magic,The List Reprints,"Oko, the Trickster",ELD-309,M,Near Mint,1.19,,,,,1,1.19,,1.19,https://user-content.cardcastle.co/uploads/card_user/scanned_image/2c5da554-9415-4210-a9fe-3fe783eb1914.jpg,,,,81826,,
8703609,Magic,Commander: FINAL FANTASY,"Edgar, Master Machinist",80,R,Near Mint,0.16,,,,,1,0.16,,0.16,https://user-content.cardcastle.co/uploads/card_user/scanned_image/6ec5bb0f-1a42-478a-a982-a11df141082c.jpg,,,,81826,,
7189883,Magic,Universes Beyond: The Lord of the Rings: Tales of Middle-earth,"Arwen, Mortal Queen",193,M,Near Mint,6.43,,,,,1,6.43,,6.43,https://user-content.cardcastle.co/uploads/card_user/scanned_image/dbe615ac-0426-4aba-a702-ddabec2a2660.jpg,,,,81826,,
8714533,Magic,FINAL FANTASY,"Xande, Dark Mage (Extended Art)",516,R,Near Mint,1.2,,,,,1,1.2,,1.2,https://user-content.cardcastle.co/uploads/card_user/scanned_image/12a3391b-20ce-456b-a8e2-f51f75bde65d.jpg,,,,81826,,
8701080,Magic,Commander: FINAL FANTASY,"Tifa, Martial Artist (Extended Art)",188,M,Near Mint,6.22,,,,,1,6.22,,6.22,https://user-content.cardcastle.co/uploads/card_user/scanned_image/e92d96bb-80f7-4d69-9cc0-2b908ce19514.jpg,,,,81826,,
7501744,Magic,The Lost Caverns of Ixalan,"Saheeli, the Sun's Brilliance (Showcase)",308,M,Near Mint,1,,,,,1,1,,1,https://user-content.cardcastle.co/uploads/card_user/scanned_image/d214e70e-5b3c-4682-b819-acbcb9ad8aea.jpg,,,,81826,,
8702589,Magic,Commander: FINAL FANTASY,"Red XIII, Proud Warrior",91,R,Near Mint,0.31,,,,,2,0.31,,0.31,https://user-content.cardcastle.co/uploads/card_user/scanned_image/e603bde8-9a46-4c3d-b311-5127d4a3a096.jpg,,,,81826,,
7356432,Magic,Wilds of Eldraine,Hylda of the Icy Crown,206,M,Near Mint,3.52,,,,,1,3.52,,3.52,https://user-content.cardcastle.co/uploads/card_user/scanned_image/6c43243a-d01e-49cc-9e4f-321a0cadbcc2.jpg,,,,81826,,
1253872,Magic,Khans of Tarkir,Crackling Doom,171,R,Near Mint,0.4,,,,,1,0.4,,0.4,https://user-content.cardcastle.co/uploads/card_user/scanned_image/698ad0a2-dd2b-4bf7-b448-4302674503ec.jpg,,,,81826,,
7967872,Magic,Commander: Modern Horizons 3,Barrowgoyf,102,R,Near Mint,14.2,,,,,1,14.2,,14.2,https://user-content.cardcastle.co/uploads/card_user/scanned_image/1bd4b3bd-d013-452b-a476-5f22053ac95c.jpg,,,,81826,,
8705169,Magic,Commander: FINAL FANTASY,"Setzer, Wandering Gambler",93,R,Near Mint,0.21,,,,,1,0.21,,0.21,https://user-content.cardcastle.co/uploads/card_user/scanned_image/a0fdcf18-8a59-4c2a-af71-5f5acf8999c9.jpg,,,,81826,,
8717190,Magic,FINAL FANTASY,"Choco, Seeker of Paradise",215,R,Near Mint,0.48,,,,,1,0.48,,0.48,https://user-content.cardcastle.co/uploads/card_user/scanned_image/63e8e7e1-104b-4d5b-8226-5363bc2ba84d.jpg,,,,81826,,
6694605,Magic,The Brothers' War: Retro Frame Artifacts,Door to Nothingness,14,R,Near Mint,0.39,,,,,1,0.39,,0.39,https://user-content.cardcastle.co/uploads/card_user/scanned_image/5a1e9861-0557-4312-a0df-f104aae25c63.jpg,,,,81826,,
8634628,Magic,Tarkir: Dragonstorm,Yathan Roadwatcher,236,R,Near Mint,0.19,,,,,1,0.19,,0.19,https://user-content.cardcastle.co/uploads/card_user/scanned_image/83b13da2-7887-4107-814a-9c3365d5e533.jpg,,,,81826,,
8331190,Magic,Foundations,Boltwave,79,U,Near Mint,2.76,,,,,1,2.76,,2.76,https://user-content.cardcastle.co/uploads/card_user/scanned_image/ce4aefed-4be7-4d63-84de-a4f4f7a1536c.jpg,,,,81826,,
6928080,Magic,Phyrexia: All Will Be One,"Vraska, Betrayal's Sting",115,M,Near Mint,2.14,,,,,1,2.14,,2.14,https://user-content.cardcastle.co/uploads/card_user/scanned_image/d664da32-1991-47ac-8d99-8e29c0dd5c44.jpg,,,,81826,,
7194674,Magic,Universes Beyond: The Lord of the Rings: Tales of Middle-earth,Ringwraiths,284,R,Near Mint,1.5,,,,,1,1.5,,1.5,https://user-content.cardcastle.co/uploads/card_user/scanned_image/d8c6d2c8-d4ac-40a7-90e9-07f977240e76.jpg,,,,81826,,
8718927,Magic,FINAL FANTASY,"Jecht, Reluctant Guardian",104,R,Near Mint,0.39,,,,,1,0.39,,0.39,https://user-content.cardcastle.co/uploads/card_user/scanned_image/f929ddd0-27e0-498a-a2b0-3d9976813596.jpg,,,,81826,,
8706099,Magic,Commander: FINAL FANTASY,"Lulu, Stern Guardian",38,R,Near Mint,0.39,,,,,1,0.39,,0.39,https://user-content.cardcastle.co/uploads/card_user/scanned_image/f6fe4fca-44c4-4365-800b-f054414b61f4.jpg,,,,81826,,
8706429,Magic,Commander: FINAL FANTASY,"Rikku, Resourceful Guardian",41,R,Near Mint,0.35,,,,,1,0.35,,0.35,https://user-content.cardcastle.co/uploads/card_user/scanned_image/2743ef33-553a-456b-a5d3-1da97db50373.jpg,,,,81826,,
8729772,Magic,FINAL FANTASY,From Father to Son,20,R,Near Mint,0.26,,,,,1,0.26,,0.26,https://user-content.cardcastle.co/uploads/card_user/scanned_image/5b0c049b-91c7-4fd0-9f7f-41037525bff1.jpg,,,,81826,,
8337545,Magic,Foundations,Drake Hatcher,35,R,Near Mint,0.3,,,,,1,0.3,,0.3,https://user-content.cardcastle.co/uploads/card_user/scanned_image/013882fb-43f0-4f49-bd65-1491ee3f6b93.jpg,$0.25,In store,8/21/2026,81826,,0.1
8326595,Magic,Foundations,Celestial Armor,5,R,Near Mint,0.53,,,,,1,0.53,,0.53,https://user-content.cardcastle.co/uploads/card_user/scanned_image/72e3a3f5-d93b-4657-bc94-5ed42ba1e2d5.jpg,,,,81826,,
7572845,Magic,Commander: The Lost Caverns of Ixalan,"Admiral Brass, Unsinkable",1,M,Near Mint,0.27,,,,,1,0.27,,0.27,https://user-content.cardcastle.co/uploads/card_user/scanned_image/d712f8d3-5740-40c4-bb6a-2a73d2de9605.jpg,,,,81826,,
8015083,Magic,Duskmourn: House of Horror,Doomsday Excruciator (Borderless),346,R,Near Mint,1.26,,,,,1,1.26,,1.26,https://user-content.cardcastle.co/uploads/card_user/scanned_image/7a1d98b3-128f-4768-bf95-0d5bca9a9f89.jpg,,,,81826,,
8462126,Magic,Innistrad Remastered,Captivating Vampire,100,R,Near Mint,3.8,,,,,1,3.8,,3.8,https://user-content.cardcastle.co/uploads/card_user/scanned_image/a7379801-d734-4f36-bce7-ceba8f0eafcb.jpg,,,,81826,,
8466768,Magic,Innistrad Remastered,Bedlam Reveler (Borderless),312,R,Near Mint,0.33,,,,,1,0.33,,0.33,https://user-content.cardcastle.co/uploads/card_user/scanned_image/4ea72bb8-109c-4ab5-b783-20457cde42e3.jpg,,,,81826,,
8462806,Magic,Innistrad Remastered,Through the Breach (Retro Frame),404,M,Near Mint,0.57,,,,,1,0.57,,0.57,https://user-content.cardcastle.co/uploads/card_user/scanned_image/ebfec772-7fb0-4180-8c1d-46f5332fc464.jpg,,,,81826,,
8393339,Magic,Innistrad Remastered,Mausoleum Wanderer (Borderless),305,R,Near Mint,0.58,,,,,1,0.58,,0.58,https://user-content.cardcastle.co/uploads/card_user/scanned_image/81552608-8d9d-4c0c-af71-942dc5040c22.jpg,,,,81826,,
9087430,Magic,Lorwyn Eclipsed,Trystan's Command,247,R,Near Mint,0.34,,,,,1,0.34,,0.34,https://user-content.cardcastle.co/uploads/card_user/scanned_image/45b477d6-d817-432f-b5b6-f13955bb3e66.jpg,,,,81826,,
9068459,Magic,Lorwyn Eclipsed,"Trystan, Callous Cultivator",199,R,Near Mint,0.34,,,,,1,0.34,,0.34,https://user-content.cardcastle.co/uploads/card_user/scanned_image/440b24f3-ee7b-438d-a7d4-f0e9f2cba0bf.jpg,,,,81826,,
8479436,Magic,Innistrad Remastered,Heartless Summoning,117,R,Near Mint,1.94,,,,,1,1.94,,1.94,https://user-content.cardcastle.co/uploads/card_user/scanned_image/261a3993-80bf-4bc7-9f49-34360ac90b0d.jpg,,,,81826,,
7768059,Magic,Universes Beyond: Fallout,Canyon Slough (Extended Art),489,R,Near Mint,0.46,,,,,1,0.46,,0.46,https://user-content.cardcastle.co/uploads/card_user/scanned_image/35213f2e-601f-4ba6-8259-b171d900aa56.jpg,,,,81826,,
8631530,Magic,Commander: Tarkir: Dragonstorm,"Multani, Yavimaya's Avatar",263,M,Near Mint,0.28,,,,,1,0.28,,0.28,https://user-content.cardcastle.co/uploads/card_user/scanned_image/6094efde-8998-4f9b-b738-f8561b04e354.jpg,,,,81826,,
8459870,Magic,Innistrad Remastered,"Thalia, Heretic Cathar (Borderless)",300,R,Near Mint,1.88,,,,,1,1.88,,1.88,https://user-content.cardcastle.co/uploads/card_user/scanned_image/6b313284-1f2e-4786-a109-2f3b6f338545.jpg,,,,81826,,
1229106,Magic,Magic 2015 (M15),Hushwing Gryff,15,R,Near Mint,0.37,,,,,1,0.37,,0.37,https://user-content.cardcastle.co/uploads/card_user/scanned_image/576f4924-34a9-4087-a774-cbcf30946a96.jpg,,,,81826,,
8703219,Magic,Commander: FINAL FANTASY,Chocobo Knights,12,R,Near Mint,0.33,,,,,1,0.33,,0.33,https://user-content.cardcastle.co/uploads/card_user/scanned_image/2de112af-2d91-4409-aa1f-08ad19db9b42.jpg,,,,81826,,
8739950,Magic,FINAL FANTASY,"Dion, Bahamut's Dominant",16,R,Near Mint,1.05,,,,,1,1.05,,1.05,https://user-content.cardcastle.co/uploads/card_user/scanned_image/18c89e02-3585-4eae-a6ec-604111ee0e9e.jpg,,,,81826,,
8703459,Magic,Commander: FINAL FANTASY,Gatta and Luzzu,19,R,Near Mint,0.23,,,,,1,0.23,,0.23,https://user-content.cardcastle.co/uploads/card_user/scanned_image/16eee8de-5537-4f18-b902-f7cb4dd7a668.jpg,,,,81826,,
7784105,Magic,Universes Beyond: Fallout,Fetid Pools,265,R,Near Mint,0.32,,,,,1,0.32,,0.32,https://user-content.cardcastle.co/uploads/card_user/scanned_image/a1ed9f3f-9409-4347-88a2-3a93aff586da.jpg,,,,81826,,
7100439,Magic,Commander: March of the Machine,Herald of Hoofbeats (Extended Art),109,R,Near Mint,5.01,,,,,1,5.01,,5.01,https://user-content.cardcastle.co/uploads/card_user/scanned_image/8e55263d-c8bf-4993-8b47-34b3108e0e6b.jpg,,,,81826,,
7073150,Magic,Commander: March of the Machine,Worthy Knight,217,R,Near Mint,0.37,,,,,1,0.37,,0.37,https://user-content.cardcastle.co/uploads/card_user/scanned_image/f71fd0f1-4e3d-4f96-9d4e-27e5d2657b70.jpg,,,,81826,,
7995662,Magic,Universes Beyond: Assassin's Creed,Abstergo Entertainment,79,R,Near Mint,2.66,,,,,1,2.66,,2.66,https://user-content.cardcastle.co/uploads/card_user/scanned_image/b46a7149-1a09-463c-a48c-c37da59e5788.jpg,,,,81826,,
8091515,Magic,Mystery Booster 2,Elvish Spirit Guide (White Border),68,U,Near Mint,2.48,,,,,1,2.48,,2.48,https://user-content.cardcastle.co/uploads/card_user/scanned_image/20e8e3cb-a036-4d44-b802-7e2c3c1161ea.jpg,,,,81826,,
7282428,Magic,Commander Masters,"Narset, Parter of Veils",853,U,Near Mint,1.46,,,,,1,1.46,,1.46,https://user-content.cardcastle.co/uploads/card_user/scanned_image/dad56429-4061-40fc-bb44-93e3e03fec75.jpg,,,,81826,,
8728925,Magic,FINAL FANTASY: Through the Ages,A Promise Fulfilled - Light Up the Stage (Showcase),39,U,Near Mint,0.34,,,,,1,0.34,,0.34,https://user-content.cardcastle.co/uploads/card_user/scanned_image/e7fe9c7c-4add-4736-a823-916f2f4cf9b9.jpg,,,,81826,,
8695115,Magic,FINAL FANTASY,A Realm Reborn (Borderless),344,R,Near Mint,1.32,,,,,1,1.32,,1.32,https://user-content.cardcastle.co/uploads/card_user/scanned_image/c973bd98-7b54-4d61-900d-3cd67eddad5c.jpg,,,,81826,,
8707149,Magic,Commander: FINAL FANTASY,Lyse Hext,88,R,Near Mint,0.31,,,,,1,0.31,,0.31,https://user-content.cardcastle.co/uploads/card_user/scanned_image/7cc67027-0b32-456f-9e90-1f8c984cafd8.jpg,,,,81826,,
7797771,Magic,Universes Beyond: Fallout,"Shaun, Father of Synths",119,R,Near Mint,0.37,,,,,1,0.37,,0.37,https://user-content.cardcastle.co/uploads/card_user/scanned_image/d7676726-445d-4c22-89a8-89b6d4d2ca2c.jpg,,,,81826,,
7795933,Magic,Universes Beyond: Fallout,"James, Wandering Dad",31,R,Near Mint,0.34,,,,,1,0.34,,0.34,https://user-content.cardcastle.co/uploads/card_user/scanned_image/d21381a1-aa82-4e8a-8c77-49d7374b0e99.jpg,,,,81826,,
7783420,Magic,Universes Beyond: Fallout,One with the Machine,179,R,Near Mint,0.3,,,,,1,0.3,,0.3,https://user-content.cardcastle.co/uploads/card_user/scanned_image/b154e5ac-bef2-4183-9c8b-2ee35854b01a.jpg,,,,81826,,
8324072,Magic,Foundations,Ashroot Animist,117,R,Near Mint,0.25,,,,,1,0.25,,0.25,https://user-content.cardcastle.co/uploads/card_user/scanned_image/9e1caa7a-cc2e-4978-90fe-55a768cb4d6b.jpg,,,,81826,,
8579955,Magic,FINAL FANTASY,"Stiltzkin, Moogle Merchant (Borderless)",327,R,Near Mint,1.53,,,,,1,1.53,,1.53,https://user-content.cardcastle.co/uploads/card_user/scanned_image/ed4698b4-0697-4807-a3c3-93bb26b4ac48.jpg,,,,81826,,
7282273,Magic,Commander Masters,"Jace, Mirror Mage",852,M,Near Mint,0.45,,,,,1,0.45,,0.45,https://user-content.cardcastle.co/uploads/card_user/scanned_image/fa103a61-aa95-438d-91a6-4e4472202566.jpg,,,,81826,,
8714956,Magic,Commander: FINAL FANTASY,Summon: Good King Mog XII (Borderless),194,R,Near Mint,6.57,,,,,1,6.57,,6.57,https://user-content.cardcastle.co/uploads/card_user/scanned_image/0695880a-f8f8-449f-ab14-f8bf815150c8.jpg,,,,81826,,
9009267,Magic,Avatar: The Last Airbender: Eternal-Legal,Blasphemous Act (Borderless),26,M,Near Mint,5.99,,,,,1,5.99,,5.99,https://user-content.cardcastle.co/uploads/card_user/scanned_image/4f644cab-eb66-4726-a977-4073d501cb5c.jpg,,,,81826,,
8994343,Magic,Avatar: The Last Airbender: Eternal-Legal,Swampbenders (Borderless),65,R,Near Mint,1.16,,,,,1,1.16,,1.16,https://user-content.cardcastle.co/uploads/card_user/scanned_image/14bf8fc8-933f-4436-9fe3-600b1988d64c.jpg,,,,81826,,
8998991,Magic,Avatar: The Last Airbender: Eternal-Legal,"Azula, Flame of Ember Island - Diaochan, Artful Beauty (Borderless)",27,M,Near Mint,1.9,,,,,1,1.9,,1.9,https://user-content.cardcastle.co/uploads/card_user/scanned_image/cdd1aaa6-e98c-4a2d-9250-d15a0d34c3e7.jpg,,,,81826,,
9001211,Magic,Avatar: The Last Airbender,Agna Qel'a,264,R,Near Mint,1,,,,,1,1,,1,https://user-content.cardcastle.co/uploads/card_user/scanned_image/58b9fe55-f866-4bda-be36-b0f8e181d915.jpg,,,,81826,,
8164796,Magic,Duskmourn: House of Horror,"Tyvar, the Pummeler (Showcase)",353,M,Near Mint,5.53,,,,,1,5.53,,5.53,https://user-content.cardcastle.co/uploads/card_user/scanned_image/6fdbff21-e396-4a76-9039-6b6d041cb939.jpg,,Online,,81826,$5.53,2.765
8804580,Magic,Edge of Eternities,Frenzied Baloth,183,R,Near Mint,1.49,,,,,1,1.49,,1.49,https://user-content.cardcastle.co/uploads/card_user/scanned_image/3640624d-254a-40d4-be26-0215c2b39be2.jpg,,,,81826,,
8802265,Magic,Edge of Eternities,Terrasymbiosis,210,R,Near Mint,9.63,,,,,1,9.63,,9.63,https://user-content.cardcastle.co/uploads/card_user/scanned_image/375a2d91-7e13-46cd-8835-30685fa209f1.jpg,,,,81826,,
8825887,Magic,Edge of Eternities,Mightform Harmonizer,200,R,Near Mint,1.85,,,,,3,1.85,,1.85,https://user-content.cardcastle.co/uploads/card_user/scanned_image/d477e936-9392-4a05-b207-f73b204aa6fd.jpg,,,,81826,,
8981967,Magic,Avatar: The Last Airbender,Diligent Zookeeper (Borderless),327,R,Near Mint,0.45,,,,,1,0.45,,0.45,https://user-content.cardcastle.co/uploads/card_user/scanned_image/a790eb53-b99c-42f8-bbe0-74fbbe564d7a.jpg,,,,81826,,
8905370,Magic,Marvel's Spider-Man,"Sandman, Shifting Scoundrel",112,R,Near Mint,0.39,,,,,2,0.39,,0.39,https://user-content.cardcastle.co/uploads/card_user/scanned_image/d8d97860-04fa-40c3-b709-9f708203277c.jpg,,,,81826,,
8914665,Magic,Marvel's Spider-Man,Strength of Will,118,R,Near Mint,1.35,,,,,3,1.35,,1.35,https://user-content.cardcastle.co/uploads/card_user/scanned_image/71c30d00-b4ac-4509-9c71-2a8e40f33b84.jpg,,,,81826,,
8870909,Magic,Marvel's Spider-Man,Kraven's Last Hunt (Borderless),226,R,Near Mint,0.34,,,,,1,0.34,,0.34,https://user-content.cardcastle.co/uploads/card_user/scanned_image/29d26a75-3ef1-40c3-8917-84e4c2048145.jpg,,,,81826,,
9005341,Magic,Avatar: The Last Airbender,Great Divide Guide,181,R,Near Mint,0.9,,,,,1,0.9,,0.9,https://user-content.cardcastle.co/uploads/card_user/scanned_image/fe293b7c-caa6-4d60-b8e0-a7f5e8b36eb4.jpg,,,,81826,,
8917149,Magic,Marvel's Spider-Man,"Lizard, Connors's Curse (Extended Art)",265,R,Near Mint,0.37,,,,,1,0.37,,0.37,https://user-content.cardcastle.co/uploads/card_user/scanned_image/54df98e3-5166-4b8b-a16d-1c2b3c7eb9a3.jpg,,,,81826,,
7381869,Magic,The List Reprints,Questing Beast,ELD-171,M,Near Mint,2.63,,,,,1,2.63,,2.63,https://user-content.cardcastle.co/uploads/card_user/scanned_image/1bb566d4-2e3b-4917-a1a5-2057e51f0a0d.jpg,,,,81826,,
7177757,Magic,Universes Beyond: The Lord of the Rings: Tales of Middle-earth,Fall of Gil-galad,165,R,Near Mint,0.35,,,,,1,0.35,,0.35,https://user-content.cardcastle.co/uploads/card_user/scanned_image/38ac153e-2516-4821-b524-f948f4e1a190.jpg,,,,81826,,
7167165,Magic,Universes Beyond: The Lord of the Rings: Tales of Middle-earth,"Legolas, Master Archer",173,R,Near Mint,0.37,,,,,3,0.37,,0.37,https://user-content.cardcastle.co/uploads/card_user/scanned_image/837bb381-2ef9-4bd0-ab64-a2e02b9aa34b.jpg,,,,81826,,
4488133,Magic,Promo Pack: Core Set 2021,Garruk's Harbinger,185p,R,Near Mint,0.62,,,,,1,0.62,,0.62,https://user-content.cardcastle.co/uploads/card_user/scanned_image/e88e32dd-f1a1-43a5-a428-b2759607f5dc.jpg,,,,81826,,
9429833,Magic,The Hobbit,Most Decrepit Old Bird,49,R,Near Mint,0.25,,,,,1,0.25,,0.25,https://user-content.cardcastle.co/uploads/card_user/scanned_image/1f994224-d1a5-4c41-b603-9f2227ec3c56.jpg,,,,81826,,
9278317,Magic,The Hobbit,Riddles in the Dark,53,R,Near Mint,0.41,,,,,1,0.41,,0.41,https://user-content.cardcastle.co/uploads/card_user/scanned_image/cd373d2a-4d98-4a0c-b01b-6315e5c49dad.jpg,,,,81826,,
9420224,Magic,The Hobbit,Great Gilded Boat,42,R,Near Mint,0.25,,,,,2,0.25,,0.25,https://user-content.cardcastle.co/uploads/card_user/scanned_image/08a7ab3e-d586-42c3-8602-86dba3634df7.jpg,,,,81826,,
9439018,Magic,The Hobbit,Kili the Resourceful,17,R,Near Mint,0.82,,,,,1,0.82,,0.82,https://user-content.cardcastle.co/uploads/card_user/scanned_image/40690301-27fa-4c1a-b582-bd404f481815.jpg,,,,81826,,
9443805,Magic,The Hobbit,Radagast of Rhosgobel,136,R,Near Mint,1.7,,,,,2,1.7,,1.7,https://user-content.cardcastle.co/uploads/card_user/scanned_image/a4772f36-fbf9-4fee-8264-aece4874d4ad.jpg,$3.00,In store,8/22/2026,81826,$1.70,2.15
9415078,Magic,The Hobbit,"Thranduil, the Elvenking",167,R,Near Mint,0.98,,,,,1,0.98,,0.98,https://user-content.cardcastle.co/uploads/card_user/scanned_image/0dfd58c6-3cae-4557-a355-7e59d6753972.jpg,,,,81826,,
9425950,Magic,The Hobbit,Head of the Hunt,75,R,Near Mint,0.4,,,,,2,0.4,,0.4,https://user-content.cardcastle.co/uploads/card_user/scanned_image/2b9d03ff-64f7-40b1-a977-a6372a040035.jpg,,,,81826,,
9423115,Magic,The Hobbit,Down in the Valley,124,R,Near Mint,0.28,,,,,1,0.28,,0.28,https://user-content.cardcastle.co/uploads/card_user/scanned_image/f4493f87-c091-4c59-b8a0-d19bff8e45ef.jpg,,,,81826,,
9425890,Magic,The Hobbit,Roll-Roll-Roll-Roll,54,R,Near Mint,0.31,,,,,1,0.31,,0.31,https://user-content.cardcastle.co/uploads/card_user/scanned_image/6dccb375-4227-4e4d-92c8-bd8604180b65.jpg,,,,81826,,
9433962,Magic,The Hobbit,Getaway Barrel,98,R,Near Mint,0.24,,,,,2,0.24,,0.24,https://user-content.cardcastle.co/uploads/card_user/scanned_image/4a513cc1-9f61-4d2a-8959-b2910a97b412.jpg,,,,81826,,
9419450,Magic,The Hobbit,Chief Warg's Company,151,R,Near Mint,1.19,,,,,1,1.19,,1.19,https://user-content.cardcastle.co/uploads/card_user/scanned_image/8013f30f-94e3-4af3-be9d-c80f4cab1021.jpg,,,,81826,,
9422714,Magic,The Hobbit,Belladonna Took,4,R,Near Mint,3.14,,,,,1,3.14,,3.14,https://user-content.cardcastle.co/uploads/card_user/scanned_image/54adbbcb-381f-4144-a66b-3806fe937f3f.jpg,,Online,,81826,$3.14,1.57
9426321,Magic,The Hobbit,Cantankerous Keepers,122,R,Near Mint,0.29,,,,,1,0.29,,0.29,https://user-content.cardcastle.co/uploads/card_user/scanned_image/ae290543-d886-4ca9-938c-c56f7059290a.jpg,,Online,,81826,$0.29,0.145
9421610,Magic,The Hobbit,The Sackville-Bagginses,83,R,Near Mint,0.46,,,,,1,0.46,,0.46,https://user-content.cardcastle.co/uploads/card_user/scanned_image/82af02ed-b8ab-420a-91b9-0c57f08ce4dc.jpg,,,,81826,,
9417971,Magic,The Hobbit,Part in Friendship,134,R,Near Mint,0.29,,,,,1,0.29,,0.29,https://user-content.cardcastle.co/uploads/card_user/scanned_image/ab6349de-4076-49cd-a8b7-d96ae561addc.jpg,,,,81826,,
9278557,Magic,The Hobbit,"Tom, Bert, and William",169,R,Near Mint,0.34,,,,,1,0.34,,0.34,https://user-content.cardcastle.co/uploads/card_user/scanned_image/8a4e4d82-b8e9-4c90-b138-91f619fb70dc.jpg,,,,81826,,
6912470,Magic,Phyrexia: All Will Be One,Mountain (270) - Full Art,270,C,Near Mint,0.95,,,,,1,0.95,,0.95,https://user-content.cardcastle.co/uploads/card_user/scanned_image/055a7695-eeb4-49de-8e86-dca3e9aa882d.jpg,,,,81826,,
6912630,Magic,Phyrexia: All Will Be One,Swamp (269) - Full Art,269,C,Near Mint,2.19,,,,,1,2.19,,2.19,https://user-content.cardcastle.co/uploads/card_user/scanned_image/65924b41-5be7-4f93-bc03-68c655f62d0c.jpg,,,,81826,,
7507852,Magic,The Lost Caverns of Ixalan,Preacher of the Schism,113,R,Near Mint,1.18,,,,,1,1.18,,1.18,https://user-content.cardcastle.co/uploads/card_user/scanned_image/ca1e2084-b030-45e0-be8e-28c21dd01577.jpg,,,,81826,,
8542205,Magic,Aetherdrift,Gas Guzzler (Borderless),338,R,Near Mint,0.35,,,,,1,0.35,,0.35,https://user-content.cardcastle.co/uploads/card_user/scanned_image/f5123ddb-6f43-4f7b-8990-d8e44dcbbdff.jpg,,,,81826,,
5305798,Magic,The List Reprints,Guul Draz Assassin,ROE-112,R,Near Mint,2.29,,,,,1,2.29,,2.29,https://user-content.cardcastle.co/uploads/card_user/scanned_image/e73f43d8-044a-47e2-a66d-daf228eb7a9b.jpg,,,,81826,,
5299548,Magic,Commander: Innistrad: Crimson Vow,Anje's Ravager,141,R,Near Mint,0.36,,,,,1,0.36,,0.36,https://user-content.cardcastle.co/uploads/card_user/scanned_image/78aa9174-719a-4618-bf87-f693a35ff20a.jpg,,,,81826,,
3449796,Magic,Commander 2017,Crackling Doom,167,R,Near Mint,0.4,,,,,1,0.4,,0.4,https://user-content.cardcastle.co/uploads/card_user/scanned_image/40e1f7a8-f974-4e40-a05b-9b154176a505.jpg,,,,81826,,
8209080,Magic,Commander: Duskmourn: House of Horror,"Florian, Voldaren Scion",217,R,Near Mint,0.37,,,,,1,0.37,,0.37,https://user-content.cardcastle.co/uploads/card_user/scanned_image/4969faeb-2fc3-4300-ba87-a48fd2d3b978.jpg,,,,81826,,
5221366,Magic,Promo Pack: Innistrad: Midnight Hunt,Falkenrath Pit Fighter,137p,R,Near Mint,1.85,,,,,1,1.85,,1.85,https://user-content.cardcastle.co/uploads/card_user/scanned_image/788d7561-db84-484e-937e-cc1438390e50.jpg,,,,81826,,
5693361,Magic,Double Masters 2022,Divine Visitation,8,M,Near Mint,3.03,,,,,1,3.03,,3.03,https://user-content.cardcastle.co/uploads/card_user/scanned_image/e54d18c2-83a4-48ca-b491-ead116750cff.jpg,,,,81826,,
7536897,Magic,Commander: The Lost Caverns of Ixalan,Olivia's Wrath,205,R,Near Mint,0.39,,,,,1,0.39,,0.39,https://user-content.cardcastle.co/uploads/card_user/scanned_image/46b8d58c-fa61-419b-9f68-0d1c312e8434.jpg,,,,81826,,
6949604,Magic,Phyrexia: All Will Be One,"Vraan, Executioner Thane (Showcase)",309,R,Near Mint,0.36,,,,,1,0.36,,0.36,https://user-content.cardcastle.co/uploads/card_user/scanned_image/f7c74619-6925-4637-885d-8e4e6109129b.jpg,,,,81826,,
7365594,Magic,Wilds of Eldraine: Enchanting Tales,Oversold Cemetery,33,R,Near Mint,3.08,,,,,1,3.08,,3.08,https://user-content.cardcastle.co/uploads/card_user/scanned_image/6bc11f78-6aa7-4d56-b0dc-e2950fce9079.jpg,,,,81826,,
501156,Magic,Innistrad,Stromkirk Noble,164,R,Near Mint,0.35,,,,,1,0.35,,0.35,https://user-content.cardcastle.co/uploads/card_user/scanned_image/af422fbe-72b4-4731-ad0b-da6fc380aa1a.jpg,,,,81826,,
8325538,Magic,Foundations,Nullpriest of Oblivion,611,R,Near Mint,0.25,,,,,1,0.25,,0.25,https://user-content.cardcastle.co/uploads/card_user/scanned_image/780ff56b-0e38-441a-afc1-dfbabb37496b.jpg,,,,81826,,
4553007,Magic,Zendikar Rising,Soul Shatter (Extended Art),345,R,Near Mint,5.41,,,,,1,5.41,,5.41,https://user-content.cardcastle.co/uploads/card_user/scanned_image/4fe9625d-fdd0-4dce-9ac3-5a11777fee11.jpg,,,,81826,,
7397237,Magic,Wilds of Eldraine,Virtue of Strength,197,M,Near Mint,4.71,,,,,1,4.71,,4.71,https://user-content.cardcastle.co/uploads/card_user/scanned_image/30eca9df-d589-4796-890f-794feba96b89.jpg,,,,81826,,
8285210,Magic,Foundations,Darksteel Colossus,671,M,Near Mint,1.04,,,,,1,1.04,,1.04,https://user-content.cardcastle.co/uploads/card_user/scanned_image/3ca2839e-e7d3-4aab-bb9c-d520f2e82494.jpg,,,,81826,,
936900,Magic,Magic 2013 (M13),Elderscale Wurm,167,M,Near Mint,2.96,,,,,1,2.96,,2.96,https://user-content.cardcastle.co/uploads/card_user/scanned_image/46e3a782-1a8f-4f64-885a-6d7ce1c908f8.jpg,,,,81826,,
4459966,Magic,Core Set 2021,Scavenging Ooze (Alternate Art),318,R,Near Mint,0.65,,,,,1,0.65,,0.65,https://user-content.cardcastle.co/uploads/card_user/scanned_image/916db820-855c-4b7f-9118-5696ce1ad5b1.jpg,,,,81826,,
7263375,Magic,Commander Masters,Song of the Dryads,324,R,Near Mint,5.88,,,,,1,5.88,,5.88,https://user-content.cardcastle.co/uploads/card_user/scanned_image/d5d7412e-ca52-4284-97cd-e5181e3df4bc.jpg,,,,81826,,
4127185,Magic,Promo Pack: Core Set 2020,Gilded Lotus,215p,R,Near Mint,1.17,,,,,1,1.17,,1.17,https://user-content.cardcastle.co/uploads/card_user/scanned_image/7c7bd3bf-e462-4e01-91bd-73c252ca39e8.jpg,,,,81826,,
9214981,Magic,Commander: Secrets of Strixhaven,Kinetic Ooze,39,R,Near Mint,0.32,,,,,1,0.32,,0.32,https://user-content.cardcastle.co/uploads/card_user/scanned_image/12876ab5-fb3a-4045-8dbf-9c54e0717790.jpg,,,,81826,,
7960099,Magic,Commander: Modern Horizons 3,"Nissa, Steward of Elements",270,M,Near Mint,0.33,,,,,1,0.33,,0.33,https://user-content.cardcastle.co/uploads/card_user/scanned_image/0d0d9ade-a791-4b50-8258-179345112523.jpg,,,,81826,,
6734249,Magic,The List Reprints,Bane of Progress,C15-175,R,Near Mint,1.03,,,,,1,1.03,,1.03,https://user-content.cardcastle.co/uploads/card_user/scanned_image/27db85ac-3d9a-4f4b-8d28-0732a397e8c1.jpg,,,,81826,,
9417671,Magic,The Hobbit,The Lord of the Eagles,46,R,Near Mint,0.37,,,,,1,0.37,,0.37,https://user-content.cardcastle.co/uploads/card_user/scanned_image/e080cb86-d33b-4ee1-bd29-ef6fc04809ce.jpg,,,,81826,,
9431824,Magic,The Hobbit,Elven Passage,181,R,Near Mint,0.7,,,,,1,0.7,,0.7,https://user-content.cardcastle.co/uploads/card_user/scanned_image/353f055e-5174-4874-b133-d9845aa92575.jpg,,Online,,81826,$0.70,0.35
9426662,Magic,The Hobbit,Bard's Company,146,R,Near Mint,0.3,,,,,1,0.3,,0.3,https://user-content.cardcastle.co/uploads/card_user/scanned_image/4517b5ba-1f60-457c-9791-e51f6b27db46.jpg,,,,81826,,
8810851,Magic,Commander: Edge of Eternities,Eumidian Hatchery,20,R,Near Mint,0.33,,,,,1,0.33,,0.33,https://user-content.cardcastle.co/uploads/card_user/scanned_image/445a920f-d0bc-4cc8-8e9f-0cf0815ab70e.jpg,,,,81826,,
8736821,Magic,FINAL FANTASY,Hope Estheim (Borderless),396,R,Near Mint,1.79,,,,,1,1.79,,1.79,https://user-content.cardcastle.co/uploads/card_user/scanned_image/81e0518e-274c-47db-914b-52bc4c23ad25.jpg,,,,81826,,
3251975,Magic,Planechase Anthology,Awakening Zone,56,R,Near Mint,1.02,,,,,1,1.02,,1.02,https://user-content.cardcastle.co/uploads/card_user/scanned_image/ebd2ddb5-ccf9-4942-904e-4073b56602b6.jpg,,,,81826,,
6934989,Magic,Phyrexia: All Will Be One,Venerated Rotpriest,192,R,Near Mint,3,,,,,1,3,,3,https://user-content.cardcastle.co/uploads/card_user/scanned_image/b1e8aa28-6afe-4ccb-b494-7ace9bcefb68.jpg,,,,81826,,
1182792,Magic,Journey Into Nyx,Dictate of Karametra,121,R,Near Mint,0.94,,,,,1,0.94,,0.94,https://user-content.cardcastle.co/uploads/card_user/scanned_image/41a8374b-3cb5-4a39-978b-f39d89811e78.jpg,,,,81826,,
8809516,Magic,Commander: Edge of Eternities,Exploration Broodship,14,R,Near Mint,3.78,,,,,1,3.78,,3.78,https://user-content.cardcastle.co/uploads/card_user/scanned_image/67d12408-e25a-4d65-b5fa-73d52cb3de10.jpg,,,,81826,,
8868137,Magic,Marvel's Spider-Man,"Spider-Ham, Peter Porker (Borderless)",201,R,Near Mint,1.44,,,,,1,1.44,,1.44,https://user-content.cardcastle.co/uploads/card_user/scanned_image/148a9469-91c8-489f-8c44-bca58aefd428.jpg,,,,81826,,
8907925,Magic,Marvel's Spider-Man,Radioactive Spider,111,R,Near Mint,0.41,,,,,1,0.41,,0.41,https://user-content.cardcastle.co/uploads/card_user/scanned_image/fc187180-3599-43cc-85db-b3333a2710c5.jpg,,,,81826,,
8343160,Magic,Foundations,"Loot, Exuberant Explorer",106,R,Near Mint,3.01,,,,,1,3.01,,3.01,https://user-content.cardcastle.co/uploads/card_user/scanned_image/b3f351a7-5d91-4a51-be2c-d575b7366246.jpg,,,,81826,,
25351,Magic,Guildpact,Petrified Wood-Kin,91,R,Near Mint,0.25,,,,,1,0.25,,0.25,https://user-content.cardcastle.co/uploads/card_user/scanned_image/13f6a142-e0de-45fa-9541-923a567ea746.jpg,,,,81826,,
7261398,Magic,Commander Masters,"Yisan, the Wanderer Bard",334,R,Near Mint,0.33,,,,,1,0.33,,0.33,https://user-content.cardcastle.co/uploads/card_user/scanned_image/771d4306-0b51-4509-b9ea-8b64c9a4746f.jpg,,,,81826,,
7424642,Magic,Game Day & Store Championship Promos,Tail Swipe,15,R,Near Mint,0.43,,,,,1,0.43,,0.43,https://user-content.cardcastle.co/uploads/card_user/scanned_image/c15264c2-53e8-4aab-af80-a7e43f505251.jpg,,,,81826,,
7932619,Magic,Modern Horizons 3,Thief of Existence,174,R,Near Mint,0.24,,,,,1,0.24,,0.24,https://user-content.cardcastle.co/uploads/card_user/scanned_image/35d09516-92b1-48e1-abc0-15eeb5496983.jpg,,,,81826,,
7267611,Magic,Commander Masters,Bloodspore Thrinax,276,R,Near Mint,0.36,,,,,1,0.36,,0.36,https://user-content.cardcastle.co/uploads/card_user/scanned_image/d6b0ad6d-cc5b-4452-aabc-d457913755f0.jpg,,,,81826,,
19632,Magic,Urza's Destiny,Ancient Silverback,101,R,Near Mint,0.51,,,,,1,0.51,,0.51,https://user-content.cardcastle.co/uploads/card_user/scanned_image/e65c7fbf-1017-4b86-a3ef-8f2e30ec880a.jpg,,,,81826,,
8331970,Magic,Foundations,Spinner of Souls,112,R,Near Mint,0.41,,,,,1,0.41,,0.41,https://user-content.cardcastle.co/uploads/card_user/scanned_image/6ee30e6a-8771-4145-8756-c571632b89c3.jpg,,,,81826,,
7286440,Magic,Commander Masters,Nyxborn Behemoth,742,R,Near Mint,1.52,,,,,1,1.52,,1.52,https://user-content.cardcastle.co/uploads/card_user/scanned_image/9840df87-47a1-44a3-93ed-fada5659bb57.jpg,,,,81826,,
4540868,Magic,Zendikar Rising,Tajuru Paragon,209,R,Near Mint,0.22,,,,,1,0.22,,0.22,https://user-content.cardcastle.co/uploads/card_user/scanned_image/b0574426-01b2-4ed9-864a-9bc5c10f893f.jpg,,,,81826,,
4457706,Magic,Core Set 2021,Sporeweb Weaver (Extended Art),378,R,Near Mint,1.17,,,,,1,1.17,,1.17,https://user-content.cardcastle.co/uploads/card_user/scanned_image/14acea08-505d-4886-af0c-e863e465625e.jpg,,,,81826,,
8046760,Magic,Bloomburrow,Fecund Greenshell,171,R,Near Mint,0.74,,,,,1,0.74,,0.74,https://user-content.cardcastle.co/uploads/card_user/scanned_image/ee4f0c40-81bd-4144-a918-c6fc1b0671fe.jpg,,,,81826,,
8180013,Magic,Duskmourn: House of Horror,Balustrade Wurm (Showcase),319,R,Near Mint,0.28,,,,,1,0.28,,0.28,https://user-content.cardcastle.co/uploads/card_user/scanned_image/e407379f-0b12-4ec8-967b-4364d74e44c1.jpg,,,,81826,,
1066920,Magic,Gatecrash,Skarrg Goliath,133,R,Near Mint,0.2,,,,,1,0.2,,0.2,https://user-content.cardcastle.co/uploads/card_user/scanned_image/c9d077da-f357-4f36-af77-f8548c7b0800.jpg,,,,81826,,
251667,Magic,Shards of Alara,Keeper of Progenitus,135,R,Near Mint,1.79,,,,,1,1.79,,1.79,https://user-content.cardcastle.co/uploads/card_user/scanned_image/0a458a90-724a-469a-b28f-e381f495c15a.jpg,,,,81826,,
1067364,Magic,Gatecrash,Signal the Clans,194,R,Near Mint,0.46,,,,,1,0.46,,0.46,https://user-content.cardcastle.co/uploads/card_user/scanned_image/60b7a71c-65ad-480a-b0b4-74034f6d1941.jpg,,,,81826,,
7700906,Magic,Ravnica: Clue Edition,Seraph of the Scales,208,M,Near Mint,0.38,,,,,1,0.38,,0.38,https://user-content.cardcastle.co/uploads/card_user/scanned_image/1d2f3051-6770-484a-b792-722015f9d5da.jpg,,,,81826,,
7165315,Magic,Universes Beyond: The Lord of the Rings: Tales of Middle-earth,"Eowyn, Fearless Knight",201,R,Near Mint,0.83,,,,,1,0.83,,0.83,https://user-content.cardcastle.co/uploads/card_user/scanned_image/9f622de5-e162-4ebe-9668-b5e75ebb5a22.jpg,,,,81826,,
25463,Magic,Dissension,Experiment Kraj,110,R,Near Mint,0.73,,,,,1,0.73,,0.73,https://user-content.cardcastle.co/uploads/card_user/scanned_image/380ac075-0560-412b-8473-b21a7312436e.jpg,,,,81826,,
7631880,Magic,Ravnica Remastered,Karlov of the Ghost Council (Retro Frame),369,M,Near Mint,11.07,,,,,1,11.07,,11.07,https://user-content.cardcastle.co/uploads/card_user/scanned_image/e2ed64bd-eeb9-48fb-90ad-6ff49b513b11.jpg,,,,81826,,
8967,Magic,Mirrodin,Culling Scales,160,R,Near Mint,0.59,,,,,1,0.59,,0.59,https://user-content.cardcastle.co/uploads/card_user/scanned_image/ef8be456-5a66-4931-aa76-c7157d4874bf.jpg,,,,81826,,
25299,Magic,Guildpact,Glint-Eye Nephilim,115,R,Near Mint,0.46,,,,,1,0.46,,0.46,https://user-content.cardcastle.co/uploads/card_user/scanned_image/4c029ca0-1082-4c14-abd9-b8f423b1e37b.jpg,,,,81826,,
21135,Magic,Invasion,Sunscape Master,42,R,Near Mint,0.34,,,,,1,0.34,,0.34,https://user-content.cardcastle.co/uploads/card_user/scanned_image/c5064866-4cfb-4007-ad52-db8a32aa7a46.jpg,,,,81826,,
5501776,Magic,Streets of New Capenna,Hostile Takeover,191,R,Near Mint,0.19,,,,,1,0.19,,0.19,https://user-content.cardcastle.co/uploads/card_user/scanned_image/a59a2a8b-cd92-4161-bfa7-f4cdd6a67d42.jpg,,,,81826,,
7697308,Magic,Ravnica: Clue Edition,Duskmantle Seer,188,M,Near Mint,0.32,,,,,1,0.32,,0.32,https://user-content.cardcastle.co/uploads/card_user/scanned_image/4e449bf7-bbde-4cc0-92d1-5358d272318d.jpg,,,,81826,,
7363692,Magic,Commander: Wilds of Eldraine,"Tegwyll, Duke of Splendor",1,M,Near Mint,5.06,,,,,1,5.06,,5.06,https://user-content.cardcastle.co/uploads/card_user/scanned_image/7c425c46-cc98-42c6-b1dd-89841ae3d1ed.jpg,,,,81826,,
7942654,Magic,Modern Horizons 3,"Rosheen, Roaring Prophet",202,R,Near Mint,0.16,,,,,1,0.16,,0.16,https://user-content.cardcastle.co/uploads/card_user/scanned_image/d708882a-ce81-45b2-81ba-c89eaa70f87c.jpg,,,,81826,,
25275,Magic,Guildpact,Culling Sun,109,R,Near Mint,0.37,,,,,1,0.37,,0.37,https://user-content.cardcastle.co/uploads/card_user/scanned_image/4b913bab-91dc-41a5-816b-dda8e5d2a2e4.jpg,,,,81826,,
26121,Magic,Timeshifted,Sol'kanar the Swamp King,100,S,Near Mint,0.32,,,,,1,0.32,,0.32,https://user-content.cardcastle.co/uploads/card_user/scanned_image/72e0eaf4-00aa-4a91-8b8b-58c8cd53866d.jpg,,,,81826,,
25143,Magic,Ravnica: City of Guilds,Phytohydra,218,R,Near Mint,0.77,,,,,1,0.77,,0.77,https://user-content.cardcastle.co/uploads/card_user/scanned_image/79f89da1-1b7a-433a-882f-16a0efdedff0.jpg,,,,81826,,
25526,Magic,Dissension,Rain of Gore,126,R,Near Mint,8.28,,,,,1,8.28,,8.28,https://user-content.cardcastle.co/uploads/card_user/scanned_image/7313e404-22e6-4142-bbea-9a7bccc8d1d8.jpg,,,,81826,,
7926099,Magic,Modern Horizons 3,Wheel of Potential,144,R,Near Mint,0.24,,,,,1,0.24,,0.24,https://user-content.cardcastle.co/uploads/card_user/scanned_image/f7584e3c-bf29-4cd5-834d-a6b8f9fd8764.jpg,,,,81826,,
1139794,Magic,Commander 2013,Molten Disaster,117,R,Near Mint,0.44,,,,,1,0.44,,0.44,https://user-content.cardcastle.co/uploads/card_user/scanned_image/d28df4b3-215f-43c5-b82f-3e3882170425.jpg,,,,81826,,
7928129,Magic,Modern Horizons 3,Detective's Phoenix,116,R,Near Mint,0.33,,,,,1,0.33,,0.33,https://user-content.cardcastle.co/uploads/card_user/scanned_image/ca16df10-114b-4033-a19e-c0d35426921c.jpg,,,,81826,,
4276345,Magic,The List Reprints,Reality Scramble,C18-25,R,Near Mint,0.55,,,,,1,0.55,,0.55,https://user-content.cardcastle.co/uploads/card_user/scanned_image/fcdb5442-29b4-40cd-a2fd-8a6d0f00602d.jpg,,,,81826,,
1098044,Magic,Magic 2014 (M14),Chandra's Phoenix,134,R,Near Mint,0.25,,,,,1,0.25,,0.25,https://user-content.cardcastle.co/uploads/card_user/scanned_image/6fe49b23-007b-48a4-88c9-e37b6e219abe.jpg,,,,81826,,
25507,Magic,Dissension,Omnibian,119,R,Near Mint,6.27,,,,,1,6.27,,6.27,https://user-content.cardcastle.co/uploads/card_user/scanned_image/85ccd90d-8068-4c39-8837-7914adc0d04c.jpg,,,,81826,,
24971,Magic,Ravnica: City of Guilds,Bloodbond March,192,R,Near Mint,0.8,,,,,2,0.8,,0.8,https://user-content.cardcastle.co/uploads/card_user/scanned_image/61692057-f518-42a6-8ae6-f7a6bce8fad5.jpg,,,,81826,,
20998,Magic,Invasion,Kavu Titan,194,R,Near Mint,1.42,,,,,1,1.42,,1.42,https://user-content.cardcastle.co/uploads/card_user/scanned_image/c3bdd5be-7c0d-4b32-9f66-75c16b9d1b79.jpg,,,,81826,,
7934294,Magic,Commander: Modern Horizons 3,"Coram, the Undertaker (Borderless)",11,M,Near Mint,0.41,,,,,1,0.41,,0.41,https://user-content.cardcastle.co/uploads/card_user/scanned_image/5cac5652-d477-4730-b4bd-365b871b71e4.jpg,,,,81826,,
25187,Magic,Ravnica: City of Guilds,Sisters of Stone Death,231,R,Near Mint,2.34,,,,,1,2.34,,2.34,https://user-content.cardcastle.co/uploads/card_user/scanned_image/829a8e92-285a-43a9-9b9a-5ef0a4dbb3af.jpg,,,,81826,,
7814530,Magic,Outlaws of Thunder Junction,"Annie Flash, the Veteran",190,M,Near Mint,0.3,,,,,1,0.3,,0.3,https://user-content.cardcastle.co/uploads/card_user/scanned_image/597cbd80-95a2-4a71-8917-5f4c2a19fbf2.jpg,,,,81826,,
25208,Magic,Ravnica: City of Guilds,"Szadek, Lord of Secrets",234,R,Near Mint,0.27,,,,,1,0.27,,0.27,https://user-content.cardcastle.co/uploads/card_user/scanned_image/d100a11f-0004-4d2a-970c-03c197eee264.jpg,,,,81826,,
5172364,Magic,Innistrad: Midnight Hunt,Bloodthirsty Adversary,129,M,Near Mint,0.38,,,,,1,0.38,,0.38,https://user-content.cardcastle.co/uploads/card_user/scanned_image/5a98282b-5063-40bf-a773-5f139a11586e.jpg,,,,81826,,
1186341,Magic,Conspiracy,"Brago, King Eternal",41,R,Near Mint,3.83,,,,,1,3.83,,3.83,https://user-content.cardcastle.co/uploads/card_user/scanned_image/e8c82d4a-5848-4a9c-b2f8-e2e962cc3ad8.jpg,,,,81826,,
9278437,Magic,The Hobbit,"Thorin, Mountain-king",114,M,Near Mint,2.97,,,,,1,2.97,,2.97,https://user-content.cardcastle.co/uploads/card_user/scanned_image/8a0e247f-a6cb-4446-a4c6-eef6ee887127.jpg,,,,81826,,
7948385,Magic,Modern Horizons 3,Abstruse Appropriation,177,R,Near Mint,0.3,,,,,1,0.3,,0.3,https://user-content.cardcastle.co/uploads/card_user/scanned_image/d6bd1f1a-1dbf-4175-9c2f-e827bc41a413.jpg,,,,81826,,
7720138,Magic,Commander: Murders at Karlov Manor,Foreboding Steamboat (Extended Art),338,R,Near Mint,0.3,,,,,1,0.3,,0.3,https://user-content.cardcastle.co/uploads/card_user/scanned_image/df632347-63bf-4da0-8e35-f932022870fc.jpg,,,,81826,,
8634028,Magic,Tarkir: Dragonstorm,Avenger of the Fallen (Borderless),337,R,Near Mint,0.53,,,,,1,0.53,,0.53,https://user-content.cardcastle.co/uploads/card_user/scanned_image/c87929f6-216f-4fa6-b16e-5b5cb9bcca79.jpg,,,,81826,,
8910955,Magic,Marvel's Spider-Man,Radioactive Spider (Borderless),212,R,Near Mint,0.8,,,,,1,0.8,,0.8,https://user-content.cardcastle.co/uploads/card_user/scanned_image/d80bfe38-021d-4408-b18e-1f1af83d2d37.jpg,,,,81826,,
8922603,Magic,Marvel Universe Eternal-Legal,Infernal Grasp (Borderless),18,M,Near Mint,4.71,,,,,1,4.71,,4.71,https://user-content.cardcastle.co/uploads/card_user/scanned_image/cdc66d88-6d4e-4318-86db-21ec3d0b43f8.jpg,,,,81826,,
8471308,Magic,Innistrad Remastered,Cryptolith Rite,189,R,Near Mint,14.9,,,,,1,14.9,,14.9,https://user-content.cardcastle.co/uploads/card_user/scanned_image/79dfd159-0c70-49a5-ab2e-e95324e649ef.jpg,,,,81826,,
9008786,Magic,Avatar: The Last Airbender: Eternal-Legal,Standstill (Borderless),19,M,Near Mint,2.31,,,,,1,2.31,,2.31,https://user-content.cardcastle.co/uploads/card_user/scanned_image/8acea548-f27e-4ef3-825d-4a146fce16a9.jpg,,,,81826,,
8786438,Magic,Edge of Eternities,Island (0263) (Borderless),263,C,Near Mint,1.36,,,,,1,1.36,,1.36,https://user-content.cardcastle.co/uploads/card_user/scanned_image/380e96e3-af75-4af1-9291-fbddbffe5eda.jpg,,,,81826,,
8825391,Magic,Edge of Eternities,Hylderblade,106,U,Near Mint,0.18,,,,,1,0.18,,0.18,https://user-content.cardcastle.co/uploads/card_user/scanned_image/c10d28db-287b-467a-bc33-41880526fbb3.jpg,,,,81826,,
8915107,Magic,Marvel's Spider-Man,"The Spot, Living Portal",153,R,Near Mint,0.28,,,,,1,0.28,,0.28,https://user-content.cardcastle.co/uploads/card_user/scanned_image/d2944d0d-5150-4ff1-b27d-06a6df1f08fd.jpg,,,,81826,,
4506130,Magic,Double Masters,Phyrexian Metamorph,61,R,Near Mint,3.67,,,,,1,3.67,,3.67,https://user-content.cardcastle.co/uploads/card_user/scanned_image/ccf5533d-b945-48e7-b28b-45a9d73cc5ad.jpg,,,,81826,,
8786378,Magic,Edge of Eternities,Plains (0262) (Borderless),262,C,Near Mint,0.9,,,,,1,0.9,,0.9,https://user-content.cardcastle.co/uploads/card_user/scanned_image/4a3dcbc5-1629-4881-a026-9cce4f7688a3.jpg,,,,81826,,
8913588,Magic,Marvel Universe Eternal-Legal,Hex (Borderless),17,M,Near Mint,1.33,,,,,1,1.33,,1.33,https://user-content.cardcastle.co/uploads/card_user/scanned_image/fb27ea03-be00-4d26-867e-58320827252c.jpg,,,,81826,,
8916234,Magic,Marvel Universe Eternal-Legal,"Iron Spider, Civil Warrior - Alibou, Ancient Witness (Borderless)",39,M,Near Mint,2.98,,,,,1,2.98,,2.98,https://user-content.cardcastle.co/uploads/card_user/scanned_image/a80e827e-4e14-4c2b-9413-791b8b46fe00.jpg,,,,81826,,
8830936,Magic,Edge of Eternities,Requiem Monolith,113,R,Near Mint,0.29,,,,,1,0.29,,0.29,https://user-content.cardcastle.co/uploads/card_user/scanned_image/255130fe-4ce5-48bd-859c-078cc275fb30.jpg,,,,81826,,
5599089,Magic,Commander Legends: Battle for Baldur's Gate,Irenicus's Vile Duplication,78,U,Near Mint,12.5,,,,,1,12.5,,12.5,https://user-content.cardcastle.co/uploads/card_user/scanned_image/13f2cf0b-56f1-4ac5-a861-5baa1dedc8b1.jpg,,,,81826,,
9005701,Magic,Avatar: The Last Airbender,The Legend of Kyoshi (Borderless),358,M,Near Mint,12.92,,,,,1,12.92,,12.92,https://user-content.cardcastle.co/uploads/card_user/scanned_image/0a48a2d4-4b85-498f-8019-25c94c85148e.jpg,,,,81826,,
7943054,Magic,Modern Horizons 3,Shifting Woodland,228,R,Near Mint,5.67,,,,,1,5.67,,5.67,https://user-content.cardcastle.co/uploads/card_user/scanned_image/843a9415-65c9-43e1-9566-ecb3ec900334.jpg,,Online,,81826,$6.07,3.235
9004137,Magic,Avatar: The Last Airbender: Eternal-Legal,"Lo and Li, Royal Advisors (Extended Art)",189,R,Near Mint,0.36,,,,,1,0.36,,0.36,https://user-content.cardcastle.co/uploads/card_user/scanned_image/bdb3703e-2670-4780-8ecb-75e4bad3ff23.jpg,,,,81826,,
8720279,Magic,FINAL FANTASY: Through the Ages,"Minwu, Rebellion Strategist - Mangara, the Diplomat (Showcase)",25,R,Near Mint,2.43,,,,,1,2.43,,2.43,https://user-content.cardcastle.co/uploads/card_user/scanned_image/eb86740d-5c0c-4f35-b5f0-aa1f28734d5e.jpg,,,,81826,,
5157476,Magic,Innistrad: Midnight Hunt,Shipwreck Marsh (Borderless),285,R,Near Mint,6.87,,,,,1,6.87,,6.87,https://user-content.cardcastle.co/uploads/card_user/scanned_image/d1aaebb4-3087-49c7-b731-8ea6440583db.jpg,,,,81826,,
8166914,Magic,Duskmourn: House of Horror,Central Elevator // Promising Stairs (Borderless),336,R,Near Mint,0.35,,,,,1,0.35,,0.35,https://user-content.cardcastle.co/uploads/card_user/scanned_image/9e1706f1-eafd-461e-adc3-6d1133941bc3.jpg,,,,81826,,
7194974,Magic,Universes Beyond: The Lord of the Rings: Tales of Middle-earth,Scroll of Isildur,69,R,Near Mint,0.7,,,,,1,0.7,,0.7,https://user-content.cardcastle.co/uploads/card_user/scanned_image/6ded01f8-27a2-430a-a3a3-3fdb6e5eb210.jpg,,,,81826,,
8981027,Magic,Avatar: The Last Airbender: Eternal-Legal,Bribery (Borderless),10,M,Near Mint,2.83,,,,,1,2.83,,2.83,https://user-content.cardcastle.co/uploads/card_user/scanned_image/b8b75b20-74f9-482e-9365-b2d08fcdfd4f.jpg,,,,81826,,
8055216,Magic,Commander: Bloomburrow,Temple of Triumph,344,R,Near Mint,0.42,,,,,1,0.42,,0.42,https://user-content.cardcastle.co/uploads/card_user/scanned_image/9deefaa1-47b2-48b8-be6d-514fffda50a8.jpg,,,,81826,,
8998491,Magic,Avatar: The Last Airbender: Eternal-Legal,Three Dreams (Borderless),8,M,Near Mint,0.86,,,,,1,0.86,,0.86,https://user-content.cardcastle.co/uploads/card_user/scanned_image/e7e095df-8420-4e23-be57-a405b5260d24.jpg,,,,81826,,
8246131,Magic,The List Reprints,Ambush Commander,EVG-1,R,Near Mint,0.34,,,,,1,0.34,,0.34,https://user-content.cardcastle.co/uploads/card_user/scanned_image/befd8a7a-4cce-4b3c-a073-8a1cfd036d89.jpg,,,,81826,,
8196232,Magic,Commander: Duskmourn: House of Horror,"Ashaya, Soul of the Wild",170,M,Near Mint,16.32,,,,,1,16.32,,16.32,https://user-content.cardcastle.co/uploads/card_user/scanned_image/088881a0-871d-45bd-ada2-e2898fa8bc08.jpg,,,,81826,,
9232760,Magic,Secrets of Strixhaven,Steal the Show (Extended Art),336,R,Near Mint,0.35,,,,,1,0.35,,0.35,https://user-content.cardcastle.co/uploads/card_user/scanned_image/66f59f3f-6685-443d-9912-993972f92b8a.jpg,,,,81826,,
9093662,Magic,Lorwyn Eclipsed,Trystan's Command (Showcase),344,R,Near Mint,0.65,,,,,1,0.65,,0.65,https://user-content.cardcastle.co/uploads/card_user/scanned_image/b339d046-0ad1-44cd-97d1-6b15de948fef.jpg,,,,81826,,
9430606,Magic,The Hobbit,Dain's Company,152,R,Near Mint,0.33,,,,,2,0.33,,0.33,https://user-content.cardcastle.co/uploads/card_user/scanned_image/91f18b5b-5945-423a-848e-647f79a0bb6d.jpg,,,,81826,,
9421247,Magic,The Hobbit,The Great Goblin,158,R,Near Mint,0.59,,,,,1,0.59,,0.59,https://user-content.cardcastle.co/uploads/card_user/scanned_image/aeae5865-80b8-4df1-bf1e-9c7d94ae7018.jpg,$0.99,In store,8/16/2026,81826,,0.695
9278137,Magic,The Hobbit,An Unexpected Party,29,R,Near Mint,0.34,,,,,2,0.34,,0.34,https://user-content.cardcastle.co/uploads/card_user/scanned_image/3dd97b14-ca68-4483-8325-1ead0787e1b9.jpg,,,,81826,,
9420624,Magic,The Hobbit,"Azog, Moria's Ruin (Showcase)",222,R,Near Mint,0.65,,,,,1,0.65,,0.65,https://user-content.cardcastle.co/uploads/card_user/scanned_image/6f395655-8648-45e2-99b8-55dd544b49e2.jpg,,,,81826,,
9253088,Magic,Secrets of Strixhaven,Vastlands Scavenger (Extended Art),342,R,Near Mint,1.07,,,,,1,1.07,,1.07,,,,,081826-2,,
9237053,Magic,Secrets of Strixhaven,Geometer's Arthropod (Borderless),300,R,Near Mint,0.57,,,,,1,0.57,,0.57,https://user-content.cardcastle.co/uploads/card_user/scanned_image/96fa59c8-92b6-4e3a-b9f1-c71ab6e1dfc6.jpg,,,,081826-2,,
9208392,Magic,Commander: Secrets of Strixhaven,"Dina, Essence Brewer (Borderless)",1,M,Near Mint,2.01,,,,,1,2.01,,2.01,https://user-content.cardcastle.co/uploads/card_user/scanned_image/ca392f34-4964-4b7e-b603-11d4078db56a.jpg,,,,081826-2,,
9206292,Magic,Secrets of Strixhaven,Deathcap Glade (Borderless),301,R,Near Mint,2.84,,,,,1,2.84,,2.84,https://user-content.cardcastle.co/uploads/card_user/scanned_image/ef1e3bd9-1f86-483d-90b1-3500b1cbd186.jpg,,,,081826-2,,
9215311,Magic,Commander: Secrets of Strixhaven,Relic Retriever,35,R,Near Mint,0.28,,,,,1,0.28,,0.28,https://user-content.cardcastle.co/uploads/card_user/scanned_image/fb080e2e-675f-46dc-a9f2-849a8288bd7c.jpg,,,,081826-2,,
9221786,Magic,Commander: Secrets of Strixhaven,Inspired Skypainter,48,R,Near Mint,0.28,,,,,1,0.28,,0.28,https://user-content.cardcastle.co/uploads/card_user/scanned_image/3d58ee72-ec06-422a-9bf6-0ef39a1996d2.jpg,,,,081826-2,,
9239183,Magic,Secrets of Strixhaven: Mystical Archive,Empty the Warrens,43,R,Near Mint,0.42,,,,,1,0.42,,0.42,https://user-content.cardcastle.co/uploads/card_user/scanned_image/1f5c3fb7-9052-4731-90fc-a7ca5876ecf8.jpg,,,,081826-2,,
9229226,Magic,Commander: Secrets of Strixhaven,Owlin Spiralmancer (Extended Art),72,R,Near Mint,0.48,,,,,1,0.48,,0.48,https://user-content.cardcastle.co/uploads/card_user/scanned_image/17a5b6ff-3541-488d-9033-c076a5af5d3f.jpg,,,,081826-2,,
7203726,Magic,Commander: The Lord of the Rings: Tales of Middle-earth,Elrond of the White Council,51,R,Near Mint,0.35,,,,,1,0.35,,0.35,https://user-content.cardcastle.co/uploads/card_user/scanned_image/da14e0ef-cbf3-484a-bc28-8ac12f0c6e7b.jpg,,,,081826-2,,
7204646,Magic,Commander: The Lord of the Rings: Tales of Middle-earth,Song of Earendil,69,R,Near Mint,0.33,,,,,1,0.33,,0.33,https://user-content.cardcastle.co/uploads/card_user/scanned_image/880f35dd-9a98-4ca8-8e92-80a7d17329aa.jpg,,,,081826-2,,
7207286,Magic,Commander: The Lord of the Rings: Tales of Middle-earth,Devastation Tide,189,R,Near Mint,0.31,,,,,1,0.31,,0.31,https://user-content.cardcastle.co/uploads/card_user/scanned_image/fdb4fa4d-8cfe-456d-b12e-9d4c41dc2cc0.jpg,,,,081826-2,,
7203846,Magic,Commander: The Lord of the Rings: Tales of Middle-earth,Erestor of the Council,53,R,Near Mint,0.23,,,,,1,0.23,,0.23,https://user-content.cardcastle.co/uploads/card_user/scanned_image/df89d572-022b-4a5e-aad5-ba7d34e3598a.jpg,,,,081826-2,,
7206766,Magic,Commander: The Lord of the Rings: Tales of Middle-earth,Realm Seekers,258,R,Near Mint,0.24,,,,,1,0.24,,0.24,https://user-content.cardcastle.co/uploads/card_user/scanned_image/f81c19c7-3301-49f1-beda-165ed6566338.jpg,,,,081826-2,,
7177415,Magic,Commander: The Lord of the Rings: Tales of Middle-earth,"Radagast, Wizard of Wilds",66,R,Near Mint,0.25,,,,,1,0.25,,0.25,https://user-content.cardcastle.co/uploads/card_user/scanned_image/3de9aab2-1581-4a11-9d6b-bcda621de83f.jpg,,,,081826-2,,
7202691,Magic,Commander: The Lord of the Rings: Tales of Middle-earth,Windswift Slice,45,R,Near Mint,0.48,,,,,1,0.48,,0.48,https://user-content.cardcastle.co/uploads/card_user/scanned_image/7d44c890-20cd-4543-9855-d2ef10607400.jpg,,,,081826-2,,
7200900,Magic,Commander: The Lord of the Rings: Tales of Middle-earth,Trap the Trespassers,25,R,Near Mint,0.31,,,,,1,0.31,,0.31,https://user-content.cardcastle.co/uploads/card_user/scanned_image/301d1dfe-1787-4d76-af8a-c0c42f7c7662.jpg,,,,081826-2,,
7206846,Magic,Commander: The Lord of the Rings: Tales of Middle-earth,Colossal Whale,186,R,Near Mint,0.29,,,,,1,0.29,,0.29,https://user-content.cardcastle.co/uploads/card_user/scanned_image/0299ff2e-f828-4a71-a17b-da45c85a1365.jpg,,,,081826-2,,
7203526,Magic,Commander: The Lord of the Rings: Tales of Middle-earth,Cirdan the Shipwright,50,R,Near Mint,0.25,,,,,1,0.25,,0.25,https://user-content.cardcastle.co/uploads/card_user/scanned_image/5fa30700-cee8-4870-8703-09ea0b4b9e0a.jpg,,,,081826-2,,
7204406,Magic,Commander: The Lord of the Rings: Tales of Middle-earth,Sail into the West,68,R,Near Mint,0.28,,,,,1,0.28,,0.28,https://user-content.cardcastle.co/uploads/card_user/scanned_image/2a174708-fc7b-46f1-ae85-591c87441585.jpg,,,,081826-2,,
7206806,Magic,Commander: The Lord of the Rings: Tales of Middle-earth,Hornet Queen,250,R,Near Mint,0.36,,,,,1,0.36,,0.36,https://user-content.cardcastle.co/uploads/card_user/scanned_image/46486307-0c50-4f6d-8bc4-ba034b025788.jpg,,,,081826-2,,
7201311,Magic,Commander: The Lord of the Rings: Tales of Middle-earth,"Haldir, Lorien Lieutenant",39,R,Near Mint,0.3,,,,,1,0.3,,0.3,https://user-content.cardcastle.co/uploads/card_user/scanned_image/e4ffbd74-c995-45b2-bb0e-be24e64e3f1f.jpg,,,,081826-2,,
7207486,Magic,Commander: The Lord of the Rings: Tales of Middle-earth,Mystic Confluence,193,R,Near Mint,0.49,,,,,1,0.49,,0.49,https://user-content.cardcastle.co/uploads/card_user/scanned_image/e357a2f4-83c3-4a6d-8d7f-95fb458478c2.jpg,$0.50,In store,8/21/2026,081826-2,,0.255
7207806,Magic,Commander: The Lord of the Rings: Tales of Middle-earth,Genesis Wave,245,R,Near Mint,0.35,,,,,1,0.35,,0.35,https://user-content.cardcastle.co/uploads/card_user/scanned_image/04be0efc-67ce-48b1-9271-ba1bdebea817.jpg,$0.54,In store,8/17/2026,081826-2,,0.365
7208856,Magic,Commander: The Lord of the Rings: Tales of Middle-earth,Flooded Grove,309,R,Near Mint,0.34,,,,,1,0.34,,0.34,https://user-content.cardcastle.co/uploads/card_user/scanned_image/a85caf7c-8aca-4a0e-8f92-515cda5f639e.jpg,,,,081826-2,,
7204966,Magic,Commander: The Lord of the Rings: Tales of Middle-earth,Model of Unity,78,R,Near Mint,0.25,,,,,1,0.25,,0.25,https://user-content.cardcastle.co/uploads/card_user/scanned_image/669180f2-39de-4177-a57f-e3a720da6da5.jpg,,,,081826-2,,
7208086,Magic,Commander: The Lord of the Rings: Tales of Middle-earth,Inscription of Abundance,251,R,Near Mint,0.32,,,,,1,0.32,,0.32,https://user-content.cardcastle.co/uploads/card_user/scanned_image/582eba9f-819b-44e7-9ca1-63040ace35e9.jpg,,,,081826-2,,
7208326,Magic,Commander: The Lord of the Rings: Tales of Middle-earth,Seeds of Renewal,260,R,Near Mint,0.23,,,,,1,0.23,,0.23,https://user-content.cardcastle.co/uploads/card_user/scanned_image/4608f45f-ecda-4563-9ce3-5d2491707895.jpg,,,,081826-2,,
7202291,Magic,Commander: The Lord of the Rings: Tales of Middle-earth,Mirkwood Elk,41,R,Near Mint,0.21,,,,,1,0.21,,0.21,https://user-content.cardcastle.co/uploads/card_user/scanned_image/1e62d1c9-a5f7-46cf-aad1-dd79c8ce45c8.jpg,,,,081826-2,,
7202531,Magic,Commander: The Lord of the Rings: Tales of Middle-earth,Travel Through Caradhras,44,R,Near Mint,0.28,,,,,1,0.28,,0.28,https://user-content.cardcastle.co/uploads/card_user/scanned_image/a636f36b-e951-46f4-8f6d-01b023cdfd50.jpg,,,,081826-2,,
7207566,Magic,Commander: The Lord of the Rings: Tales of Middle-earth,Plea for Power,195,R,Near Mint,0.27,,,,,1,0.27,,0.27,https://user-content.cardcastle.co/uploads/card_user/scanned_image/ae706747-3f83-498f-ba79-97ec4c52caae.jpg,,,,081826-2,,
7204006,Magic,Commander: The Lord of the Rings: Tales of Middle-earth,Mirkwood Trapper,62,R,Near Mint,0.21,,,,,1,0.21,,0.21,https://user-content.cardcastle.co/uploads/card_user/scanned_image/6a6415dd-615a-43b5-8f20-71c19012dfbd.jpg,,,,081826-2,,
8912706,Magic,Marvel's Spider-Man,"Spider-Woman, Stunning Savior",152,R,Near Mint,1.35,,,,,1,1.35,,1.35,https://user-content.cardcastle.co/uploads/card_user/scanned_image/3762617d-4c1b-4d93-b018-0ddb904554a3.jpg,,,,081826-2,,
8906230,Magic,Marvel's Spider-Man,Ultimate Green Goblin,157,R,Near Mint,0.53,,,,,1,0.53,,0.53,https://user-content.cardcastle.co/uploads/card_user/scanned_image/109f8a59-25cf-46ac-9943-3c0e7bc1dd00.jpg,,,,081826-2,,
8921163,Magic,Marvel's Spider-Man,"Arachne, Psionic Weaver",2,R,Near Mint,0.34,,,,,1,0.34,,0.34,https://user-content.cardcastle.co/uploads/card_user/scanned_image/fe481d4e-d975-46d1-b8c0-971f90561dcd.jpg,,,,081826-2,,
8914665,Magic,Marvel's Spider-Man,Strength of Will,118,R,Near Mint,1.35,,,,,1,1.35,,1.35,https://user-content.cardcastle.co/uploads/card_user/scanned_image/9574b0da-906e-491b-a00b-048c8b2ad59d.jpg,,,,081826-2,,
8907925,Magic,Marvel's Spider-Man,Radioactive Spider,111,R,Near Mint,0.41,,,,,1,0.41,,0.41,https://user-content.cardcastle.co/uploads/card_user/scanned_image/34c035d4-ac1b-45e0-b9d0-6b840d9a9981.jpg,,,,081826-2,,
8907995,Magic,Marvel's Spider-Man,Peter Parker's Camera,171,R,Near Mint,1.35,,,,,1,1.35,,1.35,https://user-content.cardcastle.co/uploads/card_user/scanned_image/2980b4cc-cd72-4338-9560-c8874ca32e84.jpg,,,,081826-2,,
8905810,Magic,Marvel's Spider-Man,The Clone Saga,28,R,Near Mint,0.27,,,,,1,0.27,,0.27,https://user-content.cardcastle.co/uploads/card_user/scanned_image/71a037b4-a29e-44c6-bc3c-209c83fa7528.jpg,,,,081826-2,,
8918189,Magic,Marvel's Spider-Man,Doc Ock's Tentacles,162,R,Near Mint,0.33,,,,,1,0.33,,0.33,https://user-content.cardcastle.co/uploads/card_user/scanned_image/09142346-1fa5-4f1a-b93b-3d9bc1605076.jpg,,,,081826-2,,
8917889,Magic,Marvel's Spider-Man,"Jackal, Genius Geneticist",131,R,Near Mint,0.23,,,,,1,0.23,,0.23,https://user-content.cardcastle.co/uploads/card_user/scanned_image/0a69b8f3-7c1e-426f-a092-8bf117fbb4c3.jpg,,,,081826-2,,
8862160,Magic,Marvel's Spider-Man,Origin of Spider-Man,9,R,Near Mint,0.48,,,,,1,0.48,,0.48,https://user-content.cardcastle.co/uploads/card_user/scanned_image/fd77c526-091f-4061-ab73-a0dac989fe50.jpg,,,,081826-2,,
8209380,Magic,Commander: Duskmourn: House of Horror,Seance Board,40,R,Near Mint,3.61,,,,,1,3.61,,3.61,https://user-content.cardcastle.co/uploads/card_user/scanned_image/3f9a41a9-27be-480f-a537-9fe5f585986e.jpg,,,,081826-2,,
6734421,Magic,The List Reprints,Mishra's Helix,USG-302,R,Near Mint,0.45,,,,,1,0.45,,0.45,https://user-content.cardcastle.co/uploads/card_user/scanned_image/291146db-f8d6-441d-bd58-faea5a86f7d7.jpg,,,,081826-2,,
8624926,Magic,Tarkir: Dragonstorm,Great Arashin City,257,R,Near Mint,0.28,,,,,1,0.28,,0.28,https://user-content.cardcastle.co/uploads/card_user/scanned_image/6a1a3d03-7824-4463-a92c-9951f5d45bf0.jpg,,,,081826-2,,
8198392,Magic,Commander: Duskmourn: House of Horror,Hinterland Harbor,284,R,Near Mint,0.37,,,,,1,0.37,,0.37,https://user-content.cardcastle.co/uploads/card_user/scanned_image/240ceaca-f8c9-4c1d-b6f3-bb3d9bac43f3.jpg,,,,081826-2,,
7995667,Magic,Universes Beyond: Assassin's Creed,Abstergo Entertainment,79,R,Near Mint Foil,3.83,,,,,1,3.83,,3.83,https://user-content.cardcastle.co/uploads/card_user/scanned_image/42c59e59-2420-49b3-a553-485390c0817b.jpg,,,,081826-2,,
8625406,Magic,Tarkir: Dragonstorm,Dalkovan Encampment (Borderless),394,R,Near Mint,1.05,,,,,1,1.05,,1.05,https://user-content.cardcastle.co/uploads/card_user/scanned_image/710e2d44-e056-4ea0-9f37-1339bd287780.jpg,,,,081826-2,,
5428046,Magic,Commander: Kamigawa: Neon Dynasty,Exotic Orchard,168,R,Near Mint,0.39,,,,,1,0.39,,0.39,https://user-content.cardcastle.co/uploads/card_user/scanned_image/55e42ae3-27b7-4518-8b89-651dcaf8cf65.jpg,,,,081826-2,,
8643234,Magic,Commander: Tarkir: Dragonstorm,Temple of Mystery,404,R,Near Mint,0.29,,,,,1,0.29,,0.29,https://user-content.cardcastle.co/uploads/card_user/scanned_image/997cb1d4-67a5-411c-99c1-a1e0ca57ebd1.jpg,,,,081826-2,,
8623035,Magic,Commander: Tarkir: Dragonstorm,Sulfur Falls,396,R,Near Mint,0.31,,,,,1,0.31,,0.31,https://user-content.cardcastle.co/uploads/card_user/scanned_image/246caf5d-9667-49b6-a4f6-fedba3a4ad78.jpg,$0.75,In store,8/21/2026,081826-2,,0.595
4447798,Magic,Core Set 2021,Temple of Mystery,254,R,Near Mint,0.26,,,,,1,0.26,,0.26,https://user-content.cardcastle.co/uploads/card_user/scanned_image/37ef30df-63bc-4df2-98aa-eaa7d0e02ca4.jpg,,,,081826-2,,
7075850,Magic,Commander: March of the Machine,Temple of Enlightenment,432,R,Near Mint,0.26,,,,,1,0.26,,0.26,https://user-content.cardcastle.co/uploads/card_user/scanned_image/70e7939f-df96-41d1-a328-5905740099e3.jpg,,,,081826-2,,
1229096,Magic,Magic 2015 (M15),Yavimaya Coast,249,R,Near Mint,0.42,,,,,1,0.42,,0.42,https://user-content.cardcastle.co/uploads/card_user/scanned_image/a10d6ada-0298-489f-8621-e223f164f141.jpg,,,,081826-2,,
7178484,Magic,Universes Beyond: The Lord of the Rings: Tales of Middle-earth,Mines of Moria,257,R,Near Mint,3.17,,,,,1,3.17,,3.17,https://user-content.cardcastle.co/uploads/card_user/scanned_image/19cc7297-9e18-4eb1-8086-f5cc43836da8.jpg,,,,081826-2,,
8198302,Magic,Commander: Duskmourn: House of Horror,Overflowing Basin,293,R,Near Mint,0.26,,,,,1,0.26,,0.26,https://user-content.cardcastle.co/uploads/card_user/scanned_image/3b49884a-3940-446c-aa34-efba61472aa5.jpg,,,,081826-2,,
8198482,Magic,Commander: Duskmourn: House of Horror,Drownyard Temple,272,R,Near Mint,0.31,,,,,1,0.31,,0.31,https://user-content.cardcastle.co/uploads/card_user/scanned_image/93841b0e-f7fe-401b-b9bc-76a2492cc72e.jpg,,,,081826-2,,
4447908,Magic,Core Set 2021,Temple of Silence,255,R,Near Mint,0.32,,,,,1,0.32,,0.32,https://user-content.cardcastle.co/uploads/card_user/scanned_image/1904e20e-a4d4-4071-b9f7-7947d0a7cc14.jpg,,,,081826-2,,
7995662,Magic,Universes Beyond: Assassin's Creed,Abstergo Entertainment,79,R,Near Mint,2.66,,,,,1,2.66,,2.66,https://user-content.cardcastle.co/uploads/card_user/scanned_image/875b6918-f823-4f2c-a71c-93450544ec91.jpg,,,,081826-2,,
8643054,Magic,Commander: Tarkir: Dragonstorm,Mossfire Valley,378,R,Near Mint,0.25,,,,,1,0.25,,0.25,https://user-content.cardcastle.co/uploads/card_user/scanned_image/0fd66624-c744-4319-8400-acbb7ec4a2d7.jpg,,,,081826-2,,
8622705,Magic,Commander: Tarkir: Dragonstorm,Exotic Orchard,360,R,Near Mint,0.3,,,,,1,0.3,,0.3,https://user-content.cardcastle.co/uploads/card_user/scanned_image/e701f6a8-ed62-4b41-8779-b0dd6a6979fa.jpg,,,,081826-2,,
7283034,Magic,Commander Masters,Frostboil Snarl,998,R,Near Mint,0.42,,,,,1,0.42,,0.42,https://user-content.cardcastle.co/uploads/card_user/scanned_image/1f18eac5-7c81-4bef-932b-6c7042a30d04.jpg,,,,081826-2,,
7278548,Magic,Commander Masters,Exotic Orchard,993,R,Near Mint,0.35,,,,,1,0.35,,0.35,https://user-content.cardcastle.co/uploads/card_user/scanned_image/da6f008b-21a0-4ba6-b6df-a9071f12f3ed.jpg,,,,081826-2,,
7960399,Magic,Modern Horizons 3,Arena of Glory,215,R,Near Mint,7.75,,,,,1,7.75,,7.75,https://user-content.cardcastle.co/uploads/card_user/scanned_image/2cd71bb1-e2d7-4926-86e3-64df8253a858.jpg,,,,081826-2,,
8198062,Magic,Commander: Duskmourn: House of Horror,Vineglimmer Snarl,323,R,Near Mint,0.21,,,,,1,0.21,,0.21,https://user-content.cardcastle.co/uploads/card_user/scanned_image/9da94556-ce4b-44e8-99ab-f9f4f73a7f60.jpg,$0.25,In store,8/21/2026,081826-2,,0.145
8198362,Magic,Commander: Duskmourn: House of Horror,Mosswort Bridge,288,R,Near Mint,0.26,,,,,1,0.26,,0.26,https://user-content.cardcastle.co/uploads/card_user/scanned_image/b295a1ca-62ec-4422-84fb-4669fffd6877.jpg,,,,081826-2,,
7948945,Magic,Modern Horizons 3,Archway of Innovation,214,R,Near Mint,2,,,,,1,2,,2,https://user-content.cardcastle.co/uploads/card_user/scanned_image/a43550e6-5e38-479d-959f-6129391839d4.jpg,,,,081826-2,,
4582745,Magic,The List Reprints,Riptide Laboratory,ONS-322,R,Near Mint,4.6,,,,,1,4.6,,4.6,https://user-content.cardcastle.co/uploads/card_user/scanned_image/670699f6-d0b7-4436-817e-25c40d30ecc5.jpg,,,,081826-2,,
7966822,Magic,Commander: Modern Horizons 3,Raging Ravine,367,R,Near Mint,0.33,,,,,1,0.33,,0.33,https://user-content.cardcastle.co/uploads/card_user/scanned_image/d49292da-e2e0-424e-9439-8053e52f715e.jpg,,,,081826-2,,
7966662,Magic,Commander: Modern Horizons 3,Mossfire Valley,357,R,Near Mint,0.22,,,,,1,0.22,,0.22,https://user-content.cardcastle.co/uploads/card_user/scanned_image/72217e2c-6961-437d-8acf-8be4c5c5e9da.jpg,,,,081826-2,,
8713632,Magic,The List Reprints,Mossfire Valley,MKC-274,R,Near Mint,0.22,,,,,1,0.22,,0.22,https://user-content.cardcastle.co/uploads/card_user/scanned_image/d13bf253-5433-4f3a-8ae6-f46bc37df296.jpg,,,,081826-2,,
7966772,Magic,Commander: Modern Horizons 3,Temple of Abandon,385,R,Near Mint,0.31,,,,,1,0.31,,0.31,https://user-content.cardcastle.co/uploads/card_user/scanned_image/74187539-785c-422c-9c26-13b49ea9a0d9.jpg,,,,081826-2,,
8625346,Magic,Tarkir: Dragonstorm,Cori Mountain Monastery (Borderless),393,R,Near Mint,2.13,,,,,1,2.13,,2.13,https://user-content.cardcastle.co/uploads/card_user/scanned_image/2e3d0832-6151-4c0b-ab7f-0e4331223a3a.jpg,,,,081826-2,,
8918659,Magic,Marvel's Spider-Man,Urban Retreat,187,R,Near Mint,0.65,,,,,1,0.65,,0.65,https://user-content.cardcastle.co/uploads/card_user/scanned_image/66605bdc-84b9-4624-9aea-aa623377a1bd.jpg,,,,081826-2,,
7966732,Magic,Commander: Modern Horizons 3,Shadowblood Ridge,373,R,Near Mint,0.36,,,,,1,0.36,,0.36,https://user-content.cardcastle.co/uploads/card_user/scanned_image/ef0f0d15-f9f9-4d0f-82c7-f496a29e161e.jpg,,,,081826-2,,
7152391,Magic,The List Reprints,Sheltered Thicket,AKH-248,R,Near Mint,0.25,,,,,1,0.25,,0.25,https://user-content.cardcastle.co/uploads/card_user/scanned_image/36801565-dbee-494d-ae9d-2d3ec02fe142.jpg,,,,081826-2,,
7966687,Magic,Commander: Modern Horizons 3,Canyon Slough,325,R,Near Mint,0.27,,,,,1,0.27,,0.27,https://user-content.cardcastle.co/uploads/card_user/scanned_image/cc676915-0c77-4bda-9091-d46556075cc1.jpg,,,,081826-2,,
1140364,Magic,Commander 2013,Springjack Pasture,326,R,Near Mint,0.92,,,,,1,0.92,,0.92,https://user-content.cardcastle.co/uploads/card_user/scanned_image/76a82895-0919-4339-bf8b-898f1a5f35f0.jpg,,,,081826-2,,
5301763,Magic,Commander: Innistrad: Crimson Vow,Port Town,178,R,Near Mint,0.21,,,,,1,0.21,,0.21,https://user-content.cardcastle.co/uploads/card_user/scanned_image/661b604e-dbca-4cf5-a87a-682d124454b0.jpg,,,,081826-2,,
8914081,Magic,Marvel's Spider-Man,Oscorp Industries,182,R,Near Mint,1.36,,,,,1,1.36,,1.36,https://user-content.cardcastle.co/uploads/card_user/scanned_image/8d4cac08-dd26-420d-8b29-40bcbb680f5d.jpg,,,,081826-2,,
8198422,Magic,Commander: Duskmourn: House of Horror,Flooded Grove,276,R,Near Mint,0.28,,,,,1,0.28,,0.28,https://user-content.cardcastle.co/uploads/card_user/scanned_image/110c9327-62db-4fd6-bfe6-b98d26193446.jpg,,,,081826-2,,
7029557,Magic,Universes Beyond: The Lord of the Rings: Tales of Middle-earth,The Shire,260,R,Near Mint,3.96,,,,,1,3.96,,3.96,https://user-content.cardcastle.co/uploads/card_user/scanned_image/64a8af27-9d28-44c0-8081-743e0b927707.jpg,,,,081826-2,,
7924309,Magic,Modern Horizons 3,Deserted Temple,301,R,Near Mint,0.57,,,,,1,0.57,,0.57,https://user-content.cardcastle.co/uploads/card_user/scanned_image/4f2ae039-d0ac-445e-ab41-fc2fdb934d29.jpg,,,,081826-2,,
7951035,Magic,Modern Horizons 3,Monumental Henge (Borderless),354,R,Near Mint,1.15,,,,,1,1.15,,1.15,https://user-content.cardcastle.co/uploads/card_user/scanned_image/6c4269dc-318f-4816-9fd1-ec2cf35d9316.jpg,,,,081826-2,,
6957158,Magic,Phyrexia: All Will Be One,Mirrex,254,R,Near Mint,0.83,,,,,1,0.83,,0.83,https://user-content.cardcastle.co/uploads/card_user/scanned_image/eb40f8e5-e6e2-45ba-b6a6-f64e0a5eb449.jpg,,,,081826-2,,
9000691,Magic,Avatar: The Last Airbender: Eternal-Legal,Storm of Memories,126,R,Near Mint,0.39,,,,,1,0.39,,0.39,https://user-content.cardcastle.co/uploads/card_user/scanned_image/ed472ebf-893d-4788-8640-6a10e930aa6c.jpg,,,,081826-2,,
8977187,Magic,Avatar: The Last Airbender,Firebending Student (Showcase),342,R,Near Mint,2.08,,,,,1,2.08,,2.08,https://user-content.cardcastle.co/uploads/card_user/scanned_image/505b5d0d-fa5b-4b9a-b826-945c28d34dfc.jpg,,,,081826-2,,
8993028,Magic,Avatar: The Last Airbender: Eternal-Legal,Searing Blood (Borderless),35,M,Near Mint,0.7,,,,,1,0.7,,0.7,https://user-content.cardcastle.co/uploads/card_user/scanned_image/7635a7e8-8de1-449b-a0b3-aa52c7e458c1.jpg,,,,081826-2,,
9002651,Magic,Avatar: The Last Airbender: Eternal-Legal,Baboon Spirit,89,R,Near Mint,0.23,,,,,1,0.23,,0.23,https://user-content.cardcastle.co/uploads/card_user/scanned_image/2a1bb708-5ab7-4a48-904c-ef848b19f981.jpg,,,,081826-2,,
8992391,Magic,Avatar: The Last Airbender: Eternal-Legal,Earth Rumble Triumph - Return of the Wildspeaker (Borderless),44,M,Near Mint,4.9,,,,,1,4.9,,4.9,https://user-content.cardcastle.co/uploads/card_user/scanned_image/5a767115-4bc4-472e-9740-65c910200545.jpg,,,,081826-2,,
8883705,Magic,Avatar: The Last Airbender: Eternal-Legal,The Cabbage Merchant,134,R,Near Mint,27.68,,,,,1,27.68,,27.68,https://user-content.cardcastle.co/uploads/card_user/scanned_image/395c31dc-5434-47c7-9074-d342e3414594.jpg,,,,081826-2,,
8974157,Magic,Avatar: The Last Airbender: Eternal-Legal,"Sokka, Swordmaster",83,M,Near Mint,0.97,,,,,1,0.97,,0.97,https://user-content.cardcastle.co/uploads/card_user/scanned_image/f359a0d2-5e32-484d-b0ce-068d523ae90c.jpg,,,,081826-2,,
8975181,Magic,Avatar: The Last Airbender,Boiling Rock Rioter,87,R,Near Mint,0.24,,,,,1,0.24,,0.24,https://user-content.cardcastle.co/uploads/card_user/scanned_image/ac411062-3a37-4eca-9585-f7559cb79c36.jpg,,,,081826-2,,
9009952,Magic,Avatar: The Last Airbender,Sandbender Scavengers,239,R,Near Mint,0.18,,,,,1,0.18,,0.18,https://user-content.cardcastle.co/uploads/card_user/scanned_image/fe343d43-4d4c-4273-b8fd-4a437e9c70ce.jpg,,,,081826-2,,
9239173,Magic,Secrets of Strixhaven: Mystical Archive,Prismatic Ending (JP Alternate Art),72,R,Near Mint,3.06,,,,,1,3.06,,3.06,https://user-content.cardcastle.co/uploads/card_user/scanned_image/c9289f97-ff1c-4f59-a5d9-48bfc693771f.jpg,,,,081826-2,,
9238533,Magic,Secrets of Strixhaven: Mystical Archive,Locust Spray (JP Alternate Art),96,U,Near Mint,0.4,,,,,1,0.4,,0.4,https://user-content.cardcastle.co/uploads/card_user/scanned_image/0bd1bb96-1d4a-4516-a966-84c41d3453b4.jpg,,,,081826-2,,
9240395,Magic,Secrets of Strixhaven: Mystical Archive,Spell Pierce (JP Alternate Art),88,U,Near Mint,1.83,,,,,1,1.83,,1.83,https://user-content.cardcastle.co/uploads/card_user/scanned_image/94ff87fc-78e8-4ead-92b2-3df30a8a2135.jpg,,,,081826-2,,
9239400,Magic,Secrets of Strixhaven: Mystical Archive,Requisition Raid (JP Alternate Art),75,U,Near Mint,0.4,,,,,1,0.4,,0.4,https://user-content.cardcastle.co/uploads/card_user/scanned_image/303ca5dc-1fc0-41c5-b543-05d0c36da40c.jpg,,,,081826-2,,
9237728,Magic,Secrets of Strixhaven: Mystical Archive,Bitter Triumph (JP Alternate Art),91,U,Near Mint,0.95,,,,,1,0.95,,0.95,https://user-content.cardcastle.co/uploads/card_user/scanned_image/755ddc58-75b6-4aa4-82da-5389ef0166c0.jpg,,,,081826-2,,
9259706,Magic,Promo Pack: Secrets of Strixhaven,Suspend Aggression,236p,R,Near Mint,0.76,,,,,1,0.76,,0.76,https://user-content.cardcastle.co/uploads/card_user/scanned_image/807f65a3-f2d3-48fc-a5f9-9a9397bebf00.jpg,,,,081826-2,,
9213601,Magic,Commander: Secrets of Strixhaven,Vanguard of the Restless,16,R,Near Mint,0.31,,,,,1,0.31,,0.31,https://user-content.cardcastle.co/uploads/card_user/scanned_image/b9c0ef04-89bb-4998-86d4-9422406bd8b1.jpg,,,,081826-2,,
9252968,Magic,Secrets of Strixhaven,"Moseo, Vein's New Dean (Extended Art)",326,R,Near Mint,1.92,,,,,1,1.92,,1.92,https://user-content.cardcastle.co/uploads/card_user/scanned_image/4c14584f-e402-4851-b0a9-8e1a11714a5a.jpg,,,,081826-2,,
9249426,Magic,Secrets of Strixhaven,"Moseo, Vein's New Dean",91,R,Near Mint,1.13,,,,,1,1.13,,1.13,https://user-content.cardcastle.co/uploads/card_user/scanned_image/a884c063-c63a-4bd2-9e60-68b483a3da91.jpg,,,,081826-2,,
9257486,Magic,Promo Pack: Secrets of Strixhaven,Skycoach Conductor,67p,R,Near Mint,0.58,,,,,1,0.58,,0.58,https://user-content.cardcastle.co/uploads/card_user/scanned_image/fc59fc33-a24d-45a1-98e9-ed889d091236.jpg,,,,081826-2,,
9257726,Magic,Promo Pack: Secrets of Strixhaven,Postmortem Professor,93p,R,Near Mint,0.8,,,,,1,0.8,,0.8,https://user-content.cardcastle.co/uploads/card_user/scanned_image/00f6006d-c744-422c-88e4-433007af94f4.jpg,,,,081826-2,,
9221576,Magic,Commander: Secrets of Strixhaven,Eccentric Pestfinder,46,R,Near Mint,0.36,,,,,1,0.36,,0.36,https://user-content.cardcastle.co/uploads/card_user/scanned_image/5b07e593-0468-4599-be44-f73a7a5aeb45.jpg,,,,081826-2,,
8977292,Magic,Avatar: The Last Airbender: Eternal-Legal,"Fang, Roku's Companion",115,R,Near Mint,0.29,,,,,1,0.29,,0.29,https://user-content.cardcastle.co/uploads/card_user/scanned_image/35db7631-9255-4675-bd2d-fc25f5b66a26.jpg,,,,081826-2,,
8736501,Magic,FINAL FANTASY,Hope Estheim,226,R,Near Mint,0.27,,,,,1,0.27,,0.27,https://user-content.cardcastle.co/uploads/card_user/scanned_image/4720c06e-1edc-443f-a1f6-d38ac70a5c33.jpg,,,,081826-2,,
8711369,Magic,Commander: FINAL FANTASY,Maester Seymour,68,R,Near Mint,0.27,,,,,1,0.27,,0.27,https://user-content.cardcastle.co/uploads/card_user/scanned_image/5aedd5bd-ea17-4cdd-a3a6-da1f50ddb60e.jpg,,,,081826-2,,
20470,Magic,Urza's Saga,Remembrance,34,R,Near Mint,10.23,,,,,1,10.23,,10.23,https://user-content.cardcastle.co/uploads/card_user/scanned_image/96218f34-030d-4a0f-8416-afdd43b7fd7b.jpg,,,,081826-2,,
369751,Magic,Urza's Saga,Remembrance,34,R,Lightly Played,7.42,,,,,1,7.42,,7.42,https://user-content.cardcastle.co/uploads/card_user/scanned_image/04edf566-680f-447f-95c9-fb454b9120b7.jpg,,,,081826-2,,
6929343,Magic,Phyrexia: All Will Be One,White Sun's Twilight,38,R,Near Mint,1.98,,,,,1,1.98,,1.98,https://user-content.cardcastle.co/uploads/card_user/scanned_image/7ff044a0-88a9-4429-8959-adbc78353cf3.jpg,,,,081826-2,,
6789985,Magic,Dominaria Remastered,Lyra Dawnbringer,13,M,Near Mint,4.2,,,,,1,4.2,,4.2,https://user-content.cardcastle.co/uploads/card_user/scanned_image/5fe27c55-9ed6-4665-8a55-0a20cc136f15.jpg,,,,081826-2,,
1125124,Magic,Magic 2014 (M14),Trading Post,225,R,Near Mint,0.34,,,,,1,0.34,,0.34,https://user-content.cardcastle.co/uploads/card_user/scanned_image/347538f0-9eb4-425a-8181-3ed686c0d857.jpg,,,,081826-2,,
9443805,Magic,The Hobbit,Radagast of Rhosgobel,136,R,Near Mint,1.7,,,,,1,1.7,,1.7,https://user-content.cardcastle.co/uploads/card_user/scanned_image/e508e938-7f39-4040-9b8e-6ab5c4202cd9.jpg,$3.00,In store,8/22/2026,081826-2,$1.70,2.15
9441298,Magic,The Hobbit,"Balin, Loremaster",87,R,Near Mint,0.3,,,,,1,0.3,,0.3,https://user-content.cardcastle.co/uploads/card_user/scanned_image/4e710218-ffa3-450e-a72e-c200cfc53ae4.jpg,,,,081826-2,,
9414498,Magic,The Hobbit,The Eagles Are Coming!,12,R,Near Mint,0.78,,,,,1,0.78,,0.78,https://user-content.cardcastle.co/uploads/card_user/scanned_image/363ae046-160e-4119-a748-2944d18614a0.jpg,,,,081826-2,,
9426321,Magic,The Hobbit,Cantankerous Keepers,122,R,Near Mint,0.29,,,,,1,0.29,,0.29,https://user-content.cardcastle.co/uploads/card_user/scanned_image/7e5e2697-0e13-41be-aac5-897ba94ceffd.jpg,,Online,,081826-2,$0.29,0.145
9421610,Magic,The Hobbit,The Sackville-Bagginses,83,R,Near Mint,0.46,,,,,1,0.46,,0.46,https://user-content.cardcastle.co/uploads/card_user/scanned_image/f6c952fd-3760-4dcb-b765-e9488826979f.jpg,,,,081826-2,,
9433962,Magic,The Hobbit,Getaway Barrel,98,R,Near Mint,0.24,,,,,1,0.24,,0.24,https://user-content.cardcastle.co/uploads/card_user/scanned_image/222627ca-0151-40f6-bbc4-e578964dd2c5.jpg,,,,081826-2,,
9430183,Magic,The Hobbit,Dain Ironfoot,91,R,Near Mint,0.37,,,,,1,0.37,,0.37,https://user-content.cardcastle.co/uploads/card_user/scanned_image/d3085ee7-9583-458d-a636-35409f63caae.jpg,,,,081826-2,,
9434897,Magic,The Hobbit,The Notary Hobbits,131,R,Near Mint,0.44,,,,,1,0.44,,0.44,https://user-content.cardcastle.co/uploads/card_user/scanned_image/996b218d-ccbb-470d-8486-43422793ec90.jpg,,,,081826-2,,
8862130,Magic,Marvel's Spider-Man,"Spider-Ham, Peter Porker",114,R,Near Mint,1.63,,,,,1,1.63,,1.63,https://user-content.cardcastle.co/uploads/card_user/scanned_image/a05b071a-89f1-45de-9482-e61a36b85d84.jpg,,,,081826-2,,
8914825,Magic,Marvel's Spider-Man,"Arana, Heart of the Spider",123,R,Near Mint,0.55,,,,,1,0.55,,0.55,https://user-content.cardcastle.co/uploads/card_user/scanned_image/c746b11d-5f5d-4c76-b7c5-1a2a8e87620e.jpg,,,,081826-2,,
8907685,Magic,Marvel's Spider-Man,Rent Is Due,11,R,Near Mint,0.29,,,,,1,0.29,,0.29,https://user-content.cardcastle.co/uploads/card_user/scanned_image/6d89ccc5-7948-4e98-a52a-34af7e83533b.jpg,,,,081826-2,,
8918359,Magic,Marvel's Spider-Man,Biorganic Carapace,124,R,Near Mint,0.36,,,,,1,0.36,,0.36,https://user-content.cardcastle.co/uploads/card_user/scanned_image/d00b4a41-4049-4a11-8155-12180db96a1f.jpg,,,,081826-2,,
8904214,Magic,Marvel's Spider-Man,J. Jonah Jameson,81,R,Near Mint,0.29,,,,,1,0.29,,0.29,https://user-content.cardcastle.co/uploads/card_user/scanned_image/74bfe78f-11bd-413f-ba65-43fa11257d89.jpg,,,,081826-2,,
8922193,Magic,Marvel's Spider-Man,"Silk, Web Weaver",145,R,Near Mint,0.33,,,,,1,0.33,,0.33,https://user-content.cardcastle.co/uploads/card_user/scanned_image/79fe6525-cf2e-4c53-ba2f-fe9c7e2c3f3c.jpg,,,,081826-2,,
7251911,Magic,Commander Masters,Mystic Confluence,108,R,Near Mint,1,,,,,1,1,,1,https://user-content.cardcastle.co/uploads/card_user/scanned_image/06aa7db7-d2e9-4c6e-8731-3acd4e20d6b7.jpg,$0.50,In store,8/21/2026,081826-2,,0
7248631,Magic,Commander Masters,"Chainer, Dementia Master",144,R,Near Mint,0.31,,,,,1,0.31,,0.31,https://user-content.cardcastle.co/uploads/card_user/scanned_image/c2507329-058d-4ffb-b0ff-83f65fc32ed7.jpg,,,,081826-2,,
8825947,Magic,Edge of Eternities,Mightform Harmonizer (Borderless),297,R,Near Mint,3.09,,,,,1,3.09,,3.09,https://user-content.cardcastle.co/uploads/card_user/scanned_image/1bf7664f-ae31-4aae-adc2-30ad01b758d7.jpg,,,,081826-2,,
8840606,Magic,Edge of Eternities,Loading Zone,196,R,Near Mint,1.63,,,,,1,1.63,,1.63,https://user-content.cardcastle.co/uploads/card_user/scanned_image/393c47b0-a755-467e-a8bb-c22d88586cee.jpg,,,,081826-2,,
8642454,Magic,Commander: Tarkir: Dragonstorm,Frontier Siege,256,R,Near Mint,0.3,,,,,1,0.3,,0.3,https://user-content.cardcastle.co/uploads/card_user/scanned_image/eca2f440-58ea-49df-86de-547aa1490cea.jpg,,,,081826-2,,
7639635,Magic,Prerelease Cards,Endbringer,3s,R,Near Mint Foil,0.89,,,,,1,0.89,,0.89,https://user-content.cardcastle.co/uploads/card_user/scanned_image/7310894f-d900-49bd-a6ef-32fb2851c4ff.jpg,,,,081826-2,,
7514718,Magic,The Lost Caverns of Ixalan,Brass's Tunnel-Grinder,135,R,Near Mint,4.05,,,,,1,4.05,,4.05,https://user-content.cardcastle.co/uploads/card_user/scanned_image/dbc7c4e1-99eb-4d90-9e75-f6c24cd65c96.jpg,,,,081826-2,,
7557182,Magic,The List Reprints,Deep Gnome Terramancer,CLB-658,R,Near Mint,10.11,,,,,1,10.11,,10.11,https://user-content.cardcastle.co/uploads/card_user/scanned_image/b8ae2cb2-1165-4c35-80c7-326dcf46265b.jpg,,,,081826-2,,
7529213,Magic,The Lost Caverns of Ixalan,Thousand Moons Smithy,39,R,Near Mint,3.65,,,,,1,3.65,,3.65,https://user-content.cardcastle.co/uploads/card_user/scanned_image/ea012b58-99bd-457c-8f7c-fb61b5eef881.jpg,,,,081826-2,,
7554067,Magic,Commander: The Lost Caverns of Ixalan,"Tetzin, Gnome Champion",13,R,Near Mint,0.3,,,,,1,0.3,,0.3,https://user-content.cardcastle.co/uploads/card_user/scanned_image/92240d4f-f08c-47e0-a8ac-c65b3e8bf8cc.jpg,,,,081826-2,,
7164115,Magic,Universes Beyond: The Lord of the Rings: Tales of Middle-earth,Barad-dur,253,R,Near Mint,1.79,,,,,1,1.79,,1.79,https://user-content.cardcastle.co/uploads/card_user/scanned_image/16aa11f6-5ab7-49b4-adf6-7f5b4ef59993.jpg,,,,081826-2,,
7286805,Magic,Commander Masters,"Erebos, Bleak-Hearted",868,M,Near Mint,1.84,,,,,1,1.84,,1.84,https://user-content.cardcastle.co/uploads/card_user/scanned_image/d1ae9374-f8a2-4ee4-9d3d-b627b4f05d56.jpg,,,,081826-2,,
340180,Magic,Torment,Cabal Ritual,51,C,Moderately Played,12.6,,,,,1,12.6,,12.6,https://user-content.cardcastle.co/uploads/card_user/scanned_image/65fa9437-c53c-43c7-94fd-e5f379931bb8.jpg,$14.00,In store,8/15/2026,081826-2,,7.7
7932619,Magic,Modern Horizons 3,Thief of Existence,174,R,Near Mint,0.24,,,,,1,0.24,,0.24,https://user-content.cardcastle.co/uploads/card_user/scanned_image/11a6b195-7491-4673-af5d-3f700c8201dd.jpg,,,,081826-2,,
7937165,Magic,Modern Horizons 3,Wrath of the Skies,49,R,Near Mint,1.84,,,,,1,1.84,,1.84,https://user-content.cardcastle.co/uploads/card_user/scanned_image/d68aa239-4c2a-459b-a650-9f0c4a05fd08.jpg,,,,081826-2,,
7975277,Magic,Prerelease Cards,Wrath of the Skies,49s,R,Near Mint Foil,5.28,,,,,1,5.28,,5.28,https://user-content.cardcastle.co/uploads/card_user/scanned_image/1b137b99-6813-485b-bb5b-7cba1bbb296a.jpg,,,,081826-2,,
7927369,Magic,Modern Horizons 3,"Eladamri, Korvecdal",149,M,Near Mint,6.64,,,,,1,6.64,,6.64,https://user-content.cardcastle.co/uploads/card_user/scanned_image/9047f235-84f6-4424-8496-1e2dc775b21d.jpg,,,,081826-2,,
8802445,Magic,Edge of Eternities,Thrumming Hivepool,247,R,Near Mint,1.19,,,,,1,1.19,,1.19,https://user-content.cardcastle.co/uploads/card_user/scanned_image/7874baa8-2ac6-4e01-90cc-5158440de63e.jpg,,,,081826-2,,
8833796,Magic,Edge of Eternities,Hardlight Containment,20,R,Near Mint,0.23,,,,,1,0.23,,0.23,https://user-content.cardcastle.co/uploads/card_user/scanned_image/3ddbda37-dde0-41da-b51a-36e2f22ac75c.jpg,$0.29,In store,8/17/2026,081826-2,,0.175
8846376,Magic,Edge of Eternities,Terminal Velocity,163,R,Near Mint,0.24,,,,,1,0.24,,0.24,https://user-content.cardcastle.co/uploads/card_user/scanned_image/2ac58752-aa57-4a50-80aa-60a8399af873.jpg,,,,081826-2,,
8821788,Magic,Edge of Eternities,Pain for All,151,R,Near Mint,1.28,,,,,1,1.28,,1.28,https://user-content.cardcastle.co/uploads/card_user/scanned_image/5c63a904-cb9a-46ef-ad50-adcb15228c5f.jpg,,,,081826-2,,
8831556,Magic,Edge of Eternities,Space-Time Anomaly,229,R,Near Mint,0.35,,,,,1,0.35,,0.35,https://user-content.cardcastle.co/uploads/card_user/scanned_image/ff7ccc5d-9591-47eb-ad74-30562f019fe9.jpg,,,,081826-2,,
8827504,Magic,Edge of Eternities,Synthesizer Labship,81,R,Near Mint,0.32,,,,,1,0.32,,0.32,https://user-content.cardcastle.co/uploads/card_user/scanned_image/8487c62d-40de-41be-86ee-11d45aeb4b2e.jpg,,,,081826-2,,
8800945,Magic,Edge of Eternities,Biotech Specialist,214,R,Near Mint,0.31,,,,,1,0.31,,0.31,https://user-content.cardcastle.co/uploads/card_user/scanned_image/e4f6b94c-fc2d-43f5-9ea9-940ea5eb715a.jpg,$0.35,In store,8/23/2026,081826-2,,0.195
7933724,Magic,Commander: Modern Horizons 3,"Satya, Aetherflux Genius",3,M,Near Mint,0.36,,,,,1,0.36,,0.36,https://user-content.cardcastle.co/uploads/card_user/scanned_image/0241d3e8-7ba9-4c58-bb04-34c527a0f0a1.jpg,,,,081826-2,,
7942654,Magic,Modern Horizons 3,"Rosheen, Roaring Prophet",202,R,Near Mint,0.16,,,,,1,0.16,,0.16,https://user-content.cardcastle.co/uploads/card_user/scanned_image/92840302-46c4-41f0-bffc-75168428da6f.jpg,,,,081826-2,,
7947665,Magic,Modern Horizons 3,Eldrazi Linebreaker,117,R,Near Mint,0.31,,,,,1,0.31,,0.31,https://user-content.cardcastle.co/uploads/card_user/scanned_image/a9b56271-abc4-4340-8bcf-34ea542d1825.jpg,,,,081826-2,,
7963159,Magic,Modern Horizons 3,Branching Evolution,285,R,Near Mint,7.39,,,,,1,7.39,,7.39,https://user-content.cardcastle.co/uploads/card_user/scanned_image/c3ad3bc3-444e-4cf8-9d03-a475aed5e0d3.jpg,,,,081826-2,,
7941934,Magic,Modern Horizons 3,Imskir Iron-Eater,189,R,Near Mint,0.24,,,,,1,0.24,,0.24,https://user-content.cardcastle.co/uploads/card_user/scanned_image/959905b8-e32f-4e97-938e-23d74cfed395.jpg,,,,081826-2,,
7934294,Magic,Commander: Modern Horizons 3,"Coram, the Undertaker (Borderless)",11,M,Near Mint,0.41,,,,,1,0.41,,0.41,https://user-content.cardcastle.co/uploads/card_user/scanned_image/2d70fd7f-79d6-4dee-b49a-49f0d4f8dd29.jpg,,,,081826-2,,
7974997,Magic,Prerelease Cards,Argent Dais,20s,R,Near Mint Foil,0.48,,,,,1,0.48,,0.48,https://user-content.cardcastle.co/uploads/card_user/scanned_image/18a214fe-eee0-4081-8408-878c2c6bd50d.jpg,$0.35,In store,8/17/2026,081826-2,,0.11
8831056,Magic,Edge of Eternities,"Xu-Ifit, Osteoharmonist",127,R,Near Mint,0.33,,,,,1,0.33,,0.33,https://user-content.cardcastle.co/uploads/card_user/scanned_image/dd9e1c9c-dc5d-41e2-a528-988541ac5f43.jpg,,,,081826-2,,
8801065,Magic,Edge of Eternities,Cosmogoyf,215,R,Near Mint,0.35,,,,,1,0.35,,0.35,https://user-content.cardcastle.co/uploads/card_user/scanned_image/e96608e2-ab1c-4cbd-a377-368701f98740.jpg,,,,081826-2,,
8468568,Magic,Innistrad Remastered,Cathars' Crusade,17,R,Near Mint,9.38,,,,,1,9.38,,9.38,https://user-content.cardcastle.co/uploads/card_user/scanned_image/b5f02ed2-6de4-4993-8018-7fba66996824.jpg,,,,081826-2,,
8802895,Magic,Edge of Eternities,Emissary Escort,56,R,Near Mint,0.19,,,,,1,0.19,,0.19,https://user-content.cardcastle.co/uploads/card_user/scanned_image/0c20f5dc-81ec-4031-ba7a-898bfe960b4b.jpg,,,,081826-2,,
8854026,Magic,Promo Pack: Edge of Eternities,Astelli Reclaimer,4p,R,Near Mint,0.27,,,,,1,0.27,,0.27,https://user-content.cardcastle.co/uploads/card_user/scanned_image/40be367e-79cc-4823-8064-5931fba437c4.jpg,,,,081826-2,,
8801605,Magic,Edge of Eternities,Nova Hellkite,148,R,Near Mint,0.35,,,,,1,0.35,,0.35,https://user-content.cardcastle.co/uploads/card_user/scanned_image/2f1cf027-aa1f-4358-9fe6-ae3846188350.jpg,,,,081826-2,,
8832436,Magic,Edge of Eternities: Stellar Sights,Stirring Wildwood (0039) (Borderless),39,R,Near Mint,0.38,,,,,1,0.38,,0.38,https://user-content.cardcastle.co/uploads/card_user/scanned_image/3a980c98-16c6-4d6e-8f0f-aa225957d988.jpg,,,,081826-2,,
8804961,Magic,Edge of Eternities,Genemorph Imago,217,R,Near Mint,0.23,,,,,1,0.23,,0.23,https://user-content.cardcastle.co/uploads/card_user/scanned_image/f0c2e3df-0c50-47f1-a624-fef85a2ed139.jpg,,,,081826-2,,
7974837,Magic,Prerelease Cards,"Kozilek, the Broken Reality",10s,M,Near Mint Foil,9.46,,,,,1,9.46,,9.46,https://user-content.cardcastle.co/uploads/card_user/scanned_image/b1d43406-bbe1-4835-a071-6fdb10264016.jpg,,,,081826-2,,
7943134,Magic,Modern Horizons 3,Toxic Deluge,277,R,Near Mint,5.09,,,,,1,5.09,,5.09,https://user-content.cardcastle.co/uploads/card_user/scanned_image/b9081c3e-a961-41e1-9c2c-57b0cdbee7d6.jpg,,,,081826-2,,
7949345,Magic,Modern Horizons 3,Ripples of Undeath,107,R,Near Mint,6.9,,,,,1,6.9,,6.9,https://user-content.cardcastle.co/uploads/card_user/scanned_image/69f6d916-dbda-43fe-aef2-fbf5fec5cad5.jpg,,,,081826-2,,
1076374,Magic,Dragon's Maze,Advent of the Wurm,51,R,Near Mint,0.29,,,,,1,0.29,,0.29,https://user-content.cardcastle.co/uploads/card_user/scanned_image/0c88fc9e-41e3-4c5b-9230-910daf143a16.jpg,,,,081826-2,,
7194214,Magic,Universes Beyond: The Lord of the Rings: Tales of Middle-earth,"Sharkey, Tyrant of the Shire",229,R,Near Mint,0.27,,,,,1,0.27,,0.27,https://user-content.cardcastle.co/uploads/card_user/scanned_image/a2560863-6692-4d09-9010-67da04aab75f.jpg,,,,081826-2,,
8324072,Magic,Foundations,Ashroot Animist,117,R,Near Mint,0.25,,,,,1,0.25,,0.25,https://user-content.cardcastle.co/uploads/card_user/scanned_image/34c1806b-c76b-452e-894b-fe685e9b6afd.jpg,,,,081826-2,,
7694738,Magic,Ravnica: Clue Edition,Conclave Evangelist,27,R,Near Mint,2.68,,,,,1,2.68,,2.68,https://user-content.cardcastle.co/uploads/card_user/scanned_image/ec8c75fd-6c88-4b7b-935a-2be89a090257.jpg,,,,081826-2,,
7692301,Magic,Murders at Karlov Manor,Relive the Past,226,R,Near Mint,0.11,,,,,1,0.11,,0.11,https://user-content.cardcastle.co/uploads/card_user/scanned_image/6079ecf0-7dfa-446f-a323-8a9a634b0bf3.jpg,,,,081826-2,,
7190203,Magic,Universes Beyond: The Lord of the Rings: Tales of Middle-earth,"Shagrat, Loot Bearer",228,R,Near Mint,0.33,,,,,1,0.33,,0.33,https://user-content.cardcastle.co/uploads/card_user/scanned_image/3e0376f0-a1d7-4129-9294-20bd15caa69e.jpg,,,,081826-2,,
8166374,Magic,Duskmourn: House of Horror,"Victor, Valgavoth's Seneschal",238,R,Near Mint,0.34,,,,,1,0.34,,0.34,https://user-content.cardcastle.co/uploads/card_user/scanned_image/186978fe-9ce6-49f4-a7e0-ddd5369ba10d.jpg,,,,081826-2,,
8212105,Magic,Commander: Duskmourn: House of Horror,Convert to Slime,37,R,Near Mint,0.33,,,,,1,0.33,,0.33,https://user-content.cardcastle.co/uploads/card_user/scanned_image/b83000ad-5aef-4a5a-9726-1caac82d3d07.jpg,,,,081826-2,,
8208450,Magic,Duskmourn: House of Horror,"Rip, Spawn Hunter (Showcase)",362,R,Near Mint,0.3,,,,,1,0.3,,0.3,https://user-content.cardcastle.co/uploads/card_user/scanned_image/b06b418d-a8d0-4cdf-acae-6b7572520aa1.jpg,,,,081826-2,,
5604459,Magic,Commander Legends: Battle for Baldur's Gate,"Mazzy, Truesword Paladin",283,R,Near Mint,0.22,,,,,1,0.22,,0.22,https://user-content.cardcastle.co/uploads/card_user/scanned_image/a8f07cdd-6229-49d7-b554-36ed30d1cb38.jpg,,,,081826-2,,
7502918,Magic,The Lost Caverns of Ixalan,"Abuelo, Ancestral Echo (Showcase)",297,R,Near Mint,0.32,,,,,1,0.32,,0.32,https://user-content.cardcastle.co/uploads/card_user/scanned_image/7cf2e02d-a07f-4fe4-8e04-523be8c234c2.jpg,,,,081826-2,,
7227691,Magic,Commander: The Lord of the Rings: Tales of Middle-earth,"Gandalf, Westward Voyager",6,M,Near Mint,0.31,,,,,1,0.31,,0.31,https://user-content.cardcastle.co/uploads/card_user/scanned_image/00260d0a-1261-4032-a11e-ed13b54373f6.jpg,,,,081826-2,,
7163875,Magic,Universes Beyond: The Lord of the Rings: Tales of Middle-earth,"Aragorn, the Uniter",192,M,Near Mint,7.44,,,,,1,7.44,,7.44,https://user-content.cardcastle.co/uploads/card_user/scanned_image/24569890-ed80-441b-8d3f-302f4151d468.jpg,,,,081826-2,,
1254816,Magic,Khans of Tarkir,Flying Crane Technique,176,R,Near Mint,0.31,,,,,1,0.31,,0.31,https://user-content.cardcastle.co/uploads/card_user/scanned_image/07229ca2-bc0b-48ef-abab-d593af361985.jpg,,,,081826-2,,
7175800,Magic,Universes Beyond: The Lord of the Rings: Tales of Middle-earth,Saruman of Many Colors (Showcase),328,M,Near Mint,1.17,,,,,1,1.17,,1.17,https://user-content.cardcastle.co/uploads/card_user/scanned_image/99aae709-97fb-42e3-81dd-524186343e21.jpg,,,,081826-2,,
7227446,Magic,Commander: The Lord of the Rings: Tales of Middle-earth,"Sauron, Lord of the Rings",4,M,Near Mint,0.44,,,,,1,0.44,,0.44,https://user-content.cardcastle.co/uploads/card_user/scanned_image/e18573fc-a848-42b3-b3ff-8c65f248992f.jpg,,,,081826-2,,
25248,Magic,Ravnica: City of Guilds,Woodwraith Corrupter,240,R,Near Mint,0.33,,,,,1,0.33,,0.33,https://user-content.cardcastle.co/uploads/card_user/scanned_image/330db121-4704-4c59-a896-daac72b45bd1.jpg,,,,081826-2,,
8341620,Magic,Foundations,"Zimone, Paradox Sculptor",126,M,Near Mint,3.18,,,,,1,3.18,,3.18,https://user-content.cardcastle.co/uploads/card_user/scanned_image/c4ace85d-1451-4cf6-ad57-f9fcf78ea641.jpg,,,,081826-2,,
1131771,Magic,Theros,Polis Crusher,198,R,Near Mint,0.12,,,,,1,0.12,,0.12,https://user-content.cardcastle.co/uploads/card_user/scanned_image/e50423bb-4730-4cc0-882f-692646916d18.jpg,,,,081826-2,,
7282363,Magic,Commander Masters,"Nahiri, the Harbinger",929,M,Near Mint,0.44,,,,,1,0.44,,0.44,https://user-content.cardcastle.co/uploads/card_user/scanned_image/43b4eae1-eef3-4ffa-85dd-aec5bf9b7bf9.jpg,,,,081826-2,,
4981213,Magic,Modern Horizons 2,Geyadrone Dihada,199,M,Near Mint,0.99,,,,,1,0.99,,0.99,https://user-content.cardcastle.co/uploads/card_user/scanned_image/661e43e8-e639-4550-8902-e54074ba0221.jpg,,,,081826-2,,
7170110,Magic,Universes Beyond: The Lord of the Rings: Tales of Middle-earth,Saruman of Many Colors,223,M,Near Mint,1.02,,,,,1,1.02,,1.02,https://user-content.cardcastle.co/uploads/card_user/scanned_image/b11b895c-03f2-4bb7-bd2c-2d9cdd65b55a.jpg,$5.04,In store,8/16/2026,081826-2,,4.53
6945435,Magic,Phyrexia: All Will Be One,"Kethek, Crucible Goliath",206,R,Near Mint,0.35,,,,,1,0.35,,0.35,https://user-content.cardcastle.co/uploads/card_user/scanned_image/754c7143-a304-46c6-bc50-089a08eea406.jpg,,,,081826-2,,
9429833,Magic,The Hobbit,Most Decrepit Old Bird,49,R,Near Mint,0.25,,,,,1,0.25,,0.25,https://user-content.cardcastle.co/uploads/card_user/scanned_image/3c8a3942-54b4-45ac-9ac5-e52181ce4f69.jpg,,,,081826-2,,
9430606,Magic,The Hobbit,Dain's Company,152,R,Near Mint,0.33,,,,,1,0.33,,0.33,https://user-content.cardcastle.co/uploads/card_user/scanned_image/ce437c05-a657-4033-82cb-44caa60254ab.jpg,,,,081826-2,,
9417411,Magic,The Hobbit,"Roads Go Ever, Ever On",25,R,Near Mint,0.31,,,,,1,0.31,,0.31,https://user-content.cardcastle.co/uploads/card_user/scanned_image/33ce228e-a345-4518-a63b-f51b4b327b84.jpg,,,,081826-2,,
9423355,Magic,The Hobbit,Through the Forest Gate,137,R,Near Mint,0.7,,,,,1,0.7,,0.7,https://user-content.cardcastle.co/uploads/card_user/scanned_image/295338de-2732-4c38-b314-499775ff230f.jpg,,,,081826-2,,
9278377,Magic,The Hobbit,Smaug the Magnificent,110,M,Near Mint,29.52,,,,,1,29.52,,29.52,https://user-content.cardcastle.co/uploads/card_user/scanned_image/82abdc57-1e1c-4057-832c-e23087bd0d96.jpg,,,,081826-2,,
9422714,Magic,The Hobbit,Belladonna Took,4,R,Near Mint,3.14,,,,,1,3.14,,3.14,https://user-content.cardcastle.co/uploads/card_user/scanned_image/5ce0c74b-3b21-4988-9832-1aff9bf43807.jpg,,Online,,081826-2,$3.14,1.57
9278557,Magic,The Hobbit,"Tom, Bert, and William",169,R,Near Mint,0.34,,,,,1,0.34,,0.34,https://user-content.cardcastle.co/uploads/card_user/scanned_image/486c06ea-856a-4382-8da3-b8859d54c5b3.jpg,,,,081826-2,,
9413878,Magic,The Hobbit,"Gandalf, Goblins' Bane",96,M,Near Mint,7.56,,,,,1,7.56,,7.56,https://user-content.cardcastle.co/uploads/card_user/scanned_image/6fe64efe-1a18-49ef-a047-290077203941.jpg,,,,081826-2,,
9425950,Magic,The Hobbit,Head of the Hunt,75,R,Near Mint,0.4,,,,,1,0.4,,0.4,https://user-content.cardcastle.co/uploads/card_user/scanned_image/68952905-7fd0-4f21-85be-53aa8aef1833.jpg,,,,081826-2,,
9432004,Magic,The Hobbit,Elven Passage (Showcase),238,R,Near Mint,1.65,,,,,1,1.65,,1.65,https://user-content.cardcastle.co/uploads/card_user/scanned_image/a35bf90b-eff7-456b-9a6b-e741b71eca8e.jpg,,,,081826-2,,
9414218,Magic,The Hobbit,"Sting, Bilbo's Sword",178,R,Near Mint,0.41,,,,,1,0.41,,0.41,https://user-content.cardcastle.co/uploads/card_user/scanned_image/2a08c50c-2c4b-41cb-a499-78d89068d6d2.jpg,,,,081826-2,,
9413738,Magic,The Hobbit,Desolation of Smaug,93,R,Near Mint,0.36,,,,,1,0.36,,0.36,https://user-content.cardcastle.co/uploads/card_user/scanned_image/fc45d6b7-5e5d-48fa-bd56-fd8d7347f5f0.jpg,$0.49,In store,8/23/2026,081826-2,,0.31
9420224,Magic,The Hobbit,Great Gilded Boat,42,R,Near Mint,0.25,,,,,1,0.25,,0.25,https://user-content.cardcastle.co/uploads/card_user/scanned_image/b7dbbbbd-0199-4e6f-9d6f-4e92cb616779.jpg,,,,081826-2,,
5153643,Magic,AFR Ampersand Promos,Adult Gold Dragon,216a,R,Near Mint Foil,9.99,,,,,1,9.99,,9.99,https://user-content.cardcastle.co/uploads/card_user/scanned_image/d3962db8-0bc0-46d9-897d-5297cba09a17.jpg,,,,081826-2,,
7694713,Magic,Ravnica: Clue Edition,Suppressor Skyguard,46,R,Near Mint,12.05,,,,,1,12.05,,12.05,https://user-content.cardcastle.co/uploads/card_user/scanned_image/6b7c3e5d-5dfc-4697-b050-3a3870b839bb.jpg,,,,081826-2,,
7695488,Magic,Ravnica: Clue Edition,Lavinia of the Tenth,199,R,Near Mint,0.34,,,,,1,0.34,,0.34,https://user-content.cardcastle.co/uploads/card_user/scanned_image/2d044f0d-e3fa-4e44-b769-6bb5086af93b.jpg,,,,081826-2,,
7694803,Magic,Ravnica: Clue Edition,Boros Strike-Captain,25,R,Near Mint,0.36,,,,,1,0.36,,0.36,https://user-content.cardcastle.co/uploads/card_user/scanned_image/5472f29b-5d04-4c0b-abae-f0d51ea8f1f5.jpg,,,,081826-2,,
21031,Magic,Invasion,Overabundance,259,R,Near Mint,5.59,,,,,1,5.59,,5.59,https://user-content.cardcastle.co/uploads/card_user/scanned_image/8ffae133-5446-4b01-b8c6-7814687b7621.jpg,,,,081826-2,,
7501364,Magic,The Lost Caverns of Ixalan,"Vito, Fanatic of Aclazotz",243,M,Near Mint,1.11,,,,,1,1.11,,1.11,https://user-content.cardcastle.co/uploads/card_user/scanned_image/acf0f21c-7428-44e1-99a5-2a0c1b78a52c.jpg,,,,081826-2,,
7700464,Magic,Ravnica: Clue Edition,Firemane Avenger,189,R,Near Mint,0.33,,,,,1,0.33,,0.33,https://user-content.cardcastle.co/uploads/card_user/scanned_image/d9538fa2-d9e1-4d4d-a149-bf0b50f35dba.jpg,,,,081826-2,,
7694743,Magic,Ravnica: Clue Edition,Stampede Surfer,44,R,Near Mint,0.39,,,,,1,0.39,,0.39,https://user-content.cardcastle.co/uploads/card_user/scanned_image/3d1ff9cb-7624-4bc2-a51c-9eec9b0c3266.jpg,,,,081826-2,,
7822498,Magic,Outlaws of Thunder Junction,Riku of Many Paths,227,R,Near Mint,0.25,,,,,1,0.25,,0.25,https://user-content.cardcastle.co/uploads/card_user/scanned_image/722808bd-7609-42d2-bdd7-471cf9849a6f.jpg,,,,081826-2,,
7364742,Magic,Wilds of Eldraine,Scalding Viper,235,R,Near Mint,0.36,,,,,1,0.36,,0.36,https://user-content.cardcastle.co/uploads/card_user/scanned_image/7b89abf2-e309-4bb4-810b-884478581691.jpg,,,,081826-2,,
23933,Magic,Fifth Dawn,Rite of Passage,91,R,Near Mint,4.8,,,,,1,4.8,,4.8,https://user-content.cardcastle.co/uploads/card_user/scanned_image/af3c5c54-faf2-40ea-88c1-adb36d375ccf.jpg,,,,081826-2,,
20213,Magic,Mercadian Masques,Thieves' Auction,218,R,Near Mint,4.8,,,,,1,4.8,,4.8,https://user-content.cardcastle.co/uploads/card_user/scanned_image/e8cecdd5-702c-4f9e-991d-5781987556c8.jpg,,,,081826-2,,
8641433,Magic,Commander: Tarkir: Dragonstorm,Zenith Festival,41,R,Near Mint,0.29,,,,,1,0.29,,0.29,https://user-content.cardcastle.co/uploads/card_user/scanned_image/9a8c5bfb-9fce-4a92-a910-13545c5b4dd9.jpg,,,,081826-2,,
8641373,Magic,Commander: Tarkir: Dragonstorm,Parapet Thrasher,36,R,Near Mint,1.47,,,,,1,1.47,,1.47,https://user-content.cardcastle.co/uploads/card_user/scanned_image/37c21a04-3f86-4e02-b874-34939c7fd263.jpg,,,,081826-2,,
7515544,Magic,The Lost Caverns of Ixalan,Poetic Ingenuity,161,R,Near Mint,0.33,,,,,1,0.33,,0.33,https://user-content.cardcastle.co/uploads/card_user/scanned_image/50735fb3-634b-47fa-8c3d-fe849e2a2d0d.jpg,,,,081826-2,,
1254891,Magic,Khans of Tarkir,Jeering Instigator,113,R,Near Mint,0.29,,,,,1,0.29,,0.29,https://user-content.cardcastle.co/uploads/card_user/scanned_image/a4cdcbb2-4850-424f-ab1c-2e948f2ea955.jpg,,,,081826-2,,
1255184,Magic,Khans of Tarkir,Ashcloud Phoenix,99,M,Near Mint,0.3,,,,,1,0.3,,0.3,https://user-content.cardcastle.co/uploads/card_user/scanned_image/0b40b27c-28de-4b33-a0df-8b702f334c9b.jpg,,,,081826-2,,
6936709,Magic,Phyrexia: All Will Be One,Capricious Hellraiser,125,M,Near Mint,0.32,,,,,1,0.32,,0.32,https://user-content.cardcastle.co/uploads/card_user/scanned_image/6e0b666b-f47e-4f05-9e18-4a3f872b3a60.jpg,,,,081826-2,,
1254203,Magic,Khans of Tarkir,Howl of the Horde,112,R,Near Mint,0.25,,,,,1,0.25,,0.25,https://user-content.cardcastle.co/uploads/card_user/scanned_image/3cacb558-8989-40c1-b04f-7cc1dcaec481.jpg,,,,081826-2,,
8249366,Magic,The List Reprints,Pyrewild Shaman,MM3-106,U,Near Mint,0.12,,,,,1,0.12,,0.12,https://user-content.cardcastle.co/uploads/card_user/scanned_image/a93d1423-edff-4929-9c1d-ae7f33d895d0.jpg,,,,081826-2,,
20264,Magic,Urza's Saga,Antagonism,173,R,Near Mint,0.41,,,,,1,0.41,,0.41,https://user-content.cardcastle.co/uploads/card_user/scanned_image/b4d6cd02-827b-468d-be6c-b69c12e47006.jpg,,,,081826-2,,
4486873,Magic,Promo Pack: Core Set 2021,Chandra's Incinerator,136p,R,Near Mint,4.7,,,,,1,4.7,,4.7,https://user-content.cardcastle.co/uploads/card_user/scanned_image/208c2ef8-ea99-4645-b39e-64a95abc87ea.jpg,,,,081826-2,,
7178931,Magic,Universes Beyond: The Lord of the Rings: Tales of Middle-earth,Moria Marauder,138,R,Near Mint,0.4,,,,,1,0.4,,0.4,https://user-content.cardcastle.co/uploads/card_user/scanned_image/2070e0a0-6bd6-4ccd-8a44-f92dda9cc501.jpg,,,,081826-2,,
7946775,Magic,Modern Horizons 3,Party Thrasher,129,R,Near Mint,0.42,,,,,1,0.42,,0.42,https://user-content.cardcastle.co/uploads/card_user/scanned_image/6943a3f4-1b79-4e1c-a6ba-a27b4cc665b3.jpg,,,,081826-2,,
7284879,Magic,Commander Masters,Jaya's Phoenix,738,R,Near Mint,0.41,,,,,1,0.41,,0.41,https://user-content.cardcastle.co/uploads/card_user/scanned_image/ee65f05f-0fb6-42f3-b853-997188ff38af.jpg,,,,081826-2,,
7711198,Magic,Commander: Murders at Karlov Manor,Mob Verdict,33,R,Near Mint,0.39,,,,,1,0.39,,0.39,https://user-content.cardcastle.co/uploads/card_user/scanned_image/260d728e-db8f-47b8-80c4-cf8d5984ec3a.jpg,,,,081826-2,,
7252170,Magic,Commander Masters,Hellkite Charger,232,R,Near Mint,4.2,,,,,1,4.2,,4.2,https://user-content.cardcastle.co/uploads/card_user/scanned_image/934bebe2-d700-4471-b5cb-7ec6700d7c77.jpg,,,,081826-2,,
7949585,Magic,Modern Horizons 3,Aether Revolt,113,R,Near Mint,0.31,,,,,1,0.31,,0.31,https://user-content.cardcastle.co/uploads/card_user/scanned_image/47d530e5-eb38-42a9-82d5-d28997d850b7.jpg,,,,081826-2,,
8286900,Magic,Foundations,Searslicer Goblin,93,R,Near Mint,1.12,,,,,1,1.12,,1.12,https://user-content.cardcastle.co/uploads/card_user/scanned_image/42ed3bb6-3fda-4b5d-ae71-d7e4a2bbd07a.jpg,,,,081826-2,,
8323452,Magic,Foundations,"Kellan, Planar Trailblazer",91,R,Near Mint,0.25,,,,,1,0.25,,0.25,https://user-content.cardcastle.co/uploads/card_user/scanned_image/8d7cbbd5-1ba5-440d-8485-586436e463e1.jpg,,,,081826-2,,
8641854,Magic,Commander: Tarkir: Dragonstorm,Opportunistic Dragon,228,R,Near Mint,0.25,,,,,1,0.25,,0.25,https://user-content.cardcastle.co/uploads/card_user/scanned_image/2615eb15-a1e8-466e-9d0d-514424b37d87.jpg,,,,081826-2,,
25562,Magic,Dissension,Stalking Vengeance,73,R,Near Mint,0.48,,,,,1,0.48,,0.48,https://user-content.cardcastle.co/uploads/card_user/scanned_image/f888ce47-174c-4f91-be3d-bedce17bad17.jpg,,,,081826-2,,
4055296,Magic,Modern Horizons,Planebound Accomplice,140,R,Near Mint,0.22,,,,,1,0.22,,0.22,https://user-content.cardcastle.co/uploads/card_user/scanned_image/ad345c5b-6b08-4964-90fc-25d709979b47.jpg,,,,081826-2,,
7789692,Magic,Modern Horizons 3,"Laelia, the Blade Reforged",281,R,Near Mint,0.32,,,,,1,0.32,,0.32,https://user-content.cardcastle.co/uploads/card_user/scanned_image/fd8b59a6-48f1-42dc-9818-26a438c62264.jpg,,,,081826-2,,
8822028,Magic,Edge of Eternities,Possibility Technician,153,R,Near Mint,0.24,,,,,1,0.24,,0.24,https://user-content.cardcastle.co/uploads/card_user/scanned_image/876d21cc-b7b4-40fa-8d69-73666bdabcfc.jpg,,,,081826-2,,
8586576,Magic,Tarkir: Dragonstorm,"Sarkhan, Dragon Ascendant (0302) (Showcase)",302,R,Near Mint,0.51,,,,,1,0.51,,0.51,https://user-content.cardcastle.co/uploads/card_user/scanned_image/c452f857-7824-4186-af3b-ca05633d7b3b.jpg,,,,081826-2,,
8295165,Magic,Foundations,Electroduplicate,85,R,Near Mint,0.7,,,,,1,0.7,,0.7,https://user-content.cardcastle.co/uploads/card_user/scanned_image/0bcd29f5-4c6a-40ce-a65e-f19d9e334f44.jpg,,,,081826-2,,
8911621,Magic,Marvel Universe Eternal-Legal,Thrill of Possibility (Borderless),28,M,Near Mint,2.12,,,,,1,2.12,,2.12,https://user-content.cardcastle.co/uploads/card_user/scanned_image/b0362a17-8217-4200-9904-1adce5b73b3e.jpg,,,,081826-2,,
7928129,Magic,Modern Horizons 3,Detective's Phoenix,116,R,Near Mint,0.33,,,,,1,0.33,,0.33,https://user-content.cardcastle.co/uploads/card_user/scanned_image/d280221e-6767-4198-97dc-2823256fbe98.jpg,,,,081826-2,,
855013,Magic,Avacyn Restored,Rite of Ruin,153,R,Near Mint,0.21,,,,,1,0.21,,0.21,https://user-content.cardcastle.co/uploads/card_user/scanned_image/3b01548f-7592-42db-88c5-ff4fd53abe64.jpg,,,,081826-2,,
7259257,Magic,Commander Masters,"Grenzo, Havoc Raiser (Borderless)",677,R,Near Mint,2.33,,,,,1,2.33,,2.33,https://user-content.cardcastle.co/uploads/card_user/scanned_image/3e92f27d-1fcc-4c48-b6f7-d21719f4460f.jpg,,,,081826-2,,
8621775,Magic,Commander: Tarkir: Dragonstorm,Will of the Jeskai,40,R,Near Mint,4.21,,,,,1,4.21,,4.21,https://user-content.cardcastle.co/uploads/card_user/scanned_image/257bd6cb-69f5-4b18-ae37-4750072637f1.jpg,,,,081826-2,,
8649875,Magic,Tarkir: Dragonstorm,Stadium Headliner (Borderless),344,R,Near Mint,0.6,,,,,1,0.6,,0.6,https://user-content.cardcastle.co/uploads/card_user/scanned_image/66189496-f5db-488b-8d1f-40badc916263.jpg,,,,081826-2,,
8623726,Magic,Tarkir: Dragonstorm,Magmatic Hellkite,111,R,Near Mint,0.56,,,,,1,0.56,,0.56,https://user-content.cardcastle.co/uploads/card_user/scanned_image/824f1ed9-5b76-45ac-9f45-1b7bfcc45f47.jpg,,,,081826-2,,
8634869,Magic,Tarkir: Dragonstorm,Cori-Steel Cutter,103,R,Near Mint,4.51,,,,,1,4.51,,4.51,https://user-content.cardcastle.co/uploads/card_user/scanned_image/54dd3ad0-8acd-4486-a8de-fbcfa508766b.jpg,,,,081826-2,,
8520952,Magic,Aetherdrift,Boommobile (Borderless),310,R,Near Mint,0.34,,,,,1,0.34,,0.34,https://user-content.cardcastle.co/uploads/card_user/scanned_image/9ae78445-0424-4c6e-8b8b-c38ee760ddb0.jpg,,,,081826-2,,
8822118,Magic,Edge of Eternities,Possibility Technician (Borderless),295,R,Near Mint,0.36,,,,,1,0.36,,0.36,https://user-content.cardcastle.co/uploads/card_user/scanned_image/98675785-e4fc-4ac1-8e42-fda3a25d60f5.jpg,,,,081826-2,,
8209230,Magic,Commander: Duskmourn: House of Horror,Barbflare Gremlin,26,R,Near Mint,0.3,,,,,1,0.3,,0.3,https://user-content.cardcastle.co/uploads/card_user/scanned_image/593dc9dd-3c9a-4af1-8ab1-cf2690bfc53b.jpg,,,,081826-2,,
8801905,Magic,Edge of Eternities,Rust Harvester,159,R,Near Mint,0.3,,,,,1,0.3,,0.3,https://user-content.cardcastle.co/uploads/card_user/scanned_image/516572ed-0d00-4c29-86f2-e601dc3734dc.jpg,,,,081826-2,,
8841986,Magic,Edge of Eternities,"Tannuk, Steadfast Second",162,M,Near Mint,1.44,,,,,1,1.44,,1.44,https://user-content.cardcastle.co/uploads/card_user/scanned_image/3fc73c4b-9d7c-4216-99d6-b9a4fe5e1b04.jpg,,,,081826-2,,
8163409,Magic,Duskmourn: House of Horror,Undead Sprinter,237,R,Near Mint,0.23,,,,,1,0.23,,0.23,https://user-content.cardcastle.co/uploads/card_user/scanned_image/eb94ebd9-8a15-45e7-9107-0cc52834404f.jpg,,,,081826-2,,
8217938,Magic,Duskmourn: House of Horror,Roaring Furnace // Steaming Sauna,230,R,Near Mint,0.34,,,,,1,0.34,,0.34,https://user-content.cardcastle.co/uploads/card_user/scanned_image/5d3a2854-8119-48b4-a758-17493d18048a.jpg,,,,081826-2,,
7197635,Magic,Universes Beyond: The Lord of the Rings: Tales of Middle-earth,"Elrond, Master of Healing",200,R,Near Mint,0.38,,,,,1,0.38,,0.38,https://user-content.cardcastle.co/uploads/card_user/scanned_image/0ce9bc4a-feba-48b1-9864-e830fc4ed2bd.jpg,,,,081826-2,,
7169310,Magic,Universes Beyond: The Lord of the Rings: Tales of Middle-earth,"Pippin, Guard of the Citadel",218,R,Near Mint,0.77,,,,,1,0.77,,0.77,https://user-content.cardcastle.co/uploads/card_user/scanned_image/b39dc1a7-5153-4ac2-94e0-fdd184bc5c7b.jpg,,,,081826-2,,
7182716,Magic,The List Reprints,"Jared Carthalion, True Heir",CMR-281,R,Near Mint,0.21,,,,,1,0.21,,0.21,https://user-content.cardcastle.co/uploads/card_user/scanned_image/db99e30f-ae3e-4471-9d8d-0404ae7e7356.jpg,,,,081826-2,,
7602643,Magic,Ravnica Remastered,Dreadbore,180,R,Near Mint,1,,,,,1,1,,1,https://user-content.cardcastle.co/uploads/card_user/scanned_image/c4e00c4d-bb1f-4ab3-8ca0-b77c601d656c.jpg,,,,081826-2,,
7190573,Magic,Universes Beyond: The Lord of the Rings: Tales of Middle-earth,"Shelob, Child of Ungoliant",230,R,Near Mint,2.09,,,,,1,2.09,,2.09,https://user-content.cardcastle.co/uploads/card_user/scanned_image/1c280377-0fd6-47d1-8ff7-90144cd42bf9.jpg,,,,081826-2,,
7948385,Magic,Modern Horizons 3,Abstruse Appropriation,177,R,Near Mint,0.3,,,,,1,0.3,,0.3,https://user-content.cardcastle.co/uploads/card_user/scanned_image/05d714aa-0dc9-48f7-8fe2-7cca6e43fb26.jpg,,,,081826-2,,
5683764,Magic,The List Reprints,"Yusri, Fortune's Flame",MH2-218,R,Near Mint,0.22,,,,,1,0.22,,0.22,https://user-content.cardcastle.co/uploads/card_user/scanned_image/a61b2008-b6e6-430e-b4e1-580193df7707.jpg,,,,081826-2,,
4975586,Magic,Modern Horizons 2,Territorial Kavu,216,R,Near Mint,0.29,,,,,1,0.29,,0.29,https://user-content.cardcastle.co/uploads/card_user/scanned_image/af4c04de-c94a-4e3b-83a3-8a9ff56150b8.jpg,,,,081826-2,,
4275315,Magic,The List Reprints,Shardless Agent,PCA-104,U,Near Mint,0.35,,,,,1,0.35,,0.35,https://user-content.cardcastle.co/uploads/card_user/scanned_image/aad7af0a-786d-4d64-9754-094a1f5ae1df.jpg,,,,081826-2,,
8197342,Magic,Commander: Duskmourn: House of Horror,"Rashmi, Eternities Crafter",231,M,Near Mint,0.68,,,,,1,0.68,,0.68,https://user-content.cardcastle.co/uploads/card_user/scanned_image/a46ed54e-8739-4284-91e9-e1e94f76e51d.jpg,,,,081826-2,,
8619855,Magic,Tarkir: Dragonstorm,Eshki Dragonclaw,182,R,Near Mint,0.3,,,,,1,0.3,,0.3,https://user-content.cardcastle.co/uploads/card_user/scanned_image/825a3189-9626-4c6d-b19e-2a4fde604749.jpg,,,,081826-2,,
8585951,Magic,Tarkir: Dragonstorm,Inevitable Defeat,194,R,Near Mint,0.47,,,,,1,0.47,,0.47,https://user-content.cardcastle.co/uploads/card_user/scanned_image/1a6e53e7-eecc-4e21-8f39-bb3f23008614.jpg,,,,081826-2,,
8629550,Magic,Tarkir: Dragonstorm,New Way Forward,211,R,Near Mint,0.29,,,,,1,0.29,,0.29,https://user-content.cardcastle.co/uploads/card_user/scanned_image/2d71e972-c56a-4a4f-9125-b820998ec1a2.jpg,,,,081826-2,,
8639180,Magic,Tarkir: Dragonstorm,Revival of the Ancestors,218,R,Near Mint,0.22,,,,,1,0.22,,0.22,https://user-content.cardcastle.co/uploads/card_user/scanned_image/b1f20f42-b419-48b7-9273-0001ac2ea2c7.jpg,,,,081826-2,,
8197462,Magic,Commander: Duskmourn: House of Horror,"Arixmethes, Slumbering Isle",211,R,Near Mint,0.65,,,,,1,0.65,,0.65,https://user-content.cardcastle.co/uploads/card_user/scanned_image/81a60245-f63c-441c-8eb7-8b02797d44e2.jpg,,,,081826-2,,
8629370,Magic,Tarkir: Dragonstorm,Fangkeeper's Familiar,183,R,Near Mint,0.24,,,,,1,0.24,,0.24,https://user-content.cardcastle.co/uploads/card_user/scanned_image/e3193a28-108b-4006-ac15-8a27a3671d94.jpg,,,,081826-2,,
8618248,Magic,Tarkir: Dragonstorm,"Neriv, Heart of the Storm (Showcase)",314,M,Near Mint,8.56,,,,,1,8.56,,8.56,https://user-content.cardcastle.co/uploads/card_user/scanned_image/25b735fb-d20d-46b4-8b9e-1e4a6270fba2.jpg,,,,081826-2,,
8639059,Magic,Tarkir: Dragonstorm,Flamehold Grappler,185,R,Near Mint,0.27,,,,,1,0.27,,0.27,https://user-content.cardcastle.co/uploads/card_user/scanned_image/6c3c512c-dfb5-42cc-af6a-ef310d06c109.jpg,,,,081826-2,,
8635279,Magic,Tarkir: Dragonstorm,Hollowmurk Siege (Borderless),387,R,Near Mint,1.72,,,,,1,1.72,,1.72,https://user-content.cardcastle.co/uploads/card_user/scanned_image/7268bd64-9c29-4015-b68a-b0b91d19a5ca.jpg,,,,081826-2,,
4977398,Magic,Modern Horizons 2,Breya's Apprentice,117,R,Near Mint,0.27,,,,,1,0.27,,0.27,https://user-content.cardcastle.co/uploads/card_user/scanned_image/8d569809-88de-4f88-857d-65a199c599a8.jpg,,,,081826-2,,
9286005,Magic,The List Reprints,Redcap Gutter-Dweller,WOE-146,R,Near Mint,0.15,,,,,1,0.15,,0.15,https://user-content.cardcastle.co/uploads/card_user/scanned_image/184fc7a8-acd4-4b27-aecd-50e0cc519e17.jpg,,,,081826-2,,
6929943,Magic,Phyrexia: All Will Be One,Urabrask's Forge,153,R,Near Mint,1.07,,,,,1,1.07,,1.07,https://user-content.cardcastle.co/uploads/card_user/scanned_image/8d56247e-99d9-4c1c-82ef-a28f02592737.jpg,,,,081826-2,,
6911510,Magic,Phyrexia: All Will Be One,"Koth, Fire of Resistance",138,R,Near Mint,0.34,,,,,1,0.34,,0.34,https://user-content.cardcastle.co/uploads/card_user/scanned_image/50089332-61ed-4448-8691-cd84e7d796d0.jpg,,,,081826-2,,
6911430,Magic,Phyrexia: All Will Be One,"Slobad, Iron Goblin",149,R,Near Mint,0.22,,,,,1,0.22,,0.22,https://user-content.cardcastle.co/uploads/card_user/scanned_image/72609ae8-885b-4d75-867c-b255d3b4ecb5.jpg,,,,081826-2,,
7194824,Magic,Universes Beyond: The Lord of the Rings: Tales of Middle-earth,Assault on Osgiliath,285,R,Near Mint,2.94,,,,,1,2.94,,2.94,https://user-content.cardcastle.co/uploads/card_user/scanned_image/a2a30648-4710-4292-b75a-ab2bae78f798.jpg,,,,081826-2,,
8248016,Magic,The List Reprints,Cavalier of Flame,M20-125,M,Near Mint,2.12,,,,,1,2.12,,2.12,https://user-content.cardcastle.co/uploads/card_user/scanned_image/1303e32b-d301-4e48-95ed-0e7813407f5b.jpg,,,,081826-2,,
8247811,Magic,The List Reprints,Bonecrusher Giant,ELD-115,R,Near Mint,0.21,,,,,1,0.21,,0.21,https://user-content.cardcastle.co/uploads/card_user/scanned_image/058bab27-fad2-49f4-9a8f-a9c152488dfb.jpg,,,,081826-2,,
8918069,Magic,Marvel's Spider-Man,Maximum Carnage,83,R,Near Mint,0.81,,,,,1,0.81,,0.81,https://user-content.cardcastle.co/uploads/card_user/scanned_image/ab564a78-74c7-47f4-863c-77fc6c9f690a.jpg,,,,081826-2,,
8914505,Magic,Marvel's Spider-Man,Spinneret and Spiderling,94,R,Near Mint,0.27,,,,,1,0.27,,0.27,https://user-content.cardcastle.co/uploads/card_user/scanned_image/f37aa59f-3fc4-424c-96be-899ec8d89a08.jpg,$0.25,In store,8/20/2026,081826-2,,0.115
8916534,Magic,Marvel Universe Eternal-Legal,Goblin Bombardment (Borderless),23,M,Near Mint,3.64,,,,,1,3.64,,3.64,https://user-content.cardcastle.co/uploads/card_user/scanned_image/60017364-5cf4-47b3-8feb-191c87e63edd.jpg,,,,081826-2,,
8918129,Magic,Marvel's Spider-Man,Maximum Carnage (Borderless),225,R,Near Mint,1.18,,,,,1,1.18,,1.18,https://user-content.cardcastle.co/uploads/card_user/scanned_image/83a979ec-cf00-4fe2-88db-06d1ec6fc637.jpg,,,,081826-2,,
8641524,Magic,Commander: Tarkir: Dragonstorm,Blasphemous Act,207,R,Near Mint,1.03,,,,,1,1.03,,1.03,https://user-content.cardcastle.co/uploads/card_user/scanned_image/ac7accff-0dc6-4ee8-897b-f34865632329.jpg,,,,081826-2,,
4443722,Magic,Core Set 2021,"Gadrak, the Crown-Scourge (Extended Art)",367,R,Near Mint,1.66,,,,,1,1.66,,1.66,https://user-content.cardcastle.co/uploads/card_user/scanned_image/4e5e77d2-6dcf-438d-a6df-36cfc2190f96.jpg,,,,081826-2,,
6727904,Magic,Promo Pack: The Brothers' War,"Feldon, Ronom Excavator",135p,R,Near Mint,,,,,,1,,,,https://user-content.cardcastle.co/uploads/card_user/scanned_image/80c588fc-faa3-4eed-9563-4e6ebd5ac64d.jpg,,,,081826-2,,
8015023,Magic,Duskmourn: House of Horror,Chainsaw (Showcase),314,R,Near Mint,0.96,,,,,1,0.96,,0.96,https://user-content.cardcastle.co/uploads/card_user/scanned_image/0520a5fd-2141-483a-9469-bcbcf3b96d38.jpg,,,,081826-2,,
9001271,Magic,Avatar: The Last Airbender: Eternal-Legal,Reckless Blaze,124,R,Near Mint,0.21,,,,,1,0.21,,0.21,https://user-content.cardcastle.co/uploads/card_user/scanned_image/2e409c59-b674-4440-9dc4-7b3b8d1b3a19.jpg,,,,081826-2,,
4570037,Magic,Zendikar Rising,Wayward Guide-Beast (Extended Art),356,R,Near Mint,0.22,,,,,1,0.22,,0.22,https://user-content.cardcastle.co/uploads/card_user/scanned_image/1462393d-a01e-4c67-a40a-410e143f1fda.jpg,,,,081826-2,,
8641764,Magic,Commander: Tarkir: Dragonstorm,Leyline Tyrant,221,M,Near Mint,2.37,,,,,1,2.37,,2.37,https://user-content.cardcastle.co/uploads/card_user/scanned_image/36e3c357-6534-4fc6-80c7-8f52003591b5.jpg,,,,081826-2,,
7257087,Magic,Commander Masters,Star of Extinction,259,R,Near Mint,2.9,,,,,1,2.9,,2.9,https://user-content.cardcastle.co/uploads/card_user/scanned_image/c0b77882-698d-4245-8563-61e8a2bc17f4.jpg,,,,081826-2,,
8047980,Magic,Bloomburrow,Festival of Embers (Showcase),316,R,Near Mint,0.3,,,,,1,0.3,,0.3,https://user-content.cardcastle.co/uploads/card_user/scanned_image/03dea7db-eaa5-4ff8-9ff5-5a2454f14476.jpg,,,,081826-2,,
4971366,Magic,Modern Horizons 2,Calibrated Blast,118,R,Near Mint,0.18,,,,,1,0.18,,0.18,https://user-content.cardcastle.co/uploads/card_user/scanned_image/d9985b51-33e3-4196-9b42-7059f539fabf.jpg,,,,081826-2,,
4986502,Magic,Modern Horizons 2,Bloodbraid Marauder,116,R,Near Mint,0.25,,,,,1,0.25,,0.25,https://user-content.cardcastle.co/uploads/card_user/scanned_image/0c0b33b9-22cc-4720-9916-ca311b9ef18c.jpg,,,,081826-2,,
7182516,Magic,Universes Beyond: The Lord of the Rings: Tales of Middle-earth,There and Back Again,151,R,Near Mint,7.83,,,,,1,7.83,,7.83,https://user-content.cardcastle.co/uploads/card_user/scanned_image/8b96f1ff-e8f8-4c2f-b912-e3562d31e569.jpg,,,,081826-2,,
4960376,Magic,Modern Horizons 2,Chance Encounter,277,R,Near Mint,0.29,,,,,1,0.29,,0.29,https://user-content.cardcastle.co/uploads/card_user/scanned_image/6d00109b-030c-47e3-8b14-743750b08004.jpg,,,,081826-2,,
7267486,Magic,Commander Masters,Divergent Transformations,216,R,Near Mint,0.37,,,,,1,0.37,,0.37,https://user-content.cardcastle.co/uploads/card_user/scanned_image/59e3c11a-3faa-4cff-a28a-fd5d2299ce17.jpg,,,,081826-2,,
9002771,Magic,Avatar: The Last Airbender: Eternal-Legal,Chakra Meditation,91,R,Near Mint,0.31,,,,,1,0.31,,0.31,https://user-content.cardcastle.co/uploads/card_user/scanned_image/bad47778-5436-4646-9501-1cd09d650e30.jpg,,,,081826-2,,
7181696,Magic,Universes Beyond: The Lord of the Rings: Tales of Middle-earth,Display of Power,119,R,Near Mint,0.35,,,,,1,0.35,,0.35,https://user-content.cardcastle.co/uploads/card_user/scanned_image/352623da-1c1e-47b6-a50f-d196991ccebe.jpg,,,,081826-2,,
8915047,Magic,Marvel's Spider-Man,"Arana, Heart of the Spider (Borderless)",213,R,Near Mint,1.16,,,,,1,1.16,,1.16,https://user-content.cardcastle.co/uploads/card_user/scanned_image/82feeded-731e-426a-ba57-de35ef5ef417.jpg,,,,081826-2,,
8912766,Magic,Marvel's Spider-Man,"Spider-Woman, Stunning Savior (Borderless)",230,R,Near Mint,2.63,,,,,1,2.63,,2.63,https://user-content.cardcastle.co/uploads/card_user/scanned_image/477ed99c-2edb-4c69-a72d-c3250997d8fb.jpg,,,,081826-2,,
8594930,Magic,Marvel's Spider-Man: Eternal-Legal,"Green Goblin, Nemesis (Borderless)",23,R,Near Mint,13.42,,,,,1,13.42,,13.42,https://user-content.cardcastle.co/uploads/card_user/scanned_image/ec019094-c1aa-4460-8271-6162cd6caa6f.jpg,,,,081826-2,,
4225879,Magic,Promo Pack: Throne of Eldraine,Teysa Karlov,212p,R,Near Mint,4.37,,,,,1,4.37,,4.37,https://user-content.cardcastle.co/uploads/card_user/scanned_image/b65235a6-8a94-4037-9a66-20264daa5c2f.jpg,,,,081826-2,,
8594920,Magic,Marvel's Spider-Man: Eternal-Legal,Grasping Tentacles (Borderless),21,R,Near Mint,0.63,,,,,1,0.63,,0.63,https://user-content.cardcastle.co/uploads/card_user/scanned_image/94dae5ec-d273-4bce-9d78-7840860da33a.jpg,,,,081826-2,,
8594945,Magic,Marvel's Spider-Man: Eternal-Legal,Sensational Spider-Man (Borderless),25,R,Near Mint,4.1,,,,,1,4.1,,4.1,https://user-content.cardcastle.co/uploads/card_user/scanned_image/4a1d64c3-0728-49e4-b60b-eb3797b5107b.jpg,,,,081826-2,,
8915872,Magic,Marvel's Spider-Man,Mary Jane Watson,134,R,Near Mint,0.32,,,,,1,0.32,,0.32,https://user-content.cardcastle.co/uploads/card_user/scanned_image/0348b415-3485-4673-88f3-61fc09a94634.jpg,,,,081826-2,,
8915107,Magic,Marvel's Spider-Man,"The Spot, Living Portal",153,R,Near Mint,0.28,,,,,1,0.28,,0.28,https://user-content.cardcastle.co/uploads/card_user/scanned_image/be26ff87-fc97-4ab3-b580-947ffc608733.jpg,,,,081826-2,,
8868969,Magic,Marvel's Spider-Man,Symbiote Spider-Man (Borderless),217,R,Near Mint,1.23,,,,,1,1.23,,1.23,https://user-content.cardcastle.co/uploads/card_user/scanned_image/a1bd7b90-78fc-4630-ba12-c68343e5be23.jpg,,,,081826-2,,
8905690,Magic,Marvel's Spider-Man,Kraven the Hunter,133,R,Near Mint,0.29,,,,,1,0.29,,0.29,https://user-content.cardcastle.co/uploads/card_user/scanned_image/6bbff7ef-9b0a-466a-ac70-f6e502bdaf3e.jpg,,,,081826-2,,
8868779,Magic,Marvel's Spider-Man,Spider-Man 2099 (0205) (Borderless),205,R,Near Mint,2.51,,,,,1,2.51,,2.51,https://user-content.cardcastle.co/uploads/card_user/scanned_image/a16a2ab8-df0a-44af-beda-ae7deb66ecc6.jpg,,,,081826-2,,
8005635,Magic,Universes Beyond: Assassin's Creed,Terminate,98,U,Near Mint,0.37,,,,,1,0.37,,0.37,https://user-content.cardcastle.co/uploads/card_user/scanned_image/e05b2379-792f-4693-b705-8f12bfcc3816.jpg,,,,081826-2,,
8324372,Magic,Foundations,"Kykar, Zephyr Awakener",122,R,Near Mint,0.37,,,,,1,0.37,,0.37,https://user-content.cardcastle.co/uploads/card_user/scanned_image/47063a3b-29f3-4c8e-ab8e-3108fadeb3b7.jpg,,,,081826-2,,
7694913,Magic,Ravnica: Clue Edition,Memory Vampire,38,R,Near Mint,0.3,,,,,1,0.3,,0.3,https://user-content.cardcastle.co/uploads/card_user/scanned_image/0e8c8c1c-c1e3-4509-bea2-7e9c5eae561d.jpg,,,,081826-2,,
8978172,Magic,Avatar: The Last Airbender,"Aang, at the Crossroads",203,R,Near Mint,0.51,,,,,1,0.51,,0.51,https://user-content.cardcastle.co/uploads/card_user/scanned_image/a27a28a3-e5f6-49d8-96c1-f9640b768f2f.jpg,,,,081826-2,,
8979312,Magic,Avatar: The Last Airbender,The Lion-Turtle (Borderless),328,R,Near Mint,0.79,,,,,1,0.79,,0.79,https://user-content.cardcastle.co/uploads/card_user/scanned_image/9c4700da-83ea-433b-9e38-d8e514dde376.jpg,,,,081826-2,,
8978712,Magic,Avatar: The Last Airbender,Earth King's Lieutenant,217,R,Near Mint,0.37,,,,,1,0.37,,0.37,https://user-content.cardcastle.co/uploads/card_user/scanned_image/58d6af78-7c04-4f54-8316-e15706298d46.jpg,,,,081826-2,,
8700860,Magic,Commander: FINAL FANTASY,Emet-Selch of the Third Seat,81,R,Near Mint,0.33,,,,,1,0.33,,0.33,https://user-content.cardcastle.co/uploads/card_user/scanned_image/a8382762-26a8-4b39-91c0-b679934543cc.jpg,,,,081826-2,,
8736621,Magic,FINAL FANTASY,"Tellah, Great Sage",244,R,Near Mint,0.28,,,,,1,0.28,,0.28,https://user-content.cardcastle.co/uploads/card_user/scanned_image/eb8ff82a-040c-46f0-b11b-46639b087039.jpg,,,,081826-2,,
7381739,Magic,The List Reprints,"Oko, the Trickster",ELD-309,M,Near Mint,1.19,,,,,1,1.19,,1.19,https://user-content.cardcastle.co/uploads/card_user/scanned_image/c4a97012-f474-40cb-8301-71768458f91b.jpg,,,,081826-2,,
8725175,Magic,FINAL FANTASY,Serah Farron,240,R,Near Mint,0.7,,,,,1,0.7,,0.7,https://user-content.cardcastle.co/uploads/card_user/scanned_image/56534789-8a17-4167-8af7-995c3396a883.jpg,$0.50,In store,8/21/2026,081826-2,,0.15
8713541,Magic,The List Reprints,"Brenard, Ginger Sculptor",WOC-27,M,Near Mint,1.06,,,,,1,1.06,,1.06,https://user-content.cardcastle.co/uploads/card_user/scanned_image/55bc42de-0f7a-465f-9cdf-9e441f258bd8.jpg,,,,081826-2,,
8991211,Magic,Avatar: The Last Airbender,"Iroh, Tea Master",228,R,Near Mint,0.3,,,,,1,0.3,,0.3,https://user-content.cardcastle.co/uploads/card_user/scanned_image/0f57eca8-533a-4c51-8db3-6b65e47dd08e.jpg,,,,081826-2,,
8979552,Magic,Avatar: The Last Airbender,"Sokka, Tenacious Tactician",242,R,Near Mint,0.55,,,,,1,0.55,,0.55,https://user-content.cardcastle.co/uploads/card_user/scanned_image/a1d46d27-611a-4029-9f04-e19262bc7ca9.jpg,,,,081826-2,,
8785918,Magic,Commander: Edge of Eternities,"Szarel, Genesis Shepherd (Borderless)",4,M,Near Mint,0.53,,,,,1,0.53,,0.53,https://user-content.cardcastle.co/uploads/card_user/scanned_image/5466b8c5-10c9-425a-8093-cbe988fb1d9a.jpg,,,,081826-2,,
4325755,Magic,Promo Pack: Theros Beyond Death,Haktos the Unscarred,218p,R,Near Mint,0.4,,,,,1,0.4,,0.4,https://user-content.cardcastle.co/uploads/card_user/scanned_image/4dad45e7-067f-4157-bd60-4f5bc7d62ef6.jpg,,,,081826-2,,
8785878,Magic,Commander: Edge of Eternities,"Kilo, Apogee Mind (Borderless)",3,M,Near Mint,1.22,,,,,1,1.22,,1.22,https://user-content.cardcastle.co/uploads/card_user/scanned_image/82423503-d9db-425c-bc8c-eed1615e554b.jpg,,,,081826-2,,
4326300,Magic,Promo Pack: Theros Beyond Death,"Dalakos, Crafter of Wonders",212p,R,Near Mint,0.84,,,,,1,0.84,,0.84,https://user-content.cardcastle.co/uploads/card_user/scanned_image/22a8295d-31f0-472a-8623-9aebe99723b5.jpg,,,,081826-2,,
4326205,Magic,Promo Pack: Theros Beyond Death,Dream Trawler,214p,R,Near Mint,0.3,,,,,1,0.3,,0.3,https://user-content.cardcastle.co/uploads/card_user/scanned_image/00d9dfac-899f-4c1b-80bf-9129f0db8655.jpg,,,,081826-2,,
9004941,Magic,Avatar: The Last Airbender,Earthen Ally,177,R,Near Mint,0.24,,,,,1,0.24,,0.24,https://user-content.cardcastle.co/uploads/card_user/scanned_image/5a30cbbe-db89-4e5d-8c2c-7277730bab17.jpg,,,,081826-2,,
8642634,Magic,Commander: Tarkir: Dragonstorm,Harbinger of the Hunt,291,R,Near Mint,0.33,,,,,1,0.33,,0.33,https://user-content.cardcastle.co/uploads/card_user/scanned_image/c84f91f4-723c-4b43-bde2-fd900c32853a.jpg,,,,081826-2,,
6943861,Magic,Phyrexia: All Will Be One,"Malcator, Purity Overseer",208,R,Near Mint,0.31,,,,,1,0.31,,0.31,https://user-content.cardcastle.co/uploads/card_user/scanned_image/3dc00dbf-dbcc-4567-a3a3-d7e519568103.jpg,,,,081826-2,,
8915812,Magic,Marvel's Spider-Man,Cheering Crowd,126,R,Near Mint,0.27,,,,,1,0.27,,0.27,https://user-content.cardcastle.co/uploads/card_user/scanned_image/4d9cc9f9-d205-4a10-ba12-822c0d9e9a6d.jpg,,,,081826-2,,
21435,Magic,Apocalypse,Mystic Snake,112,R,Near Mint,1.63,,,,,1,1.63,,1.63,https://user-content.cardcastle.co/uploads/card_user/scanned_image/be34266b-9e2b-4e85-ab16-4412fc03020f.jpg,,,,081826-2,,
7999885,Magic,Universes Beyond: Assassin's Creed,Jackdaw,58,R,Near Mint,0.35,,,,,1,0.35,,0.35,https://user-content.cardcastle.co/uploads/card_user/scanned_image/66ddc6e8-44c3-476f-9fb6-6517f137ac81.jpg,,,,081826-2,,
TCGplayer Id,Product Line,Set Name,Product Name,Number,Rarity,Condition,TCG Market Price,TCG Direct Low,TCG Low Price With Shipping,TCG Low Price,Total Quantity,Add to Quantity,TCG Marketplace Price,My Store Reserve Quantity,My Store Price,Photo URL,,,,081826-2,,
8910960,Magic,Marvel's Spider-Man,Radioactive Spider (Borderless),212,R,Near Mint Foil,1.06,,,,,1,1.06,,1.06,https://user-content.cardcastle.co/uploads/card_user/scanned_image/24da448c-752d-486f-9e81-62dbadbe851e.jpg,,,,081826-2,,
4605365,Magic,Promo Pack: Zendikar Rising,Maul of the Skyclaves,27p,R,Near Mint Foil,0.49,,,,,1,0.49,,0.49,https://user-content.cardcastle.co/uploads/card_user/scanned_image/9bf4998f-1ef6-4455-bc59-b91f871a0527.jpg,,,,081826-2,,
4967496,Magic,Modern Horizons 2,Patriarch's Bidding,275,R,Near Mint Foil,7.65,,,,,1,7.65,,7.65,https://user-content.cardcastle.co/uploads/card_user/scanned_image/0c6380c3-79dd-4e83-9cf9-cce04b23f471.jpg,,,,081826-2,,
7098345,Magic,March of the Machine: Multiverse Legends,"Imoti, Celebrant of Bounty (Halo Foil)",173,U,Near Mint Foil,2.92,,,,,1,2.92,,2.92,https://user-content.cardcastle.co/uploads/card_user/scanned_image/c16c8432-2df3-4318-89b0-ade263ec8aa8.jpg,,,,081826-2,,
9246132,Magic,Secrets of Strixhaven: Mystical Archive,Veil of Summer,60,R,Near Mint Foil,6.89,,,,,1,6.89,,6.89,https://user-content.cardcastle.co/uploads/card_user/scanned_image/d2026723-d8c7-4769-b32a-f05782b0bc4f.jpg,,,,081826-2,,
8869469,Magic,Marvel's Spider-Man,Island (0190),190,C,Near Mint Foil,0.48,,,,,1,0.48,,0.48,https://user-content.cardcastle.co/uploads/card_user/scanned_image/c4b665bf-af76-46c3-9130-30652e6f2f39.jpg,,,,081826-2,,
7440453,Magic,The Lost Caverns of Ixalan,Mountain (0290),290,C,Near Mint Foil,1.01,,,,,1,1.01,,1.01,https://user-content.cardcastle.co/uploads/card_user/scanned_image/778f5f44-b6f8-4fb8-8bb3-24cabef75b1a.jpg,,,,081826-2,,
8612309,Magic,Tarkir: Dragonstorm,"Neriv, Heart of the Storm",210,M,Near Mint Foil,3.33,,,,,1,3.33,,3.33,https://user-content.cardcastle.co/uploads/card_user/scanned_image/5bf44c8a-f402-4a45-aa63-44f4ad8fbc0e.jpg,,,,081826-2,,
8007785,Magic,Universes Beyond: Assassin's Creed,Desynchronization,16,R,Near Mint Foil,4.93,,,,,3,4.93,,4.93,https://user-content.cardcastle.co/uploads/card_user/scanned_image/bf970f16-138c-4313-8529-a4069846f0b3.jpg,,,,081826-2,,
8008090,Magic,Universes Beyond: Assassin's Creed,Desynchronization (Extended Art),159,R,Near Mint Foil,5.52,,,,,2,5.52,,5.52,https://user-content.cardcastle.co/uploads/card_user/scanned_image/6698beda-6fdf-418f-8231-922604b8815b.jpg,,,,081826-2,,
8973677,Magic,Avatar: The Last Airbender,"Ty Lee, Chi Blocker",76,R,Near Mint Foil,0.46,,,,,1,0.46,,0.46,https://user-content.cardcastle.co/uploads/card_user/scanned_image/bbec767e-6823-4b7e-8b8e-a1b33d1e37d3.jpg,,,,081826-2,,
9005646,Magic,Avatar: The Last Airbender,The Legend of Kyoshi,186,M,Near Mint Foil,6.97,,,,,1,6.97,,6.97,https://user-content.cardcastle.co/uploads/card_user/scanned_image/21fac583-1651-491a-b4aa-2184d3a89b14.jpg,$12.50,,8/21/2026,081826-2,,9.015
8894542,Magic,Avatar: The Last Airbender: Eternal-Legal,"Bumi, Eclectic Earthbender",248,R,Near Mint Foil,8.66,,,,,1,8.66,,8.66,https://user-content.cardcastle.co/uploads/card_user/scanned_image/5fd9d90f-3400-4bae-a0e3-13ad48edb6b6.jpg,,,,081826-2,,
8993573,Magic,Avatar: The Last Airbender,Fire Nation Palace,268,R,Near Mint Foil,2.34,,,,,1,2.34,,2.34,https://user-content.cardcastle.co/uploads/card_user/scanned_image/19a30a6c-f268-4a6b-85f6-f0a2cc6348b5.jpg,,,,081826-2,,
9003096,Magic,Avatar: The Last Airbender: Eternal-Legal,"Lo and Li, Royal Advisors",108,R,Near Mint Foil,0.44,,,,,2,0.44,,0.44,https://user-content.cardcastle.co/uploads/card_user/scanned_image/b44cab7e-8f4e-4e68-8fd1-56b7c4aa9ec7.jpg,,,,081826-2,,
9000696,Magic,Avatar: The Last Airbender: Eternal-Legal,Storm of Memories,126,R,Near Mint Foil,2.66,,,,,1,2.66,,2.66,https://user-content.cardcastle.co/uploads/card_user/scanned_image/3b5bac5a-ce3f-45ed-8272-7d80604aa071.jpg,,,,081826-2,,
8786678,Magic,Edge of Eternities,Plains (0367) (Borderless) (Galaxy Foil),367,C,Near Mint Foil,3.88,,,,,1,3.88,,3.88,https://user-content.cardcastle.co/uploads/card_user/scanned_image/732b88e6-0a37-4651-9e35-9630e62c7d6f.jpg,,,,081826-2,,
8470933,Magic,Innistrad Remastered,"Jace, Unraveler of Secrets",70,M,Near Mint Foil,3.27,,,,,1,3.27,,3.27,https://user-content.cardcastle.co/uploads/card_user/scanned_image/1b7ab717-453d-4a77-9eac-48201517008d.jpg,,,,081826-2,,
7900792,Magic,Modern Horizons 3,Nulldrifter,13,R,Near Mint Foil,1.7,,,,,1,1.7,,1.7,https://user-content.cardcastle.co/uploads/card_user/scanned_image/676200d4-7ce2-4706-a172-83099efa21be.jpg,,,,081826-2,,
8911566,Magic,Marvel's Spider-Man,"Hydro-Man, Fluid Felon",33,R,Near Mint Foil,0.41,,,,,1,0.41,,0.41,https://user-content.cardcastle.co/uploads/card_user/scanned_image/cb8fc79f-c6bf-4396-bba9-1683ea35cdb5.jpg,,,,081826-2,,
9002936,Magic,Avatar: The Last Airbender: Eternal-Legal,Nightmares and Daydreams,94,R,Near Mint Foil,1.12,,,,,1,1.12,,1.12,https://user-content.cardcastle.co/uploads/card_user/scanned_image/44236841-aa1f-4c12-8743-ff6fe7f46043.jpg,,,,081826-2,,
9005466,Magic,Avatar: The Last Airbender,Ba Sing Se,266,R,Near Mint Foil,4.32,,,,,1,4.32,,4.32,https://user-content.cardcastle.co/uploads/card_user/scanned_image/fc1676e2-0a97-45c4-8277-f447ed640b6e.jpg,,,,081826-2,,
6957163,Magic,Phyrexia: All Will Be One,Mirrex,254,R,Near Mint Foil,0.86,,,,,1,0.86,,0.86,https://user-content.cardcastle.co/uploads/card_user/scanned_image/a67c1a43-8fa0-4337-8104-159c3ef9383a.jpg,,,,081826-2,,
7176860,Magic,Commander: The Lord of the Rings: Tales of Middle-earth,"Eowyn, Shieldmaiden",1,M,Near Mint Foil,0.36,,,,,1,0.36,,0.36,https://user-content.cardcastle.co/uploads/card_user/scanned_image/e5cdafcb-3c23-433e-be37-c5e7cee25734.jpg,,,,081826-2,,
1254886,Magic,Khans of Tarkir,Sage of the Inward Eye,195,R,Near Mint Foil,0.74,,,,,1,0.74,,0.74,https://user-content.cardcastle.co/uploads/card_user/scanned_image/c7840536-1378-4371-bcac-26e149850eae.jpg,,,,081826-2,,
8324162,Magic,Foundations,Consuming Aberration,238,R,Near Mint Foil,0.44,,,,,1,0.44,,0.44,https://user-content.cardcastle.co/uploads/card_user/scanned_image/d6dff456-cdba-4a78-a6ce-cb897d4846d0.jpg,,,,081826-2,,
6805206,Magic,Dominaria Remastered,Sol'kanar the Swamp King,200,R,Near Mint Foil,0.27,,,,,1,0.27,,0.27,https://user-content.cardcastle.co/uploads/card_user/scanned_image/542a1b86-040c-44ae-b266-a1ac1a713f68.jpg,,,,081826-2,,
7176780,Magic,Commander: The Lord of the Rings: Tales of Middle-earth,"Galadriel, Elven-Queen",3,M,Near Mint Foil,0.36,,,,,1,0.36,,0.36,https://user-content.cardcastle.co/uploads/card_user/scanned_image/c862d03d-5e69-4e38-8b85-658213f1e025.jpg,,,,081826-2,,
7200650,Magic,Commander: The Lord of the Rings: Tales of Middle-earth,"Gandalf, Westward Voyager",6,M,Near Mint Foil,0.31,,,,,1,0.31,,0.31,https://user-content.cardcastle.co/uploads/card_user/scanned_image/8d94b457-93a9-4671-8448-1ade6a05b03a.jpg,,,,081826-2,,
9242109,Magic,Secrets of Strixhaven,Tragedy Feaster,102,R,Near Mint Foil,0.36,,,,,1,0.36,,0.36,https://user-content.cardcastle.co/uploads/card_user/scanned_image/c2bfd9b4-b950-4406-a56c-eb7f7775459a.jpg,,,,081826-2,,
9001216,Magic,Avatar: The Last Airbender,Agna Qel'a,264,R,Near Mint Foil,1.41,,,,,1,1.41,,1.41,https://user-content.cardcastle.co/uploads/card_user/scanned_image/4aacda5b-7426-4f56-867a-21433c6ecaab.jpg,,,,081826-2,,
9205667,Magic,Secrets of Strixhaven,Stormcarved Coast,263,R,Near Mint Foil,2.5,,,,,1,2.5,,2.5,https://user-content.cardcastle.co/uploads/card_user/scanned_image/033b6ae7-09c9-49ce-af0c-7672f4c41fe7.jpg,,,,081826-2,,
9232505,Magic,Secrets of Strixhaven,Maelstrom Artisan (Extended Art),334,R,Near Mint Foil,0.41,,,,,1,0.41,,0.41,https://user-content.cardcastle.co/uploads/card_user/scanned_image/432b9dc2-ba77-4316-b8ad-3e849c89ffe9.jpg,,,,081826-2,,
8991276,Magic,Avatar: The Last Airbender,"Iroh, Tea Master (Extended Art)",381,R,Near Mint Foil,1.41,,,,,2,1.41,,1.41,https://user-content.cardcastle.co/uploads/card_user/scanned_image/5bdc85e2-6c74-47ad-a6f4-94346b2f4650.jpg,,,,081826-2,,
8462131,Magic,Innistrad Remastered,Captivating Vampire,100,R,Near Mint Foil,4.08,,,,,1,4.08,,4.08,https://user-content.cardcastle.co/uploads/card_user/scanned_image/3dd5604d-5abd-483a-b971-fa23f8a04582.jpg,,,,081826-2,,
8038533,Magic,Bloomburrow,Hearthborn Battler,139,R,Near Mint Foil,0.34,,,,,1,0.34,,0.34,https://user-content.cardcastle.co/uploads/card_user/scanned_image/24379449-071a-4b53-934a-40d2842d9380.jpg,,,,081826-2,,
8870099,Magic,Marvel's Spider-Man,Swamp (0191),191,C,Near Mint Foil,0.63,,,,,1,0.63,,0.63,https://user-content.cardcastle.co/uploads/card_user/scanned_image/da0bef79-d9b0-4f75-b7cf-611dd1143528.jpg,,,,081826-2,,
6912395,Magic,Phyrexia: All Will Be One,Plains (267) - Full Art,267,C,Near Mint Foil,1.85,,,,,2,1.85,,1.85,https://user-content.cardcastle.co/uploads/card_user/scanned_image/53137143-b2ed-4555-94e0-429f3520c993.jpg,,,,081826-2,,
6912475,Magic,Phyrexia: All Will Be One,Mountain (270) - Full Art,270,C,Near Mint Foil,1.68,,,,,1,1.68,,1.68,https://user-content.cardcastle.co/uploads/card_user/scanned_image/5cb56d6b-f5c8-471d-b6a6-c4aab2fbfc9b.jpg,,,,081826-2,,
6912555,Magic,Phyrexia: All Will Be One,Island (268) - Full Art,268,C,Near Mint Foil,1.37,,,,,1,1.37,,1.37,https://user-content.cardcastle.co/uploads/card_user/scanned_image/77116134-e9c0-4524-a426-3357971b236c.jpg,,,,081826-2,,
8705769,Magic,Commander: FINAL FANTASY,Colossus Hammer,338,U,Near Mint Foil,,,,,,1,2.77,,,https://user-content.cardcastle.co/uploads/card_user/scanned_image/50607783-7ff5-4802-b094-a78efd8f904c.jpg,,,,081826-2,,
8706609,Magic,Commander: FINAL FANTASY,Brushland,377,R,Near Mint Foil,,,,,,1,1.18,,,https://user-content.cardcastle.co/uploads/card_user/scanned_image/315a98bd-2561-4f27-ae04-11061fd88fd7.jpg,,,,081826-2,,
8707509,Magic,Commander: FINAL FANTASY,Sungrass Prairie,428,R,Near Mint Foil,,,,,,1,0.35,,,https://user-content.cardcastle.co/uploads/card_user/scanned_image/59d7f905-cf59-4a6d-9b83-9373acd6925b.jpg,,,,081826-2,,
8707299,Magic,Commander: FINAL FANTASY,Rugged Prairie,417,R,Near Mint Foil,,,,,,1,1.1,,,https://user-content.cardcastle.co/uploads/card_user/scanned_image/33ad6e26-945e-4841-a314-a0379d9a246d.jpg,,,,081826-2,,
8704809,Magic,Commander: FINAL FANTASY,Harmonize,308,U,Near Mint Foil,,,,,,1,1.44,,,https://user-content.cardcastle.co/uploads/card_user/scanned_image/cfcb6300-362f-44a8-b346-445a6d84f3b4.jpg,,,,081826-2,,
8707479,Magic,Commander: FINAL FANTASY,Spire of Industry,426,R,Near Mint Foil,,,,,,1,3.3,,,https://user-content.cardcastle.co/uploads/card_user/scanned_image/51c6047c-9d5c-44e3-ad6e-49d941bd87c9.jpg,,,,081826-2,,
8705409,Magic,Commander: FINAL FANTASY,Sacred Peaks,418,C,Near Mint Foil,,,,,,1,0.37,,,https://user-content.cardcastle.co/uploads/card_user/scanned_image/5952c0c2-c79f-4126-9bcf-662a47ba59b8.jpg,,,,081826-2,,
8707599,Magic,Commander: FINAL FANTASY,Sunscorched Divide,433,R,Near Mint Foil,,,,,,1,0.36,,,https://user-content.cardcastle.co/uploads/card_user/scanned_image/ce16ba7b-0054-41d7-99d1-bbde5e6a6b43.jpg,,,,081826-2,,
8706669,Magic,Commander: FINAL FANTASY,Canopy Vista,378,R,Near Mint Foil,,,,,,1,0.52,,,https://user-content.cardcastle.co/uploads/card_user/scanned_image/84ff3f63-5861-4edd-ae8a-3ce0124042ad.jpg,$0.50,,8/21/2026,081826-2,,0.5
8706789,Magic,Commander: FINAL FANTASY,Clifftop Retreat,381,R,Near Mint Foil,,,,,,1,0.78,,,https://user-content.cardcastle.co/uploads/card_user/scanned_image/aba275b3-e74a-4926-a696-3f471994fa44.jpg,,,,081826-2,,
8707119,Magic,Commander: FINAL FANTASY,Furycalm Snarl,397,R,Near Mint Foil,,,,,,1,0.4,,,https://user-content.cardcastle.co/uploads/card_user/scanned_image/2158c61d-62ff-4720-9010-0c72e68c8e29.jpg,,,,081826-2,,
8704989,Magic,Commander: FINAL FANTASY,Rampant Growth,313,C,Near Mint Foil,,,,,,1,1.83,,,https://user-content.cardcastle.co/uploads/card_user/scanned_image/33a5cb5f-7341-4f5c-8fcc-55917909b3b9.jpg,$0.81,,8/17/2026,081826-2,,0.81
7304049,Magic,Commander Masters,Commander's Sphere (Borderless),655,C,Near Mint Foil,0.81,,,,,1,0.81,,0.81,https://user-content.cardcastle.co/uploads/card_user/scanned_image/c2d7b7a6-88aa-4d51-abaa-679a6b61da2e.jpg,,,,081826-2,,
7989674,Magic,Universes Beyond: Assassin's Creed,Rest in Peace,83,R,Near Mint Foil,0.65,,,,,2,0.65,,0.65,https://user-content.cardcastle.co/uploads/card_user/scanned_image/2284309a-b8e0-4734-b3d3-a543327be8bf.jpg,,,,081826-2,,
8741980,Magic,FINAL FANTASY,"Balamb Garden, SeeD Academy (Borderless)",354,R,Near Mint Foil,2.01,,,,,1,2.01,,2.01,https://user-content.cardcastle.co/uploads/card_user/scanned_image/eb801694-3238-4a43-9494-14e2be1a9545.jpg,,,,081826-2,,
8990690,Magic,Avatar: The Last Airbender,Firebender Ascension (Borderless),312,R,Near Mint Foil,3.04,,,,,1,3.04,,3.04,https://user-content.cardcastle.co/uploads/card_user/scanned_image/a18d5c56-4eb9-4347-b8b8-b628f5d9669a.jpg,,,,081826-2,,
8786623,Magic,Edge of Eternities,Forest (0266) (Borderless),266,C,Near Mint Foil,1.59,,,,,4,1.59,,1.59,https://user-content.cardcastle.co/uploads/card_user/scanned_image/016b8418-cd78-49f9-9adb-9a295d373b6d.jpg,,,,081826-2,,
8005240,Magic,Universes Beyond: Assassin's Creed,"Staff of Eden, Vault's Key",76,M,Near Mint Foil,2.78,,,,,1,2.78,,2.78,https://user-content.cardcastle.co/uploads/card_user/scanned_image/7e103838-105d-4d64-a000-e3b46f8eb908.jpg,,,,081826-2,,
8786503,Magic,Edge of Eternities,Swamp (0264) (Borderless),264,C,Near Mint Foil,2.27,,,,,2,2.27,,2.27,https://user-content.cardcastle.co/uploads/card_user/scanned_image/605024c2-1211-4b27-a23e-11265ce36635.jpg,,,,081826-2,,
8835402,Magic,Edge of Eternities,Pinnacle Starcage,27,R,Near Mint Foil,0.36,,,,,1,0.36,,0.36,https://user-content.cardcastle.co/uploads/card_user/scanned_image/ec348611-9375-4b8d-8b1f-0f15aed5f497.jpg,,,,081826-2,,
4464011,Magic,Core Set 2021,Speaker of the Heavens (Extended Art),347,R,Near Mint Foil,2.31,,,,,1,2.31,,2.31,https://user-content.cardcastle.co/uploads/card_user/scanned_image/01a84551-5a98-4f30-a487-abbf9803590b.jpg,,,,081826-2,,
8846341,Magic,Edge of Eternities,Lightstall Inquisitor (Extended Art),320,R,Near Mint Foil,1.1,,,,,1,1.1,,1.1,https://user-content.cardcastle.co/uploads/card_user/scanned_image/f4977880-7dde-4bd0-a400-2b0e468f2fed.jpg,,,,081826-2,,
8207370,Magic,Duskmourn: House of Horror,Ghostly Dancers (Showcase),302,R,Near Mint Foil,0.62,,,,,1,0.62,,0.62,https://user-content.cardcastle.co/uploads/card_user/scanned_image/fe466738-dcc9-420c-a8cb-fd0a87601af5.jpg,,,,081826-2,,
5066650,Magic,Adventures in the Forgotten Realms,Guardian of Faith (Extended Art),362,R,Near Mint Foil,5.58,,,,,1,5.58,,5.58,https://user-content.cardcastle.co/uploads/card_user/scanned_image/85f3d29a-075c-45be-8f0e-c08701509b84.jpg,,,,081826-2,,
5251571,Magic,Unique and Miscellaneous Promos,Sigarda's Summons (VOW Bundle),404,R,Near Mint Foil,0.36,,,,,1,0.36,,0.36,https://user-content.cardcastle.co/uploads/card_user/scanned_image/bab042a1-f809-44c7-b98e-b8a09ff32148.jpg,,,,081826-2,,
9004057,Magic,Avatar: The Last Airbender: Eternal-Legal,Fire Nation Occupation (Extended Art),187,R,Near Mint Foil,1.24,,,,,1,1.24,,1.24,https://user-content.cardcastle.co/uploads/card_user/scanned_image/4c1fbf09-728d-4cba-abe6-dbb4da5952d6.jpg,,,,081826-2,,
8975286,Magic,Avatar: The Last Airbender,Day of Black Sun,94,R,Near Mint Foil,1.54,,,,,1,1.54,,1.54,https://user-content.cardcastle.co/uploads/card_user/scanned_image/ac7ec37b-87f4-4aa6-98dd-55970d366c03.jpg,,,,081826-2,,
8884295,Magic,Avatar: The Last Airbender,"Sokka, Bold Boomeranger (Extended Art)",383,R,Near Mint Foil,0.74,,,,,1,0.74,,0.74,https://user-content.cardcastle.co/uploads/card_user/scanned_image/a8958fa3-8907-45d1-9eb7-367058294009.jpg,,,,081826-2,,
8101463,Magic,Mystery Booster 2 Playtest Cards,Muraganda Eldrazi,519,R,Near Mint,0.21,,,,,1,0.21,,0.21,https://user-content.cardcastle.co/uploads/card_user/scanned_image/29f1f8c4-8a90-40c2-aeaf-199beaa6dd83.jpg,,,,081826-2,,
8101813,Magic,Mystery Booster 2 Playtest Cards,"Chea, Friend to Maybe Too Many",591,R,Near Mint,0.35,,,,,1,0.35,,0.35,https://user-content.cardcastle.co/uploads/card_user/scanned_image/dcc4ee30-a722-4070-932a-79fb873a91a9.jpg,,,,081826-2,,
8101848,Magic,Mystery Booster 2 Playtest Cards,"Pokey, the Scallywagg",600,R,Near Mint,0.24,,,,,1,0.24,,0.24,https://user-content.cardcastle.co/uploads/card_user/scanned_image/d5a5f6e1-e5ff-4785-9ead-b861fc908baa.jpg,,,,081826-2,,
1249893,Magic,From the Vault: Annihilation,Martial Coup,9,M,Near Mint Foil,0.69,,,,,1,0.69,,0.69,https://user-content.cardcastle.co/uploads/card_user/scanned_image/64c7a235-9223-423d-aedc-3f8783a9a5be.jpg,,,,081826-2,,
8990630,Magic,Avatar: The Last Airbender,The Unagi of Kyoshi Island (Borderless),319,R,Near Mint Foil,5.07,,,,,1,5.07,,5.07,https://user-content.cardcastle.co/uploads/card_user/scanned_image/4703ad5a-e39a-4723-bf2b-8b7b6ebb2158.jpg,,,,081826-2,,
8331495,Magic,Foundations,"Krenko, Mob Boss",204,R,Near Mint Foil,3.18,,,,,1,3.18,,3.18,https://user-content.cardcastle.co/uploads/card_user/scanned_image/29200e95-0822-4480-b4d7-bc2d839f09e3.jpg,,,,081826-2,,
8979867,Magic,Avatar: The Last Airbender: Eternal-Legal,Lifelong Friendship - Eladamri's Call (Borderless),48,M,Near Mint Foil,15.46,,,,,1,15.46,,15.46,https://user-content.cardcastle.co/uploads/card_user/scanned_image/2de55f7e-089b-4728-bf66-dce88ffc368d.jpg,,,,081826-2,,
9006012,Magic,Avatar: The Last Airbender,South Pole Voyager,35,R,Near Mint Foil,0.37,,,,,1,0.37,,0.37,https://user-content.cardcastle.co/uploads/card_user/scanned_image/fa83ef65-9c53-4bda-9a0c-b218e7daf5b6.jpg,,,,081826-2,,
9207017,Magic,Secrets of Strixhaven,Exhibition Tidecaller,48,R,Near Mint Foil,0.52,,,,,1,0.52,,0.52,https://user-content.cardcastle.co/uploads/card_user/scanned_image/4a0390d4-9dbc-4b26-a74e-27523c797f55.jpg,,,,081826-2,,
9243191,Magic,Secrets of Strixhaven,Stirring Hopesinger (Extended Art),314,R,Near Mint Foil,0.82,,,,,1,0.82,,0.82,https://user-content.cardcastle.co/uploads/card_user/scanned_image/70a92feb-641d-44d5-ba37-0bc7c8c2d64a.jpg,,,,081826-2,,
9242619,Magic,Secrets of Strixhaven,Vicious Rivalry (Extended Art),359,R,Near Mint Foil,0.47,,,,,1,0.47,,0.47,https://user-content.cardcastle.co/uploads/card_user/scanned_image/1f20ff01-2f5b-4814-bdbd-83f205756451.jpg,,,,081826-2,,
9204057,Magic,Secrets of Strixhaven,The Dawning Archaic,1,M,Near Mint Foil,1.62,,,,,1,1.62,,1.62,https://user-content.cardcastle.co/uploads/card_user/scanned_image/7be7c1aa-0c4c-48af-9350-e8963882cd56.jpg,,,,081826-2,,
9000036,Magic,Avatar: The Last Airbender: Eternal-Legal,"Chong and Lily, Nomads",113,R,Near Mint Foil,0.37,,,,,1,0.37,,0.37,https://user-content.cardcastle.co/uploads/card_user/scanned_image/c31e709f-b853-4789-ae5e-5f5fdd9afe22.jpg,,,,081826-2,,
8634033,Magic,Tarkir: Dragonstorm,Avenger of the Fallen (Borderless),337,R,Near Mint Foil,0.88,,,,,1,0.88,,0.88,https://user-content.cardcastle.co/uploads/card_user/scanned_image/6502f27f-19e4-4c09-9f25-b8a531bd34e6.jpg,,,,081826-2,,
4647871,Magic,Commander Legends,Plague Reaver,143,R,Near Mint Foil,0.37,,,,,1,0.37,,0.37,https://user-content.cardcastle.co/uploads/card_user/scanned_image/204c5250-a5b8-45bf-ab2c-4e8bfe09ac59.jpg,,,,081826-2,,
7515169,Magic,The Lost Caverns of Ixalan,Terror Tide,127,R,Near Mint Foil,0.36,,,,,1,0.36,,0.36,https://user-content.cardcastle.co/uploads/card_user/scanned_image/ba7a0a4a-9eeb-4ea0-8861-76e7b0b6a1b6.jpg,,,,081826-2,,
4570552,Magic,Zendikar Rising,Skyclave Shade,125,R,Near Mint Foil,0.26,,,,,1,0.26,,0.26,https://user-content.cardcastle.co/uploads/card_user/scanned_image/e4d8180f-4913-4314-b616-acf5e879e245.jpg,,,,081826-2,,
5604364,Magic,Commander Legends: Battle for Baldur's Gate,Cultist of the Absolute,123,R,Near Mint Foil,0.66,,,,,1,0.66,,0.66,https://user-content.cardcastle.co/uploads/card_user/scanned_image/f035f98b-0bb6-4943-9485-f071752b7d79.jpg,,,,081826-2,,
9004007,Magic,Avatar: The Last Airbender: Eternal-Legal,Desperate Plea (Extended Art),185,R,Near Mint Foil,0.85,,,,,1,0.85,,0.85,https://user-content.cardcastle.co/uploads/card_user/scanned_image/90ed0df6-8884-40a0-8971-5d5a245f6a43.jpg,,,,081826-2,,
8980522,Magic,Avatar: The Last Airbender,Foggy Swamp Visions (Showcase),339,R,Near Mint Foil,0.84,,,,,1,0.84,,0.84,https://user-content.cardcastle.co/uploads/card_user/scanned_image/5cd49359-4d56-487c-b2b1-5f5fbcddb996.jpg,,,,081826-2,,
8994733,Magic,Avatar: The Last Airbender,Raven Eagle (Borderless),324,R,Near Mint Foil,0.89,,,,,2,0.89,,0.89,https://user-content.cardcastle.co/uploads/card_user/scanned_image/2910b707-f5ee-4ec6-939f-c6f5230a1301.jpg,,,,081826-2,,
8836384,Magic,Edge of Eternities,Sledge-Class Seedship,208,R,Near Mint Foil,0.35,,,,,1,0.35,,0.35,https://user-content.cardcastle.co/uploads/card_user/scanned_image/4cd657e4-d2ad-4d61-afa4-7e766738cd3e.jpg,,,,081826-2,,
9066089,Magic,Lorwyn Eclipsed,Glen Elendra's Answer,52,M,Near Mint Foil,1.74,,,,,1,1.74,,1.74,https://user-content.cardcastle.co/uploads/card_user/scanned_image/b5204136-f88e-410f-85b6-8f72c93e285d.jpg,,,,081826-2,,
1240181,Magic,Duel Decks: Speed vs. Cunning,Arcanis the Omnipotent,42,M,Near Mint Foil,0.45,,,,,1,0.45,,0.45,https://user-content.cardcastle.co/uploads/card_user/scanned_image/8d5f23a3-405b-43fb-a9b3-ec137edddf02.jpg,,,,081826-2,,
9414368,Magic,The Hobbit,Supper for Spiders,86,R,Near Mint Foil,0.47,,,,,1,0.47,,0.47,https://user-content.cardcastle.co/uploads/card_user/scanned_image/2720b058-69a6-4fee-8a01-f63781bdd2e7.jpg,,,,081826-2,,
7675227,Magic,Murders at Karlov Manor,Sharp-Eyed Rookie (Showcase),353,R,Near Mint Foil,0.23,,,,,1,0.23,,0.23,https://user-content.cardcastle.co/uploads/card_user/scanned_image/60171095-03c6-48d9-bb83-2231523523b0.jpg,,,,081826-2,,
8725180,Magic,FINAL FANTASY,Serah Farron,240,R,Near Mint Foil,1.12,,,,,1,1.12,,1.12,https://user-content.cardcastle.co/uploads/card_user/scanned_image/463b7c69-a70f-4822-8b01-79158f717bd8.jpg,$0.50,,8/21/2026,081826-2,,-0.06
8883990,Magic,Avatar: The Last Airbender,"Sokka, Bold Boomeranger",240,R,Near Mint Foil,0.34,,,,,1,0.34,,0.34,https://user-content.cardcastle.co/uploads/card_user/scanned_image/7874c647-52ed-4a76-8f38-c0801bf9fc94.jpg,,,,081826-2,,
7934129,Magic,Commander: Modern Horizons 3,Disa the Restless,1,M,Near Mint Foil,0.23,,,,,1,0.23,,0.23,https://user-content.cardcastle.co/uploads/card_user/scanned_image/22c04ded-d473-4b0e-b40a-f235c31c341a.jpg,,,,081826-2,,
8166704,Magic,Duskmourn: House of Horror,The Swarmweaver (0236),236,R,Near Mint Foil,0.4,,,,,1,0.4,,0.4,https://user-content.cardcastle.co/uploads/card_user/scanned_image/4d33098b-c454-4237-bf50-57d80b922f1f.jpg,,,,081826-2,,
8208635,Magic,Duskmourn: House of Horror,Marina Vendrell,221,R,Near Mint Foil,0.37,,,,,1,0.37,,0.37,https://user-content.cardcastle.co/uploads/card_user/scanned_image/66b6f956-49e6-4493-8e0a-4d020e4e9e0c.jpg,,,,081826-2,,
8913213,Magic,Marvel's Spider-Man,Superior Spider-Man (Extended Art),275,R,Near Mint Foil,3.96,,,,,1,3.96,,3.96,https://user-content.cardcastle.co/uploads/card_user/scanned_image/0e956dc0-5e8b-4778-a72c-cf5cce5c2ab2.jpg,,,,081826-2,,
8870854,Magic,Marvel's Spider-Man,Kraven's Last Hunt,105,R,Near Mint Foil,0.28,,,,,1,0.28,,0.28,https://user-content.cardcastle.co/uploads/card_user/scanned_image/a9226a99-9669-4e6a-a12c-26c3337c8578.jpg,,,,081826-2,,
7523810,Magic,The Lost Caverns of Ixalan,Echoing Deeps,271,R,Near Mint Foil,1.16,,,,,1,1.16,,1.16,https://user-content.cardcastle.co/uploads/card_user/scanned_image/7574d08c-9339-4377-bd77-d3a0efc097bd.jpg,,,,081826-2,,
8395171,Magic,Innistrad Remastered,Huntmaster of the Fells,241,R,Near Mint Foil,0.59,,,,,1,0.59,,0.59,https://user-content.cardcastle.co/uploads/card_user/scanned_image/7f83ced0-4c90-439f-b9eb-68493e261e55.jpg,,,,081826-2,,
8981972,Magic,Avatar: The Last Airbender,Diligent Zookeeper (Borderless),327,R,Near Mint Foil,0.59,,,,,1,0.59,,0.59,https://user-content.cardcastle.co/uploads/card_user/scanned_image/b2edd9b1-d8b4-49d8-8ddd-401f41a5eead.jpg,,,,081826-2,,
8993033,Magic,Avatar: The Last Airbender: Eternal-Legal,Searing Blood (Borderless),35,M,Near Mint Foil,1.77,,,,,1,1.77,,1.77,https://user-content.cardcastle.co/uploads/card_user/scanned_image/f0ce6e61-442e-4b82-b4f8-a7db8ab71175.jpg,,,,081826-2,,
8883930,Magic,Avatar: The Last Airbender,"Katara, Water Tribe's Hope",231,R,Near Mint Foil,0.67,,,,,1,0.67,,0.67,https://user-content.cardcastle.co/uploads/card_user/scanned_image/00507a00-61e0-406a-b3a9-729425dabb6d.jpg,,,,081826-2,,
8977132,Magic,Avatar: The Last Airbender,The Last Agni Kai (Borderless),314,R,Near Mint Foil,4.32,,,,,1,4.32,,4.32,https://user-content.cardcastle.co/uploads/card_user/scanned_image/883656c1-fee4-432c-bbee-8e1c12d28201.jpg,,,,081826-2,,
8992641,Magic,Avatar: The Last Airbender,Elemental Teachings,178,R,Near Mint Foil,0.45,,,,,1,0.45,,0.45,https://user-content.cardcastle.co/uploads/card_user/scanned_image/7834aabd-3f33-4071-aeb5-5feb64324f8f.jpg,,,,081826-2,,
4289536,Magic,Theros Beyond Death,Treacherous Blessing,117,R,Near Mint Foil,0.41,,,,,1,0.41,,0.41,https://user-content.cardcastle.co/uploads/card_user/scanned_image/3f90bf5a-f05a-44a7-a947-ea7124aad843.jpg,,,,081826-2,,
8721034,Magic,FINAL FANTASY: Through the Ages,"Vayne Carudas Solidor - Fynn, the Fangbearer (Showcase)",46,U,Near Mint Foil,0.42,,,,,1,0.42,,0.42,https://user-content.cardcastle.co/uploads/card_user/scanned_image/43bdcad9-4b8a-41da-9665-c58e60fd2c33.jpg,,,,081826-2,,
8976712,Magic,Avatar: The Last Airbender,Ran and Shaw (Borderless),325,R,Near Mint Foil,1.52,,,,,1,1.52,,1.52,https://user-content.cardcastle.co/uploads/card_user/scanned_image/d1de2d0e-3f5a-4852-9a9b-8648f5713b1f.jpg,,,,081826-2,,
8707029,Magic,Commander: FINAL FANTASY,Fortified Village,396,R,Near Mint Foil,,,,,,1,,,,https://user-content.cardcastle.co/uploads/card_user/scanned_image/53b62da1-fa51-4114-b80b-c1ea2305a8b8.jpg,$0.50,,,081826-2,,0.5
8216773,Magic,Duskmourn: House of Horror,Marina Vendrell's Grimoire,64,R,Near Mint Foil,0.34,,,,,1,0.34,,0.34,https://user-content.cardcastle.co/uploads/card_user/scanned_image/706695c2-dcb5-4500-ba85-450b96fcaf1a.jpg,,,,081826-2,,
8802900,Magic,Edge of Eternities,Emissary Escort,56,R,Near Mint Foil,0.27,,,,,1,0.27,,0.27,https://user-content.cardcastle.co/uploads/card_user/scanned_image/53db6792-7051-479e-80f6-5fe397ccddda.jpg,,,,081826-2,,
TCGplayer Id,Product Line,Set Name,Product Name,Number,Rarity,Condition,TCG Market Price,TCG Direct Low,TCG Low Price With Shipping,TCG Low Price,Total Quantity,Add to Quantity,TCG Marketplace Price,My Store Reserve Quantity,My Store Price,Photo URL,,,,081826-2,,
8882593,Magic,Avatar: The Last Airbender,"Yue, the Moon Spirit (Showcase)",338,R,Near Mint Foil,1.94,,,,,1,1.94,,1.94,https://user-content.cardcastle.co/uploads/card_user/scanned_image/b69b10b4-494e-4b2a-a32c-a58fa9cbdb5c.jpg,,,,081826-2,,
8994673,Magic,Avatar: The Last Airbender,Raven Eagle,116,R,Near Mint Foil,0.38,,,,,1,0.38,,0.38,https://user-content.cardcastle.co/uploads/card_user/scanned_image/67d3b776-3aff-4012-a696-0b542863b141.jpg,,,,081826-2,,
8980017,Magic,Avatar: The Last Airbender,"Sokka, Tenacious Tactician (Showcase)",352,R,Near Mint Foil,2.24,,,,,1,2.24,,2.24,https://user-content.cardcastle.co/uploads/card_user/scanned_image/d4fc0adb-f452-4f72-aa1e-56da665e4b29.jpg,,,,081826-2,,
9004542,Magic,Avatar: The Last Airbender: Eternal-Legal,Bison Whistle (Extended Art),202,R,Near Mint Foil,0.31,,,,,1,0.31,,0.31,https://user-content.cardcastle.co/uploads/card_user/scanned_image/9848d91a-866c-48a4-9415-3a0532b7cb5e.jpg,,,,081826-2,,
8990570,Magic,Avatar: The Last Airbender,Firebender Ascension,137,R,Near Mint Foil,1.26,,,,,2,1.26,,1.26,https://user-content.cardcastle.co/uploads/card_user/scanned_image/f30399b3-6b31-4df8-a267-854ad7e8c951.jpg,,,,081826-2,,
9005006,Magic,Avatar: The Last Airbender,Earthen Ally (Extended Art),377,R,Near Mint Foil,0.36,,,,,1,0.36,,0.36,https://user-content.cardcastle.co/uploads/card_user/scanned_image/ef158744-0d5f-47a7-a19a-f7600f6c3e56.jpg,,,,081826-2,,
8977377,Magic,Avatar: The Last Airbender: Eternal-Legal,Fiery Confluence,165,R,Near Mint Foil,3.16,,,,,2,3.16,,3.16,https://user-content.cardcastle.co/uploads/card_user/scanned_image/3edbdf57-03d5-4a56-bdbd-dd7a6f184fec.jpg,,,,081826-2,,
8979197,Magic,Avatar: The Last Airbender,"Iroh, Grand Lotus (Showcase)",349,R,Near Mint Foil,4.26,,,,,1,4.26,,4.26,https://user-content.cardcastle.co/uploads/card_user/scanned_image/898e134f-da09-4d32-a11b-32c68f3819e5.jpg,,,,081826-2,,
9006758,Magic,Avatar: The Last Airbender,Meteor Sword,258,U,Near Mint Foil,0.43,,,,,1,0.43,,0.43,https://user-content.cardcastle.co/uploads/card_user/scanned_image/286593f0-2913-493d-845d-bed67717b802.jpg,,,,081826-2,,
,Magic,Commander Masters,Scytheclaw,615,R,Near Mint Foil,,,,,,1,,,,https://user-content.cardcastle.co/uploads/card_user/scanned_image/a00d32ed-045f-4206-bef9-7314681b1241.jpg,,,,081826-2,,
8979557,Magic,Avatar: The Last Airbender,"Sokka, Tenacious Tactician",242,R,Near Mint Foil,0.67,,,,,2,0.67,,0.67,https://user-content.cardcastle.co/uploads/card_user/scanned_image/ec5c6f68-d686-4dcf-85ed-f1fc5ebd98d3.jpg,,,,081826-2,,
8978837,Magic,Avatar: The Last Airbender,Fire Lord Azula,220,R,Near Mint Foil,2.02,,,,,1,2.02,,2.02,https://user-content.cardcastle.co/uploads/card_user/scanned_image/e2a6b9de-1df5-40be-8518-fdc82ffe6068.jpg,,,,081826-2,,
8921168,Magic,Marvel's Spider-Man,"Arachne, Psionic Weaver",2,R,Near Mint Foil,0.37,,,,,2,0.37,,0.37,https://user-content.cardcastle.co/uploads/card_user/scanned_image/f4982396-0f8c-4760-bffa-1afa69557650.jpg,,,,081826-2,,
8694480,Magic,FINAL FANTASY,"Jill, Shiva's Dominant (Borderless)",378,R,Near Mint Foil,4.82,,,,,1,4.82,,4.82,https://user-content.cardcastle.co/uploads/card_user/scanned_image/8c774e70-e191-41ed-9224-24e06b4cd75d.jpg,,,,081826-2,,
8208300,Magic,Duskmourn: House of Horror,Waltz of Rage,165,R,Near Mint Foil,0.37,,,,,1,0.37,,0.37,https://user-content.cardcastle.co/uploads/card_user/scanned_image/a2c595d0-d3c6-4c70-af7b-d62856a96fd0.jpg,,,,081826-2,,
8736126,Magic,FINAL FANTASY,"Vaan, Street Thief (Borderless)",390,R,Near Mint Foil,1.43,,,,,1,1.43,,1.43,https://user-content.cardcastle.co/uploads/card_user/scanned_image/a73d72d9-ecbd-4ec8-966c-11f340efc14e.jpg,,,,081826-2,,
9004502,Magic,Avatar: The Last Airbender: Eternal-Legal,Storm of Memories (Extended Art),199,R,Near Mint Foil,1.64,,,,,1,1.64,,1.64,https://user-content.cardcastle.co/uploads/card_user/scanned_image/d89ac29e-6ed8-47b1-8143-1d91b5c75b4e.jpg,,,,081826-2,,
7165240,Magic,Universes Beyond: The Lord of the Rings: Tales of Middle-earth,"Eomer, Marshal of Rohan",120,R,Near Mint Foil,1.13,,,,,1,1.13,,1.13,https://user-content.cardcastle.co/uploads/card_user/scanned_image/a68dd5ae-8be4-44b3-996a-b8a6f73fbccc.jpg,,,,081826-2,,
8999576,Magic,Avatar: The Last Airbender: Eternal-Legal,"Suki, Kyoshi Captain (Extended Art)",175,R,Near Mint Foil,0.69,,,,,1,0.69,,0.69,https://user-content.cardcastle.co/uploads/card_user/scanned_image/9a640a9c-3092-47e0-ab30-15bd38091ccb.jpg,,,,081826-2,,
8007785,Magic,Universes Beyond: Assassin's Creed,Desynchronization,16,R,Near Mint Foil,4.93,,,,,1,4.93,,4.93,https://user-content.cardcastle.co/uploads/card_user/scanned_image/31c0ece2-cbc1-4ed2-be9a-a31be9708f17.jpg,,,,081826-2,,
9001836,Magic,Avatar: The Last Airbender: Eternal-Legal,Tale of Katara and Toph,143,R,Near Mint Foil,5.31,,,,,1,5.31,,5.31,https://user-content.cardcastle.co/uploads/card_user/scanned_image/88dbc9c9-b4fd-429e-9e61-0757045a64df.jpg,,,,081826-2,,
8994118,Magic,Avatar: The Last Airbender,Avatar Destiny,165,R,Near Mint Foil,0.37,,,,,1,0.37,,0.37,https://user-content.cardcastle.co/uploads/card_user/scanned_image/f1a83819-cf98-419a-8974-2fe00b123b76.jpg,,,,081826-2,,
8981972,Magic,Avatar: The Last Airbender,Diligent Zookeeper (Borderless),327,R,Near Mint Foil,0.59,,,,,1,0.59,,0.59,https://user-content.cardcastle.co/uploads/card_user/scanned_image/490ed998-5ad0-46d2-a959-00f84ca795ce.jpg,,,,081826-2,,
9004357,Magic,Avatar: The Last Airbender: Eternal-Legal,Overwhelming Victory (Extended Art),196,R,Near Mint Foil,1.48,,,,,1,1.48,,1.48,https://user-content.cardcastle.co/uploads/card_user/scanned_image/a3dc4d74-74ab-4bc1-b22b-bafe35e4cb7a.jpg,,,,081826-2,,
9311805,Magic,Marvel Super Heroes,"Ms. Marvel, Kamala Khan",67,R,Near Mint Foil,0.39,,,,,1,0.39,,0.39,https://user-content.cardcastle.co/uploads/card_user/scanned_image/dac38b0e-fdcf-49b9-8170-43154a33b6e2.jpg,,,,081826-2,,
8008090,Magic,Universes Beyond: Assassin's Creed,Desynchronization (Extended Art),159,R,Near Mint Foil,5.52,,,,,1,5.52,,5.52,https://user-content.cardcastle.co/uploads/card_user/scanned_image/2d3fd8f8-e239-4ec4-a92c-10acaf80ede2.jpg,,,,081826-2,,
1254836,Magic,Khans of Tarkir,Kheru Spellsnatcher,45,R,Near Mint Foil,0.79,,,,,1,0.79,,0.79,https://user-content.cardcastle.co/uploads/card_user/scanned_image/a0100452-8526-4815-864d-06df42f40e29.jpg,,,,081826-2,,
8624991,Magic,Tarkir: Dragonstorm,Kishla Village,259,R,Near Mint Foil,0.4,,,,,2,0.4,,0.4,https://user-content.cardcastle.co/uploads/card_user/scanned_image/8665e558-4b2c-41b3-a155-a920424784e7.jpg,,,,081826-2,,
8921333,Magic,Marvel's Spider-Man,Oscorp Industries (Extended Art),282,R,Near Mint Foil,1.77,,,,,1,1.77,,1.77,https://user-content.cardcastle.co/uploads/card_user/scanned_image/e5063d2e-e76c-4c24-9f21-03039fdccbd2.jpg,,,,081826-2,,
7995156,Magic,Universes Beyond: Assassin's Creed,"Sigurd, Jarl of Ravensthorpe (Showcase)",154,R,Near Mint Foil,0.63,,,,,1,0.63,,0.63,https://user-content.cardcastle.co/uploads/card_user/scanned_image/d0b1d9c5-c7e4-46ba-8d83-e935b9714b39.jpg,,,,081826-2,,
8190821,Magic,Duskmourn: House of Horror,Silent Hallcreeper,72,R,Near Mint Foil,2.22,,,,,1,2.22,,2.22,https://user-content.cardcastle.co/uploads/card_user/scanned_image/8fec0dff-aaf2-43cc-a758-7bac6d442574.jpg,,,,081826-2,,
8047350,Magic,Bloomburrow,Portent of Calamity,66,R,Near Mint Foil,0.31,,,,,1,0.31,,0.31,https://user-content.cardcastle.co/uploads/card_user/scanned_image/32f4bf71-24ec-44ff-b916-30c483f29bc7.jpg,,,,081826-2,,
8623311,Magic,Tarkir: Dragonstorm,Winternight Stories (Borderless),336,R,Near Mint Foil,2.05,,,,,1,2.05,,2.05,https://user-content.cardcastle.co/uploads/card_user/scanned_image/7e2c4e69-cf07-43fd-b282-4796307a9f7a.jpg,,,,081826-2,,
8203544,Magic,Duskmourn: House of Horror,Entity Tracker (0290),290,R,Near Mint Foil,0.82,,,,,1,0.82,,0.82,https://user-content.cardcastle.co/uploads/card_user/scanned_image/5e6166ae-d558-47d8-aaaf-73b5688aeaec.jpg,,,,081826-2,,
8825296,Magic,Edge of Eternities,Weftwalking,86,M,Near Mint Foil,0.4,,,,,1,0.4,,0.4,https://user-content.cardcastle.co/uploads/card_user/scanned_image/626d0187-5657-42e5-bf4b-2d62259a9048.jpg,,,,081826-2,,
8216863,Magic,Duskmourn: House of Horror,Marina Vendrell's Grimoire (Showcase),308,R,Near Mint Foil,0.44,,,,,1,0.44,,0.44,https://user-content.cardcastle.co/uploads/card_user/scanned_image/157f3df5-9fdb-49b5-90aa-9703b92b930e.jpg,,,,081826-2,,
8322762,Magic,Foundations,Lunar Insight,46,R,Near Mint Foil,0.28,,,,,1,0.28,,0.28,https://user-content.cardcastle.co/uploads/card_user/scanned_image/47578b5c-e5c7-46dd-a2c7-e9ed7a670e42.jpg,,,,081826-2,,
8912591,Magic,Marvel's Spider-Man,"Lady Octopus, Inspired Inventor",35,R,Near Mint Foil,1.28,,,,,2,1.28,,1.28,https://user-content.cardcastle.co/uploads/card_user/scanned_image/cb8e1e93-b5ea-4761-ab2b-1dfc3e69a0ef.jpg,,,,081826-2,,
9002656,Magic,Avatar: The Last Airbender: Eternal-Legal,Baboon Spirit,89,R,Near Mint Foil,0.51,,,,,1,0.51,,0.51,https://user-content.cardcastle.co/uploads/card_user/scanned_image/793f1360-9e47-4ed8-83a7-34aae3a74b9d.jpg,,,,081826-2,,
9003836,Magic,Avatar: The Last Airbender: Eternal-Legal,The Blue Spirit (Extended Art),178,R,Near Mint Foil,3.15,,,,,1,3.15,,3.15,https://user-content.cardcastle.co/uploads/card_user/scanned_image/77a31945-0648-4fef-ac47-4ccac2c691ed.jpg,,,,081826-2,,
9010172,Magic,Avatar: The Last Airbender,Abandoned Air Temple (Extended Art),386,R,Near Mint Foil,9.33,,,,,2,9.33,,9.33,https://user-content.cardcastle.co/uploads/card_user/scanned_image/46e4a218-e7f4-408d-934c-78a04c70ec23.jpg,,,,081826-2,,
9005461,Magic,Avatar: The Last Airbender,Ba Sing Se,266,R,Near Mint,3.57,,,,,1,3.57,,3.57,https://user-content.cardcastle.co/uploads/card_user/scanned_image/c476a059-9eed-4d89-8f54-0d65ec7d0524.jpg,,,,081826-2,,
,Magic,Assassin's Creed,Brotherhood Headquarters,266,U,Near Mint Foil,,,,,,1,,,,https://user-content.cardcastle.co/uploads/card_user/scanned_image/cf802d09-f6cb-486d-9c15-c770a7b5b7da.jpg,,,,081826-2,,
8977297,Magic,Avatar: The Last Airbender: Eternal-Legal,"Fang, Roku's Companion",115,R,Near Mint Foil,2.5,,,,,1,2.5,,2.5,https://user-content.cardcastle.co/uploads/card_user/scanned_image/a4a60b67-9c3f-48ec-85eb-965596568d88.jpg,,,,081826-2,,
9005834,Magic,Avatar: The Last Airbender,"Zhao, the Moon Slayer",162,R,Near Mint Foil,0.35,,,,,1,0.35,,0.35,https://user-content.cardcastle.co/uploads/card_user/scanned_image/f6d605a4-f888-4bc6-8411-2edfd87e3ae5.jpg,,,,081826-2,,
8978357,Magic,Avatar: The Last Airbender,"Azula, Cunning Usurper (Borderless)",303,R,Near Mint Foil,2.93,,,,,1,2.93,,2.93,https://user-content.cardcastle.co/uploads/card_user/scanned_image/26cb84a6-2de0-497e-b19b-b22eba2a1d0a.jpg,,,,081826-2,,
8624691,Magic,Tarkir: Dragonstorm,Cori Mountain Monastery,252,R,Near Mint Foil,0.87,,,,,1,0.87,,0.87,https://user-content.cardcastle.co/uploads/card_user/scanned_image/d2ae4b42-ecc8-4e32-af2d-d44fe08d3f4f.jpg,,,,081826-2,,
6932495,Magic,Phyrexia: All Will Be One,"Kaito, Dancing Shadow (Borderless) (Step-and-Compleat Foil)",463,R,Near Mint Foil,2.41,,,,,1,2.41,,2.41,https://user-content.cardcastle.co/uploads/card_user/scanned_image/5255dcf1-4739-4056-b9e4-0273c151dc2a.jpg,,,,081826-2,,
7997822,Magic,Universes Beyond: Assassin's Creed,Aya of Alexandria (Showcase),140,R,Near Mint Foil,1.7,,,,,1,1.7,,1.7,https://user-content.cardcastle.co/uploads/card_user/scanned_image/20310cd5-f6af-4f9b-9354-740f9c68b6d1.jpg,,,,081826-2,,
7994753,Magic,Universes Beyond: Assassin's Creed,Ratonhnhake:ton,62,R,Near Mint Foil,0.33,,,,,1,0.33,,0.33,https://user-content.cardcastle.co/uploads/card_user/scanned_image/7afb4de4-1a6b-4ea6-9774-7bda6e18543f.jpg,,,,081826-2,,
,Magic,Assassin's Creed,Basim Ibn Ishaq,230,R,Near Mint Foil,,,,,,1,,,,https://user-content.cardcastle.co/uploads/card_user/scanned_image/e1e40ad9-1989-4464-85ee-09eb00c0cb10.jpg,,,,081826-2,,
,Magic,Assassin's Creed,Bayek of Siwa,231,R,Near Mint Foil,,,,,,1,,,,https://user-content.cardcastle.co/uploads/card_user/scanned_image/fac70b21-1896-4607-89f6-b001cead6969.jpg,,,,081826-2,,
7997917,Magic,Universes Beyond: Assassin's Creed,Basim Ibn Ishaq,49,R,Near Mint Foil,2.51,,,,,1,2.51,,2.51,https://user-content.cardcastle.co/uploads/card_user/scanned_image/8a428eb8-7b13-4c60-80ec-b9ca6cb171c4.jpg,,,,081826-2,,
,Magic,Assassin's Creed,Aya of Alexandria,229,R,Near Mint Foil,,,,,,1,,,,https://user-content.cardcastle.co/uploads/card_user/scanned_image/0f721dd6-7d6a-4bd0-86c9-69aa05d4cbba.jpg,,,,081826-2,,
9010502,Magic,Avatar: The Last Airbender,Sandbender Scavengers (Extended Art),382,R,Near Mint Foil,0.48,,,,,1,0.48,,0.48,https://user-content.cardcastle.co/uploads/card_user/scanned_image/c0dc14a1-05c1-47be-b7dc-c75441545cb9.jpg,,,,081826-2,,
8324052,Magic,Foundations,Ashroot Animist (Extended Art),478,R,Near Mint Foil,0.38,,,,,1,0.38,,0.38,https://user-content.cardcastle.co/uploads/card_user/scanned_image/20ddd06e-6b69-497c-8041-8c9e8a97634e.jpg,,,,081826-2,,
8166404,Magic,Duskmourn: House of Horror,"Victor, Valgavoth's Seneschal",238,R,Near Mint Foil,0.36,,,,,1,0.36,,0.36,https://user-content.cardcastle.co/uploads/card_user/scanned_image/0216ecf2-993e-4e78-b1e3-62a2f971171d.jpg,,,,081826-2,,
4460081,Magic,Core Set 2021,"Radha, Heart of Keld",224,R,Near Mint Foil,0.55,,,,,1,0.55,,0.55,https://user-content.cardcastle.co/uploads/card_user/scanned_image/0aa8fe21-7199-4898-8486-59a669f43f29.jpg,,,,081826-2,,
8611109,Magic,Tarkir: Dragonstorm,All-Out Assault (Borderless),352,M,Near Mint Foil,3.48,,,,,1,3.48,,3.48,https://user-content.cardcastle.co/uploads/card_user/scanned_image/be18f22c-b770-44d1-94a2-0332887ce8b5.jpg,,,,081826-2,,
8323482,Magic,Foundations,"Kellan, Planar Trailblazer",91,R,Near Mint Foil,0.34,,,,,1,0.34,,0.34,https://user-content.cardcastle.co/uploads/card_user/scanned_image/a0504115-295b-419f-819e-634599cc5197.jpg,,,,081826-2,,
8336990,Magic,Foundations,"Elenda, Saint of Dusk",119,R,Near Mint Foil,0.42,,,,,1,0.42,,0.42,https://user-content.cardcastle.co/uploads/card_user/scanned_image/af580d72-ad54-44bd-8f09-4a8fac244106.jpg,,,,081826-2,,
8625471,Magic,Tarkir: Dragonstorm,Great Arashin City (Borderless),395,R,Near Mint Foil,0.5,,,,,1,0.5,,0.5,https://user-content.cardcastle.co/uploads/card_user/scanned_image/cad97b59-81f1-4e38-9a56-c192fa9117d3.jpg,,,,081826-2,,
8911251,Magic,Marvel's Spider-Man,Interdimensional Web Watch,165,R,Near Mint Foil,0.43,,,,,1,0.43,,0.43,https://user-content.cardcastle.co/uploads/card_user/scanned_image/9ea94946-bcb5-4315-be20-94b3b4f6adb0.jpg,,,,081826-2,,
8914026,Magic,Marvel's Spider-Man,Rocket-Powered Goblin Glider,172,R,Near Mint Foil,0.36,,,,,1,0.36,,0.36,https://user-content.cardcastle.co/uploads/card_user/scanned_image/3ec4c266-6b87-401d-8025-ed521613ccf1.jpg,,,,081826-2,,
7794643,Magic,Universes Beyond: Assassin's Creed,The Animus (Extended Art),168,R,Near Mint Foil,0.44,,,,,1,0.44,,0.44,https://user-content.cardcastle.co/uploads/card_user/scanned_image/db0a048a-6197-4ad5-91f1-7649c9489a90.jpg,,,,081826-2,,
,Magic,Assassin's Creed,The Animus,253,R,Near Mint Foil,,,,,,1,,,,https://user-content.cardcastle.co/uploads/card_user/scanned_image/8a14eafa-6ba7-4c1a-aea5-59d6ef385497.jpg,,,,081826-2,,
8200863,Magic,Duskmourn: House of Horror,"Marvin, Murderous Mimic",253,R,Near Mint Foil,4.38,,,,,1,4.38,,4.38,https://user-content.cardcastle.co/uploads/card_user/scanned_image/f4f1b236-d259-4432-806e-cc762cf4e02e.jpg,,,,081826-2,,
6851686,Magic,Dominaria Remastered,Triskelion,236,R,Near Mint Foil,0.39,,,,,1,0.39,,0.39,https://user-content.cardcastle.co/uploads/card_user/scanned_image/debee34a-95d5-46c5-b051-b4165cce1f6c.jpg,,,,081826-2,,
9206537,Magic,Secrets of Strixhaven,Stormcarved Coast (Borderless),304,R,Near Mint Foil,2.93,,,,,1,2.93,,2.93,https://user-content.cardcastle.co/uploads/card_user/scanned_image/fd20860c-9faa-49a8-af63-60800257496c.jpg,,,,081826-2,,
9208197,Magic,Secrets of Strixhaven,Conciliator's Duelist (Extended Art),348,R,Near Mint Foil,0.32,,,,,1,0.32,,0.32,https://user-content.cardcastle.co/uploads/card_user/scanned_image/4489e3b2-f82c-4836-9360-49a219a2dccf.jpg,,,,081826-2,,
9233863,Magic,Secrets of Strixhaven,Practiced Offense,25,R,Near Mint Foil,1.78,,,,,1,1.78,,1.78,https://user-content.cardcastle.co/uploads/card_user/scanned_image/4dbfa394-24a2-4581-94cf-02a61b07f3f7.jpg,,,,081826-2,,
9203937,Magic,Secrets of Strixhaven,Grave Researcher,85,R,Near Mint Foil,2.47,,,,,1,2.47,,2.47,https://user-content.cardcastle.co/uploads/card_user/scanned_image/94598d15-4d50-47ba-b3c3-0d692da03d4a.jpg,,,,081826-2,,
9203757,Magic,Secrets of Strixhaven,Hardened Academic,194,R,Near Mint Foil,0.57,,,,,1,0.57,,0.57,https://user-content.cardcastle.co/uploads/card_user/scanned_image/fd80e5f6-777a-4d26-9b68-8b608920ac30.jpg,,,,081826-2,,
9232125,Magic,Secrets of Strixhaven,Mana Sculpt (Extended Art),319,R,Near Mint Foil,1.76,,,,,1,1.76,,1.76,https://user-content.cardcastle.co/uploads/card_user/scanned_image/bf7c8b11-d144-4c30-97d8-e46d5b9812d8.jpg,,,,081826-2,,
9000036,Magic,Avatar: The Last Airbender: Eternal-Legal,"Chong and Lily, Nomads",113,R,Near Mint Foil,0.37,,,,,1,0.37,,0.37,https://user-content.cardcastle.co/uploads/card_user/scanned_image/f4955522-2bbf-4db2-91a6-b938e5cba99f.jpg,,,,081826-2,,
9002776,Magic,Avatar: The Last Airbender: Eternal-Legal,Chakra Meditation,91,R,Near Mint Foil,2.3,,,,,1,2.3,,2.3,https://user-content.cardcastle.co/uploads/card_user/scanned_image/5840d772-ce04-4f61-9312-74a8e992f767.jpg,,,,081826-2,,
8993423,Magic,Avatar: The Last Airbender,Jasmine Dragon Tea Shop,270,R,Near Mint Foil,0.8,,,,,1,0.8,,0.8,https://user-content.cardcastle.co/uploads/card_user/scanned_image/bf2c426b-f101-4bf4-8cc7-b423bef7f5e1.jpg,,,,081826-2,,
9004674,Magic,Avatar: The Last Airbender: Eternal-Legal,Tale of Katara and Toph (Extended Art),207,R,Near Mint Foil,4.65,,,,,1,4.65,,4.65,https://user-content.cardcastle.co/uploads/card_user/scanned_image/b622bd51-89f1-4052-b84a-914ebd55c8ed.jpg,,,,081826-2,,
9002716,Magic,Avatar: The Last Airbender: Eternal-Legal,The Blue Spirit,90,R,Near Mint Foil,4.67,,,,,2,4.67,,4.67,https://user-content.cardcastle.co/uploads/card_user/scanned_image/b9474ebe-11e5-44f8-87d2-d3039b6c4b2f.jpg,,,,081826-2,,
8999316,Magic,Avatar: The Last Airbender,Obsessive Pursuit,112,R,Near Mint Foil,0.45,,,,,1,0.45,,0.45,https://user-content.cardcastle.co/uploads/card_user/scanned_image/264ae2b3-be76-4740-bf6e-794ee678dfd7.jpg,,,,081826-2,,
8706729,Magic,Commander: FINAL FANTASY,Cinder Glade,380,R,Near Mint Foil,,,,,,1,,,,https://user-content.cardcastle.co/uploads/card_user/scanned_image/51744310-cb3f-4d3f-bbef-34b184b0e99a.jpg,,,,081826-2,,
9070909,Magic,Lorwyn Eclipsed,Champions of the Perfect,171,R,Near Mint Foil,1.79,,,,,1,1.79,,1.79,https://user-content.cardcastle.co/uploads/card_user/scanned_image/17943c73-fb4b-4560-9dde-522ce2aedaa5.jpg,,,,081826-2,,
7388936,Magic,Commander: Wilds of Eldraine,"Korvold, Gleeful Glutton",26,M,Near Mint Foil,0.89,,,,,1,0.89,,0.89,https://user-content.cardcastle.co/uploads/card_user/scanned_image/bb08e180-b59b-4fb3-9244-ceefa3e96a75.jpg,,,,081826-2,,
8395351,Magic,Innistrad Remastered,Spell Queller (Retro Frame),435,R,Near Mint Foil,0.37,,,,,1,0.37,,0.37,https://user-content.cardcastle.co/uploads/card_user/scanned_image/d5a6e155-a983-48db-af6d-6639cd1636ad.jpg,,,,081826-2,,
8477368,Magic,Innistrad Remastered,Restoration Angel,38,R,Near Mint Foil,0.46,,,,,1,0.46,,0.46,https://user-content.cardcastle.co/uploads/card_user/scanned_image/69be6256-e49a-4b55-bcd4-13d580d2f6b2.jpg,,,,081826-2,,
8466773,Magic,Innistrad Remastered,Bedlam Reveler (Borderless),312,R,Near Mint Foil,0.37,,,,,1,0.37,,0.37,https://user-content.cardcastle.co/uploads/card_user/scanned_image/2b3f4adf-9edd-44f8-b368-ec60de3969bd.jpg,,,,081826-2,,
8395291,Magic,Innistrad Remastered,Spell Queller,248,R,Near Mint Foil,0.33,,,,,1,0.33,,0.33,https://user-content.cardcastle.co/uploads/card_user/scanned_image/d18a7539-0a30-4683-9808-679433eaefee.jpg,,,,081826-2,,
3157399,Magic,Eldritch Moon,Distended Mindbender,3,R,Near Mint Foil,0.49,,,,,1,0.49,,0.49,https://user-content.cardcastle.co/uploads/card_user/scanned_image/3b019438-9179-41c1-83d9-728eb153b2cf.jpg,,,,081826-2,,
,Magic,Assassin's Creed,Terminate,251,U,Near Mint Foil,,,,,,1,,,,https://user-content.cardcastle.co/uploads/card_user/scanned_image/e3932b86-0254-4661-ac0a-bec9cff3f96a.jpg,,,,081826-2,,
8994193,Magic,Avatar: The Last Airbender,Avatar Destiny (Borderless),333,R,Near Mint Foil,1.01,,,,,2,1.01,,1.01,https://user-content.cardcastle.co/uploads/card_user/scanned_image/9c5e495a-6a31-4924-8715-722cf9e89eda.jpg,,,,081826-2,,
8037191,Magic,Bloomburrow,Mistbreath Elder,184,R,Near Mint Foil,0.43,,,,,1,0.43,,0.43,https://user-content.cardcastle.co/uploads/card_user/scanned_image/9550c04d-205e-4e11-ab72-a15f4bd2364b.jpg,,,,081826-2,,
8870854,Magic,Marvel's Spider-Man,Kraven's Last Hunt,105,R,Near Mint Foil,0.28,,,,,2,0.28,,0.28,https://user-content.cardcastle.co/uploads/card_user/scanned_image/c145cd60-846b-4c79-b2ef-9d1206027b3d.jpg,,,,081826-2,,
8905375,Magic,Marvel's Spider-Man,"Sandman, Shifting Scoundrel",112,R,Near Mint Foil,0.45,,,,,2,0.45,,0.45,https://user-content.cardcastle.co/uploads/card_user/scanned_image/15b0fb67-55ba-4ad8-b81a-2560ef3cd8a9.jpg,,,,081826-2,,
8868142,Magic,Marvel's Spider-Man,"Spider-Ham, Peter Porker (Borderless)",201,R,Near Mint Foil,2.07,,,,,1,2.07,,2.07,https://user-content.cardcastle.co/uploads/card_user/scanned_image/e10a2f16-b5c0-480d-bb95-4c0b1bdf2c31.jpg,,,,081826-2,,
8977247,Magic,Buy-A-Box Promos,Firebending Student (Extended Art),393,R,Near Mint Foil,0.58,,,,,1,0.58,,0.58,https://user-content.cardcastle.co/uploads/card_user/scanned_image/c4b11622-0c42-43e5-b3ea-ebfa53c53305.jpg,,,,081826-2,,
8286930,Magic,Foundations,Searslicer Goblin,93,R,Near Mint Foil,1.43,,,,,1,1.43,,1.43,https://user-content.cardcastle.co/uploads/card_user/scanned_image/a3ff6966-3727-47d3-8eb1-43186c09d5fc.jpg,,,,081826-2,,
7947670,Magic,Modern Horizons 3,Eldrazi Linebreaker,117,R,Near Mint Foil,0.37,,,,,1,0.37,,0.37,https://user-content.cardcastle.co/uploads/card_user/scanned_image/507736f8-c8ad-4c47-a8e2-d3f22cc1f10e.jpg,,,,081826-2,,
4967841,Magic,Modern Horizons 2,Glimpse of Tomorrow,129,R,Near Mint Foil,0.39,,,,,1,0.39,,0.39,https://user-content.cardcastle.co/uploads/card_user/scanned_image/01759927-2d3a-4f08-bc6a-e20b4fd24f67.jpg,,,,081826-2,,
8295430,Magic,Foundations,Slagstorm,207,R,Near Mint Foil,0.57,,,,,1,0.57,,0.57,https://user-content.cardcastle.co/uploads/card_user/scanned_image/9d772f47-5379-40ce-a1cd-a72724e3e6d9.jpg,,,,081826-2,,
8918134,Magic,Marvel's Spider-Man,Maximum Carnage (Borderless),225,R,Near Mint Foil,2.11,,,,,2,2.11,,2.11,https://user-content.cardcastle.co/uploads/card_user/scanned_image/b6148eac-a49b-41a4-b856-36c9beb84f50.jpg,,,,081826-2,,
1226626,Magic,Magic 2015 (M15),Siege Dragon,162,R,Near Mint Foil,0.57,,,,,1,0.57,,0.57,https://user-content.cardcastle.co/uploads/card_user/scanned_image/8b5b5926-0236-47b6-9887-c1f97029b17d.jpg,,,,081826-2,,
8352416,Magic,Prerelease Cards,Searslicer Goblin,93s,R,Near Mint Foil,3.19,,,,,1,3.19,,3.19,https://user-content.cardcastle.co/uploads/card_user/scanned_image/7942268a-42e1-4034-9dd3-56ec4d31f4f8.jpg,,,,081826-2,,
7770294,Magic,Universes Beyond: Fallout,White Glove Gourmand,124,U,Near Mint Foil,0.44,,,,,1,0.44,,0.44,https://user-content.cardcastle.co/uploads/card_user/scanned_image/c7941d3a-cd78-4cb2-bb70-7bba94388daa.jpg,,,,081826-2,,
7763449,Magic,Universes Beyond: Fallout,"Moira Brown, Guide Author",110,R,Near Mint Foil,0.31,,,,,1,0.31,,0.31,https://user-content.cardcastle.co/uploads/card_user/scanned_image/e2bd93e6-835f-4df7-8fea-e3ffdf71b00b.jpg,,,,081826-2,,
8691975,Magic,FINAL FANTASY,Aerith Gainsborough,4,R,Near Mint Foil,2.93,,,,,1,2.93,,2.93,https://user-content.cardcastle.co/uploads/card_user/scanned_image/ea409884-bd81-4a23-8251-76a08d5f3230.jpg,,,,081826-2,,
7994277,Magic,Universes Beyond: Assassin's Creed,Haytham Kenway (Showcase),147,R,Near Mint Foil,0.45,,,,,1,0.45,,0.45,https://user-content.cardcastle.co/uploads/card_user/scanned_image/72afcc4f-0902-4d58-a968-2f1acc1aa4ff.jpg,,,,081826-2,,
8842421,Magic,Edge of Eternities,Memorial Vault (Extended Art),336,R,Near Mint Foil,0.31,,,,,1,0.31,,0.31,https://user-content.cardcastle.co/uploads/card_user/scanned_image/d10197fd-c9a4-4aec-b540-c88bc2e344ca.jpg,,,,081826-2,,
8914290,Magic,Marvel's Spider-Man,Shadow of the Goblin,87,R,Near Mint Foil,0.95,,,,,1,0.95,,0.95,https://user-content.cardcastle.co/uploads/card_user/scanned_image/dd625a5f-2aa7-455d-a59e-e6be46486763.jpg,,,,081826-2,,
7178936,Magic,Universes Beyond: The Lord of the Rings: Tales of Middle-earth,Moria Marauder,138,R,Near Mint Foil,2.8,,,,,1,2.8,,2.8,https://user-content.cardcastle.co/uploads/card_user/scanned_image/66f3765c-adcb-400f-9fd9-cfaee0ee632c.jpg,,,,081826-2,,
7991982,Magic,Universes Beyond: Assassin's Creed,Templar Knight,10,U,Near Mint Foil,2.62,,,,,2,2.62,,2.62,https://user-content.cardcastle.co/uploads/card_user/scanned_image/3446aa2f-796d-4497-91dc-a678b8c3591f.jpg,,,,081826-2,,
6679268,Magic,The Brothers' War,Painful Quandary (Extended Art),331,R,Near Mint Foil,5.7,,,,,1,5.7,,5.7,https://user-content.cardcastle.co/uploads/card_user/scanned_image/34d7eba2-bbda-4115-8971-36aee651522b.jpg,,,,081826-2,,
,Magic,Assassin's Creed,Conspiracy,200,R,Near Mint Foil,,,,,,1,,,,https://user-content.cardcastle.co/uploads/card_user/scanned_image/a01525e7-6986-48f6-bb06-7dbe09e16ea8.jpg,,,,081826-2,,
8702169,Magic,Commander: FINAL FANTASY,"Vincent, Vengeful Atoner",64,R,Near Mint Foil,,,,,,1,,,,https://user-content.cardcastle.co/uploads/card_user/scanned_image/b6ba3695-934c-40f0-bbee-345f1fdc258f.jpg,,,,081826-2,,
8706849,Magic,Commander: FINAL FANTASY,Exotic Orchard,390,R,Near Mint Foil,,,,,,1,,,,https://user-content.cardcastle.co/uploads/card_user/scanned_image/da3c6b0d-6971-47e9-b577-d10a4f1f48a8.jpg,,,,081826-2,,
8707209,Magic,Commander: FINAL FANTASY,Mossfire Valley,407,R,Near Mint Foil,,,,,,1,,,,https://user-content.cardcastle.co/uploads/card_user/scanned_image/fb8ae1c4-0f9a-4913-845f-0469f9b595f5.jpg,,,,081826-2,,
8707179,Magic,Commander: FINAL FANTASY,Game Trail,398,R,Near Mint Foil,,,,,,1,,,,https://user-content.cardcastle.co/uploads/card_user/scanned_image/98cc4186-0d41-48fa-986a-8f2d4fcd02fc.jpg,,,,081826-2,,
8702589,Magic,Commander: FINAL FANTASY,"Red XIII, Proud Warrior",91,R,Near Mint Foil,,,,,,1,,,,https://user-content.cardcastle.co/uploads/card_user/scanned_image/e01a9ced-515b-4750-ba9a-5e1235c41022.jpg,,,,081826-2,,
8706519,Magic,Commander: FINAL FANTASY,Bonders' Enclave,376,R,Near Mint Foil,,,,,,1,,,,https://user-content.cardcastle.co/uploads/card_user/scanned_image/399e4d48-f60a-4370-bdac-029054d97558.jpg,,,,081826-2,,
8707929,Magic,Commander: FINAL FANTASY,Radiant Grove,414,C,Near Mint Foil,,,,,,1,,,,https://user-content.cardcastle.co/uploads/card_user/scanned_image/b6674ba0-7eed-4a27-b48a-e662242795bd.jpg,,,,081826-2,,
8702529,Magic,Commander: FINAL FANTASY,"Barret, Avalanche Leader",79,R,Near Mint Foil,,,,,,1,,,,https://user-content.cardcastle.co/uploads/card_user/scanned_image/90e41ba9-b99b-47fb-8c9b-c027646fb6e3.jpg,,,,081826-2,,
9413908,Magic,The Hobbit,"Gandalf, Goblins' Bane",96,M,Near Mint Foil,10.16,,,,,1,10.16,,10.16,https://user-content.cardcastle.co/uploads/card_user/scanned_image/af313d14-85c7-40fd-ac08-e4144b94ade5.jpg,,,,081826-2,,
8326900,Magic,Foundations,Aetherize,151,U,Near Mint Foil,0.61,,,,,1,0.61,,0.61,https://user-content.cardcastle.co/uploads/card_user/scanned_image/f7084f7a-a872-4800-a90d-eceb9ab2aedd.jpg,,,,081826-2,,
,Magic,Assassin's Creed,Rest in Peace,180,R,Near Mint Foil,,,,,,1,,,,https://user-content.cardcastle.co/uploads/card_user/scanned_image/16ab075e-9243-4b3b-91df-68131e4f417a.jpg,,,,081826-2,,
6805461,Magic,Dominaria Remastered,Counterspell,45,C,Near Mint Foil,2.85,,,,,1,2.85,,2.85,https://user-content.cardcastle.co/uploads/card_user/scanned_image/4e0c4767-e140-47fc-b66b-e72e1bca896e.jpg,,,,081826-2,,
,Magic,Fallout,Treasure,18,C,Near Mint Foil,,,,,,1,,,,https://user-content.cardcastle.co/uploads/card_user/scanned_image/cee40128-f522-41cd-b37d-23bd42280710.jpg,,,,081826-2,,
7761694,Magic,Universes Beyond: Fallout,Junk Jet (Extended Art),387,R,Near Mint Foil,1.38,,,,,1,1.38,,1.38,https://user-content.cardcastle.co/uploads/card_user/scanned_image/e2d2416a-28de-41dc-b43f-08d215d8f263.jpg,,,,081826-2,,
8973567,Magic,Avatar: The Last Airbender,"The Mechanist, Aerial Artisan",64,R,Near Mint Foil,0.34,,,,,1,0.34,,0.34,https://user-content.cardcastle.co/uploads/card_user/scanned_image/312803da-9a2c-4cb1-bebb-e63080cc272d.jpg,,,,081826-2,,
9000376,Magic,Avatar: The Last Airbender: Eternal-Legal,Bison Whistle,131,R,Near Mint Foil,0.33,,,,,1,0.33,,0.33,https://user-content.cardcastle.co/uploads/card_user/scanned_image/a1d6d7c7-3865-483d-bb77-db77cb275631.jpg,,,,081826-2,,
8786503,Magic,Edge of Eternities,Swamp (0264) (Borderless),264,C,Near Mint Foil,2.27,,,,,2,2.27,,2.27,https://user-content.cardcastle.co/uploads/card_user/scanned_image/a2148039-eefa-4c4c-b044-a080382dc121.jpg,,,,081826-2,,
8786498,Magic,Edge of Eternities,Swamp (0264) (Borderless),264,C,Near Mint,1.64,,,,,1,1.64,,1.64,https://user-content.cardcastle.co/uploads/card_user/scanned_image/87d372c2-a1a0-4120-a113-3835a10a0fd2.jpg,,,,081826-2,,
8786623,Magic,Edge of Eternities,Forest (0266) (Borderless),266,C,Near Mint Foil,1.59,,,,,1,1.59,,1.59,https://user-content.cardcastle.co/uploads/card_user/scanned_image/561723a8-bc0a-4e78-b7d3-821003bec969.jpg,,,,081826-2,,
7519862,Magic,The Lost Caverns of Ixalan,Resplendent Angel (Borderless),334,M,Near Mint Foil,10.09,,,,,1,10.09,,10.09,https://user-content.cardcastle.co/uploads/card_user/scanned_image/924ac2e1-e67d-4818-83c3-a59ef499af49.jpg,,,,081826-2,,
8579985,Magic,FINAL FANTASY,"Stiltzkin, Moogle Merchant (Borderless)",327,R,Near Mint Foil,3.06,,,,,1,3.06,,3.06,https://user-content.cardcastle.co/uploads/card_user/scanned_image/1a665981-1c16-4610-8d3f-3eb3807b3c70.jpg,,,,081826-2,,
7332847,Magic,Wilds of Eldraine,"Ashiok, Wicked Manipulator (Borderless)",297,M,Near Mint Foil,1.32,,,,,1,1.32,,1.32,https://user-content.cardcastle.co/uploads/card_user/scanned_image/e3dbd88d-aff2-4194-aa98-2b4bb87f5f7b.jpg,,,,081826-2,,
8732186,Magic,FINAL FANTASY,"Jenova, Ancient Calamity",228,R,Near Mint Foil,2,,,,,1,2,,2,https://user-content.cardcastle.co/uploads/card_user/scanned_image/eef5e7b5-4106-4746-aa20-f2d7d2d0d101.jpg,,,,081826-2,,
8699535,Magic,FINAL FANTASY,Balthier and Fran (0393) (Borderless),393,R,Near Mint Foil,1.53,,,,,1,1.53,,1.53,https://user-content.cardcastle.co/uploads/card_user/scanned_image/0a0c6e78-fcea-4931-a1ed-65642d1e8c2f.jpg,,,,081826-2,,
1067781,Magic,Gatecrash,Gruul Ragebeast,170,R,Near Mint Foil,2.59,,,,,1,2.59,,2.59,https://user-content.cardcastle.co/uploads/card_user/scanned_image/2db0d972-cd8c-4bfe-a023-980e548f104f.jpg,,,,081826-2,,
4444207,Magic,Core Set 2021,Basri's Lieutenant (Showcase),288,R,Near Mint Foil,0.26,,,,,1,0.26,,0.26,https://user-content.cardcastle.co/uploads/card_user/scanned_image/fb008a49-9fd7-43cf-89f0-9f8331643113.jpg,,,,081826-2,,
8990408,Magic,Avatar: The Last Airbender,"Suki, Courageous Rescuer (Extended Art)",368,R,Near Mint Foil,1.1,,,,,2,1.1,,1.1,https://user-content.cardcastle.co/uploads/card_user/scanned_image/6584289a-dd28-4bc7-a023-720b6f2e5287.jpg,,,,081826-2,,
8825006,Magic,Edge of Eternities,Sunstar Chaplain (Extended Art),324,R,Near Mint Foil,0.33,,,,,1,0.33,,0.33,https://user-content.cardcastle.co/uploads/card_user/scanned_image/56753b2c-37fb-4335-9ea2-e18894e6f946.jpg,,,,081826-2,,
7974997,Magic,Prerelease Cards,Argent Dais,20s,R,Near Mint Foil,0.48,,,,,1,0.48,,0.48,https://user-content.cardcastle.co/uploads/card_user/scanned_image/45d3f915-83c0-4b67-b703-e088b7526f9c.jpg,,,,081826-2,,
7263630,Magic,Commander Masters,Heavenly Blademaster,28,R,Near Mint Foil,0.55,,,,,1,0.55,,0.55,https://user-content.cardcastle.co/uploads/card_user/scanned_image/979e2f5c-0638-454b-a7c8-e88f770c3c02.jpg,,,,081826-2,,
2828544,Magic,Prerelease Cards,Sunscorch Regent,41s,R,Near Mint Foil,,,,,,1,,,,https://user-content.cardcastle.co/uploads/card_user/scanned_image/922e8284-4945-4335-8549-786af0bed74a.jpg,,,,081826-2,,
8991216,Magic,Avatar: The Last Airbender,"Iroh, Tea Master",228,R,Near Mint Foil,0.38,,,,,1,0.38,,0.38,https://user-content.cardcastle.co/uploads/card_user/scanned_image/c983d8e8-6032-4a37-a84b-b63b77c62e54.jpg,,,,081826-2,,
9001696,Magic,Avatar: The Last Airbender: Eternal-Legal,Lost in Memories,121,R,Near Mint Foil,3.32,,,,,1,3.32,,3.32,https://user-content.cardcastle.co/uploads/card_user/scanned_image/2bfad3da-fc88-4f5b-9090-e30f37f99b28.jpg,,,,081826-2,,
8978717,Magic,Avatar: The Last Airbender,Earth King's Lieutenant,217,R,Near Mint Foil,0.39,,,,,1,0.39,,0.39,https://user-content.cardcastle.co/uploads/card_user/scanned_image/b9c58d28-2eac-409a-9477-7ff6e6101b4c.jpg,,,,081826-2,,
9009897,Magic,Avatar: The Last Airbender: Eternal-Legal,"Fang, Roku's Companion (Extended Art)",193,R,Near Mint Foil,1.07,,,,,2,1.07,,1.07,https://user-content.cardcastle.co/uploads/card_user/scanned_image/51d3bbee-e918-400a-aa4f-1a4d8a88fd38.jpg,,,,081826-2,,
7784255,Magic,Universes Beyond: Fallout,"Strong, the Brutish Thespian (Extended Art)",403,R,Near Mint Foil,2.67,,,,,1,2.67,,2.67,https://user-content.cardcastle.co/uploads/card_user/scanned_image/e7cc507c-a814-4dce-a754-40add2b56b03.jpg,,,,081826-2,,
7771299,Magic,Universes Beyond: Fallout,Heroic Reinforcements,218,U,Near Mint Foil,0.44,,,,,1,0.44,,0.44,https://user-content.cardcastle.co/uploads/card_user/scanned_image/b261afef-7761-47be-969e-f5258bd182cc.jpg,,,,081826-2,,
7784175,Magic,Universes Beyond: Fallout,"Strong, the Brutish Thespian",84,R,Near Mint Foil,0.5,,,,,1,0.5,,0.5,https://user-content.cardcastle.co/uploads/card_user/scanned_image/0d2f8b14-ced8-412d-b2eb-8bd3e0e8a6da.jpg,,,,081826-2,,
7779072,Magic,Universes Beyond: Fallout,Cathedral Acolyte,75,U,Near Mint Foil,3.39,,,,,1,3.39,,3.39,https://user-content.cardcastle.co/uploads/card_user/scanned_image/566f549a-3c3f-44dd-916c-e33abf0495bb.jpg,,,,081826-2,,
7776886,Magic,Universes Beyond: Fallout,Ruthless Radrat,48,U,Near Mint Foil,0.99,,,,,1,0.99,,0.99,https://user-content.cardcastle.co/uploads/card_user/scanned_image/88259a85-fb8b-4584-a517-20607e3fea02.jpg,,,,081826-2,,
8705259,Magic,Commander: FINAL FANTASY,Champion's Helm,337,R,Near Mint Foil,,,,,,1,,,,https://user-content.cardcastle.co/uploads/card_user/scanned_image/694269a0-7026-453b-9d09-20d157a2dc48.jpg,,,,081826-2,,
8702439,Magic,Commander: FINAL FANTASY,Professor Hojo,69,R,Near Mint Foil,,,,,,1,,,,https://user-content.cardcastle.co/uploads/card_user/scanned_image/adf8886d-f11c-40f1-9684-065faba2e457.jpg,,,,081826-2,,
8706489,Magic,Commander: FINAL FANTASY,Battlefield Forge,375,R,Near Mint Foil,,,,,,1,,,,https://user-content.cardcastle.co/uploads/card_user/scanned_image/c9332690-89ad-4997-b435-7a7439024751.jpg,,,,081826-2,,
8705079,Magic,Commander: FINAL FANTASY,Summoning Materia,72,R,Near Mint Foil,,,,,,1,,,,https://user-content.cardcastle.co/uploads/card_user/scanned_image/dc6c51f2-bac3-4c5c-af39-a2999181fe5a.jpg,,,,081826-2,,
8707569,Magic,Commander: FINAL FANTASY,Sunpetal Grove,432,R,Near Mint Foil,,,,,,1,,,,https://user-content.cardcastle.co/uploads/card_user/scanned_image/fd878d67-ed62-4e6f-9547-45ec7df9b190.jpg,,,,081826-2,,
375869,Magic,Planar Chaos,Temporal Extortion,81,R,Lightly Played,18.78,,,,,1,18.78,,18.78,https://user-content.cardcastle.co/uploads/card_user/scanned_image/bd900fa4-70b2-4935-ae4a-3d84954478cf.jpg,,,,081826-2,,
8619615,Magic,Tarkir: Dragonstorm,Tempest Hawk,31,C,Near Mint,0.81,,,,,1,0.81,,0.81,https://user-content.cardcastle.co/uploads/card_user/scanned_image/b6e4e6ed-cd28-4243-9bfa-7291a1f1ac72.jpg,,,,081826-2,,
6791781,Magic,Dominaria Remastered,Grim Lavamancer,126,R,Near Mint Foil,0.31,,,,,1,0.31,,0.31,https://user-content.cardcastle.co/uploads/card_user/scanned_image/3c3b9d46-5548-49fb-859f-2c87e1c0ff03.jpg,,,,081826-2,,
7258257,Magic,Commander Masters,Fiery Confluence,222,R,Near Mint Foil,2.03,,,,,2,2.03,,2.03,https://user-content.cardcastle.co/uploads/card_user/scanned_image/751e09ea-3156-4f19-9c49-47f0146501cb.jpg,,,,081826-2,,
8234041,Magic,Promo Pack: Duskmourn: House of Horror,Chainsaw,128p,R,Near Mint Foil,1.35,,,,,1,1.35,,1.35,https://user-content.cardcastle.co/uploads/card_user/scanned_image/6be0b606-3065-4e18-87c9-98f6ebb9a6d1.jpg,,,,081826-2,,
8015028,Magic,Duskmourn: House of Horror,Chainsaw (Showcase),314,R,Near Mint Foil,1.67,,,,,1,1.67,,1.67,https://user-content.cardcastle.co/uploads/card_user/scanned_image/7e041473-69c0-452e-adad-c54c1dd715b7.jpg,,,,081826-2,,
8918069,Magic,Marvel's Spider-Man,Maximum Carnage,83,R,Near Mint,0.8,,,,,1,0.8,,0.8,https://user-content.cardcastle.co/uploads/card_user/scanned_image/3af49ffc-43a3-4ae1-b350-a10b52867fb4.jpg,,,,081826-2,,
8703519,Magic,Commander: FINAL FANTASY,Ultimate Magic: Holy,32,R,Near Mint Foil,,,,,,1,,,,https://user-content.cardcastle.co/uploads/card_user/scanned_image/e5683f14-c10b-4967-8511-f28008e9bf34.jpg,,,,081826-2,,
8989684,Magic,Avatar: The Last Airbender,"Suki, Courageous Rescuer",37,R,Near Mint Foil,0.4,,,,,1,0.4,,0.4,https://user-content.cardcastle.co/uploads/card_user/scanned_image/88fcb2ed-efd7-493e-a2c7-593410a20fdd.jpg,,,,081826-2,,
8974047,Magic,Avatar: The Last Airbender,Airbender Ascension (Extended Art),364,R,Near Mint Foil,2.41,,,,,1,2.41,,2.41,https://user-content.cardcastle.co/uploads/card_user/scanned_image/5e329ff4-ec57-403d-935d-8a3e4b14571c.jpg,,,,081826-2,,
8976651,Magic,Avatar: The Last Airbender,Ran and Shaw,150,R,Near Mint Foil,0.4,,,,,1,0.4,,0.4,https://user-content.cardcastle.co/uploads/card_user/scanned_image/5fdb48c7-003c-44b4-ade1-a6c1df49f6d3.jpg,,,,081826-2,,
8884165,Magic,Avatar: The Last Airbender,"Katara, Water Tribe's Hope (Showcase)",351,R,Near Mint,1.6,,,,,1,1.6,,1.6,https://user-content.cardcastle.co/uploads/card_user/scanned_image/e02c9782-4911-4d3e-ac99-b69705268bdc.jpg,,,,081826-2,,
4441437,Magic,Core Set 2021,"Gadrak, the Crown-Scourge",146,R,Near Mint Foil,0.53,,,,,1,0.53,,0.53,https://user-content.cardcastle.co/uploads/card_user/scanned_image/4b26a125-2725-452c-af03-d571b045707b.jpg,,,,081826-2,,
8804265,Magic,Edge of Eternities,Rust Harvester (Borderless),310,R,Near Mint Foil,0.4,,,,,1,0.4,,0.4,https://user-content.cardcastle.co/uploads/card_user/scanned_image/29a50092-79a6-4cd0-88e4-c32cce87f3ca.jpg,,,,081826-2,,
5697243,Magic,Double Masters 2022,Anger of the Gods (Borderless),358,R,Near Mint Foil,0.67,,,,,1,0.67,,0.67,https://user-content.cardcastle.co/uploads/card_user/scanned_image/286e009b-7b42-4140-826e-f32179f318f8.jpg,,,,081826-2,,
8295170,Magic,Foundations,Electroduplicate,85,R,Near Mint Foil,0.98,,,,,1,0.98,,0.98,https://user-content.cardcastle.co/uploads/card_user/scanned_image/8125bedd-4431-46d3-bb95-bbe3351d508e.jpg,,,,081826-2,,
6795701,Magic,Dominaria Remastered,Overmaster (Retro Frame),327,R,Near Mint Foil,4.55,,,,,1,4.55,,4.55,https://user-content.cardcastle.co/uploads/card_user/scanned_image/4b840354-f15a-40a2-bdbf-f4347dd19eb1.jpg,,,,081826-2,,
8623851,Magic,Tarkir: Dragonstorm,Magmatic Hellkite (Borderless),380,R,Near Mint Foil,3.82,,,,,1,3.82,,3.82,https://user-content.cardcastle.co/uploads/card_user/scanned_image/7c5b2e1b-3c45-48cc-b6a5-8634cf88ba84.jpg,,,,081826-2,,
5741631,Magic,Dominaria United,"Squee, Dubious Monarch",146,R,Near Mint Foil,0.71,,,,,1,0.71,,0.71,https://user-content.cardcastle.co/uploads/card_user/scanned_image/3573ab5a-95c7-4358-8f63-494460ebfd7b.jpg,,,,081826-2,,
7216253,Magic,Universes Beyond: The Lord of the Rings: Tales of Middle-earth,"Aragorn, Company Leader (Showcase)",316,R,Near Mint Foil,1.66,,,,,1,1.66,,1.66,https://user-content.cardcastle.co/uploads/card_user/scanned_image/a0bc32f8-3341-4094-9ea9-4c01f6a24f1b.jpg,,,,081826-2,,
,Magic,Assassin's Creed,Mary Read and Anne Bonny,242,R,Near Mint Foil,,,,,,1,,,,https://user-content.cardcastle.co/uploads/card_user/scanned_image/c58f953d-91be-431c-b679-4d66386abc95.jpg,,,,081826-2,,
8645979,Magic,Tarkir: Dragonstorm,"Felothar, Dawn of the Abzan",184,R,Near Mint Foil,0.35,,,,,1,0.35,,0.35,https://user-content.cardcastle.co/uploads/card_user/scanned_image/7303de22-21ac-48e6-94eb-be67b1ec59af.jpg,,,,081826-2,,
8634633,Magic,Tarkir: Dragonstorm,Yathan Roadwatcher,236,R,Near Mint Foil,0.22,,,,,1,0.22,,0.22,https://user-content.cardcastle.co/uploads/card_user/scanned_image/6251db5b-78bd-4d83-8be4-e9f8dd9418a3.jpg,,,,081826-2,,
8648255,Magic,Tarkir: Dragonstorm,Lotuslight Dancers,204,R,Near Mint Foil,0.37,,,,,1,0.37,,0.37,https://user-content.cardcastle.co/uploads/card_user/scanned_image/31d4a4b5-8356-4c0b-8234-4eb542577e5d.jpg,,,,081826-2,,
8991276,Magic,Avatar: The Last Airbender,"Iroh, Tea Master (Extended Art)",381,R,Near Mint Foil,1.41,,,,,1,1.41,,1.41,https://user-content.cardcastle.co/uploads/card_user/scanned_image/f7b60693-b3f3-4014-9c35-eba7e8805618.jpg,,,,081826-2,,
8585981,Magic,Tarkir: Dragonstorm,Inevitable Defeat,194,R,Near Mint Foil,0.66,,,,,1,0.66,,0.66,https://user-content.cardcastle.co/uploads/card_user/scanned_image/71f6172d-37e8-48fb-aa9c-cc1afcf8b312.jpg,,,,081826-2,,
8640928,Magic,Tarkir: Dragonstorm,Windcrag Siege (Borderless),392,R,Near Mint Foil,5.19,,,,,1,5.19,,5.19,https://user-content.cardcastle.co/uploads/card_user/scanned_image/715df502-54c7-4c72-bda1-f91451c7574d.jpg,,,,081826-2,,
8918074,Magic,Marvel's Spider-Man,Maximum Carnage,83,R,Near Mint Foil,1.12,,,,,1,1.12,,1.12,https://user-content.cardcastle.co/uploads/card_user/scanned_image/17c5726a-4f98-4eff-8b8a-59647cf282f1.jpg,,,,081826-2,,
9004946,Magic,Avatar: The Last Airbender,Earthen Ally,177,R,Near Mint Foil,0.33,,,,,1,0.33,,0.33,https://user-content.cardcastle.co/uploads/card_user/scanned_image/c9a6fd77-f0af-421a-a4b5-ef4e34a1b115.jpg,,,,081826-2,,
9008966,Magic,Avatar: The Last Airbender: Eternal-Legal,Baboon Spirit (Extended Art),177,R,Near Mint Foil,0.34,,,,,1,0.34,,0.34,https://user-content.cardcastle.co/uploads/card_user/scanned_image/693b2d91-2c22-421f-b83b-8a7e4e7f3106.jpg,,,,081826-2,,
9004447,Magic,Avatar: The Last Airbender: Eternal-Legal,"Smellerbee, Rebel Fighter (Extended Art)",198,R,Near Mint Foil,1.45,,,,,1,1.45,,1.45,https://user-content.cardcastle.co/uploads/card_user/scanned_image/c5afeb17-267a-42cb-ac4c-ba76f100adb1.jpg,,,,081826-2,,
8890882,Magic,Avatar: The Last Airbender: Eternal-Legal,The Terror of Serpent's Pass,225,R,Near Mint Foil,0.39,,,,,1,0.39,,0.39,https://user-content.cardcastle.co/uploads/card_user/scanned_image/f9bd5aba-e9a0-46b3-973d-07f0947c7810.jpg,,,,081826-2,,
8975186,Magic,Avatar: The Last Airbender,Boiling Rock Rioter,87,R,Near Mint Foil,0.33,,,,,1,0.33,,0.33,https://user-content.cardcastle.co/uploads/card_user/scanned_image/6d6e5631-9a85-4bf3-95fa-241994eb601a.jpg,,,,081826-2,,
9008209,Magic,Avatar: The Last Airbender: Eternal-Legal,"Sokka, Swordmaster (Extended Art)",174,M,Near Mint Foil,3.46,,,,,1,3.46,,3.46,https://user-content.cardcastle.co/uploads/card_user/scanned_image/27d30b50-2dcf-4d1d-b550-7a6080d87408.jpg,,,,081826-2,,
8976712,Magic,Avatar: The Last Airbender,Ran and Shaw (Borderless),325,R,Near Mint Foil,1.52,,,,,1,1.52,,1.52,https://user-content.cardcastle.co/uploads/card_user/scanned_image/83e05e58-49a9-4438-aa90-a97c57823a63.jpg,,,,081826-2,,
9010282,Magic,Avatar: The Last Airbender,Realm of Koh,276,R,Near Mint Foil,0.48,,,,,1,0.48,,0.48,https://user-content.cardcastle.co/uploads/card_user/scanned_image/287fbc1e-164d-4564-89c8-7c4e7cf8ce75.jpg,,,,081826-2,,
9236478,Magic,Secrets of Strixhaven,Applied Geometry (Extended Art),343,R,Near Mint Foil,0.49,,,,,1,0.49,,0.49,https://user-content.cardcastle.co/uploads/card_user/scanned_image/cc50eaf9-4b0c-4a83-a686-c07795774945.jpg,,,,081826-2,,
9243011,Magic,Secrets of Strixhaven,Moment of Reckoning,205,R,Near Mint Foil,0.44,,,,,1,0.44,,0.44,https://user-content.cardcastle.co/uploads/card_user/scanned_image/0c37bc0c-8659-477f-a252-b81b511a7bbd.jpg,,,,081826-2,,
9208577,Magic,Secrets of Strixhaven,Wisdom of Ages (Extended Art),323,R,Near Mint Foil,0.5,,,,,1,0.5,,0.5,https://user-content.cardcastle.co/uploads/card_user/scanned_image/411a5ba1-229c-4193-96cb-34dfeae47729.jpg,,,,081826-2,,
9249516,Magic,Secrets of Strixhaven,Pox Plague,94,R,Near Mint Foil,0.34,,,,,1,0.34,,0.34,https://user-content.cardcastle.co/uploads/card_user/scanned_image/e7a1c483-1749-4a95-a354-55173f5df9df.jpg,,,,081826-2,,
8975386,Magic,Avatar: The Last Airbender,The Fire Nation Drill,98,R,Near Mint Foil,0.33,,,,,1,0.33,,0.33,https://user-content.cardcastle.co/uploads/card_user/scanned_image/2edb5a2e-2633-45f4-b120-3dbfd3750353.jpg,,,,081826-2,,
9006237,Magic,Avatar: The Last Airbender: Eternal-Legal,"The Mechanist, Tactical Tinkerer - Lita, Mechanical Engineer (Borderless)",4,M,Near Mint Foil,1.86,,,,,1,1.86,,1.86,https://user-content.cardcastle.co/uploads/card_user/scanned_image/3159a567-476b-499f-bcee-0e8606c60dd0.jpg,,,,081826-2,,
8868909,Magic,Marvel's Spider-Man,Symbiote Spider-Man,156,R,Near Mint Foil,0.52,,,,,1,0.52,,0.52,https://user-content.cardcastle.co/uploads/card_user/scanned_image/20c2ac10-fa66-47d7-b07a-74f2a33a181f.jpg,,,,081826-2,,
7943749,Magic,Modern Horizons 3,Crabomination,85,R,Near Mint Foil,0.37,,,,,1,0.37,,0.37,https://user-content.cardcastle.co/uploads/card_user/scanned_image/cca8d4de-f6bc-49cd-8efd-489fc61b45be.jpg,,,,081826-2,,
4459641,Magic,Core Set 2021,Hooded Blightfang,104,R,Near Mint Foil,0.56,,,,,1,0.56,,0.56,https://user-content.cardcastle.co/uploads/card_user/scanned_image/f4741893-eb65-4d8c-a6e4-045125735cdd.jpg,,,,081826-2,,
8167064,Magic,Duskmourn: House of Horror,Grievous Wound (Extended Art),375,R,Near Mint Foil,1.45,,,,,1,1.45,,1.45,https://user-content.cardcastle.co/uploads/card_user/scanned_image/49612abf-a746-4345-adc1-f9523cc33975.jpg,,,,081826-2,,
8918014,Magic,Marvel's Spider-Man,"Morlun, Devourer of Spiders (Extended Art)",257,R,Near Mint Foil,0.56,,,,,1,0.56,,0.56,https://user-content.cardcastle.co/uploads/card_user/scanned_image/49790963-327e-4247-a89a-1cdbc11b1b45.jpg,,,,081826-2,,
8861315,Magic,Marvel's Spider-Man: Eternal-Legal,"Venom, Eddie Brock",12,M,Near Mint Foil,16.87,,,,,1,16.87,,16.87,https://user-content.cardcastle.co/uploads/card_user/scanned_image/5b60744d-0367-4365-b178-ddcdad937258.jpg,,,,081826-2,,
8917954,Magic,Marvel's Spider-Man,"Morlun, Devourer of Spiders",59,R,Near Mint Foil,0.52,,,,,1,0.52,,0.52,https://user-content.cardcastle.co/uploads/card_user/scanned_image/26115964-257f-481e-8d03-41b12fe76045.jpg,,,,081826-2,,
8914610,Magic,Marvel's Spider-Man,Parker Luck,60,R,Near Mint Foil,0.33,,,,,1,0.33,,0.33,https://user-content.cardcastle.co/uploads/card_user/scanned_image/fff627ac-3905-49f1-96f9-e61a9a648d88.jpg,,,,081826-2,,
8892556,Magic,Avatar: The Last Airbender: Eternal-Legal,Fire Nation Sentinels,230,R,Near Mint Foil,1.87,,,,,1,1.87,,1.87,https://user-content.cardcastle.co/uploads/card_user/scanned_image/6497a452-9b3b-4e31-bace-311950db0c80.jpg,,,,081826-2,,
6938114,Magic,Phyrexia: All Will Be One,"Karumonix, the Rat King (Showcase)",307,R,Near Mint Foil,1.85,,,,,1,1.85,,1.85,https://user-content.cardcastle.co/uploads/card_user/scanned_image/3720a235-4886-431e-9e68-f03cfffecab3.jpg,,,,081826-2,,
4570552,Magic,Zendikar Rising,Skyclave Shade,125,R,Near Mint Foil,0.26,,,,,1,0.26,,0.26,https://user-content.cardcastle.co/uploads/card_user/scanned_image/3a61c018-49c3-4e00-804c-4d6c84e1836f.jpg,,,,081826-2,,
5835334,Magic,The List Reprints,Summon the Pack,25,M,Near Mint Foil,0.54,,,,,1,0.54,,0.54,https://user-content.cardcastle.co/uploads/card_user/scanned_image/f5cf6b20-736d-4457-8f1d-f28c08cabaf8.jpg,,,,081826-2,,
8691850,Magic,FINAL FANTASY,"Kain, Traitorous Dragoon",105,R,Near Mint Foil,0.4,,,,,1,0.4,,0.4,https://user-content.cardcastle.co/uploads/card_user/scanned_image/7889facd-9e61-47f1-bb49-c212136c2d3b.jpg,,,,081826-2,,
8916964,Magic,Marvel's Spider-Man,"Black Cat, Cunning Thief (Borderless)",222,R,Near Mint Foil,1.9,,,,,1,1.9,,1.9,https://user-content.cardcastle.co/uploads/card_user/scanned_image/012d085c-88fa-495e-8dc5-b236c9db6abb.jpg,,,,081826-2,,
,Magic,Assassin's Creed,Royal Assassin,213,R,Near Mint Foil,,,,,,1,,,,https://user-content.cardcastle.co/uploads/card_user/scanned_image/66fd9ef2-faaa-4de0-86a9-27c9aa724181.jpg,,,,081826-2,,
8725080,Magic,FINAL FANTASY,Sazh Katzroy,199,R,Near Mint Foil,1.01,,,,,1,1.01,,1.01,https://user-content.cardcastle.co/uploads/card_user/scanned_image/3217e907-ae56-43c8-9e89-c7e7cacae6bc.jpg,,,,081826-2,,
8870914,Magic,Marvel's Spider-Man,Kraven's Last Hunt (Borderless),226,R,Near Mint Foil,0.35,,,,,1,0.35,,0.35,https://user-content.cardcastle.co/uploads/card_user/scanned_image/05d38fda-474f-41e9-9d00-b80fe056661e.jpg,,,,081826-2,,
8840611,Magic,Edge of Eternities,Loading Zone,196,R,Near Mint Foil,1.92,,,,,1,1.92,,1.92,https://user-content.cardcastle.co/uploads/card_user/scanned_image/bf449f17-9633-49c8-9880-65c903fd1e63.jpg,,,,081826-2,,
8911080,Magic,Unique and Miscellaneous Promos,Radioactive Spider,285,R,Near Mint Foil,0.45,,,,,1,0.45,,0.45,https://user-content.cardcastle.co/uploads/card_user/scanned_image/a01aa3a3-d80d-4661-9e19-60111babdb61.jpg,,,,081826-2,,
8024021,Magic,Bloomburrow,Tender Wildguide,196,R,Near Mint Foil,0.57,,,,,1,0.57,,0.57,https://user-content.cardcastle.co/uploads/card_user/scanned_image/890e2d7f-0229-4513-9a49-4f69d83bae29.jpg,,,,081826-2,,
8167124,Magic,Duskmourn: House of Horror,Twitching Doll,201,R,Near Mint Foil,2.62,,,,,1,2.62,,2.62,https://user-content.cardcastle.co/uploads/card_user/scanned_image/ad15179f-af6e-451e-9a55-85d40c98ab74.jpg,,,,081826-2,,
8176851,Magic,Buy-A-Box Promos,Twitching Doll (Extended Art),417,R,Near Mint Foil,3.03,,,,,1,3.03,,3.03,https://user-content.cardcastle.co/uploads/card_user/scanned_image/8f2c189b-c535-4f0d-8f05-1507ced4a6e2.jpg,,,,081826-2,,
8343645,Magic,Foundations,Sylvan Scavenging,113,R,Near Mint Foil,0.39,,,,,1,0.39,,0.39,https://user-content.cardcastle.co/uploads/card_user/scanned_image/7f7f128e-0722-49dc-a748-5c5733daf7b3.jpg,,,,081826-2,,
8586101,Magic,Tarkir: Dragonstorm,"Shiko, Paragon of the Way",223,M,Near Mint Foil,1.56,,,,,1,1.56,,1.56,https://user-content.cardcastle.co/uploads/card_user/scanned_image/972115fd-ab4d-42ec-a46e-57927740d774.jpg,,,,081826-2,,
7167170,Magic,Universes Beyond: The Lord of the Rings: Tales of Middle-earth,"Legolas, Master Archer",173,R,Near Mint Foil,0.71,,,,,1,0.71,,0.71,https://user-content.cardcastle.co/uploads/card_user/scanned_image/bd15a98a-d971-4a81-a4b9-e458d3c4de1e.jpg,,,,081826-2,,
4454361,Magic,Core Set 2021,Garruk's Harbinger (Showcase),307,R,Near Mint Foil,0.29,,,,,1,0.29,,0.29,https://user-content.cardcastle.co/uploads/card_user/scanned_image/16b9af62-60ce-41cc-9bd4-81e8abec586a.jpg,,,,081826-2,,
4453691,Magic,Core Set 2021,Garruk's Harbinger,185,R,Near Mint Foil,0.21,,,,,1,0.21,,0.21,https://user-content.cardcastle.co/uploads/card_user/scanned_image/a6f5904b-9baa-4b26-ad99-26e9e0018856.jpg,,,,081826-2,,
6911275,Magic,Phyrexia: All Will Be One,"Jor Kadeen, First Goldwarden",203,R,Near Mint Foil,0.34,,,,,1,0.34,,0.34,https://user-content.cardcastle.co/uploads/card_user/scanned_image/427adf8e-8c26-4581-bae5-8a37f051016f.jpg,,,,081826-2,,
8332655,Magic,Foundations,"Koma, World-Eater (Extended Art)",480,R,Near Mint Foil,2.01,,,,,1,2.01,,2.01,https://user-content.cardcastle.co/uploads/card_user/scanned_image/d5dbca94-c901-4fc0-a592-879e9eb6eef3.jpg,,,,081826-2,,
8805692,Magic,Edge of Eternities,"Sami, Wildcat Captain (Borderless)",301,M,Near Mint Foil,9.31,,,,,1,9.31,,9.31,https://user-content.cardcastle.co/uploads/card_user/scanned_image/811280cd-126f-4de4-b307-0c79b881e1f0.jpg,,,,081826-2,,
8528134,Magic,Aetherdrift,"Samut, the Driving Force (First-Place Foil)",492,R,Near Mint Foil,1.24,,,,,1,1.24,,1.24,https://user-content.cardcastle.co/uploads/card_user/scanned_image/f67455ad-4f2d-4ff1-8909-bf81ed5d8a6b.jpg,,,,081826-2,,
8697735,Magic,FINAL FANTASY,Balthier and Fran,213,R,Near Mint Foil,0.37,,,,,1,0.37,,0.37,https://user-content.cardcastle.co/uploads/card_user/scanned_image/743c75cf-4177-487d-a70e-332593ebc1f9.jpg,,,,081826-2,,
8581015,Magic,Commander: FINAL FANTASY,"Cloud, Ex-SOLDIER",2,M,Near Mint Foil,0.52,,,,,1,0.52,,0.52,https://user-content.cardcastle.co/uploads/card_user/scanned_image/e1a46407-d71d-4313-bf32-cee2ea30cb9d.jpg,,,,081826-2,,
8690050,Magic,Commander: FINAL FANTASY,"Tifa, Martial Artist",6,M,Near Mint Foil,0.77,,,,,1,0.77,,0.77,https://user-content.cardcastle.co/uploads/card_user/scanned_image/5a04d7eb-50b1-4611-b0ca-4e0711faefc7.jpg,,,,081826-2,,
8912711,Magic,Marvel's Spider-Man,"Spider-Woman, Stunning Savior",152,R,Near Mint Foil,1.85,,,,,1,1.85,,1.85,https://user-content.cardcastle.co/uploads/card_user/scanned_image/aae77375-1769-4a8d-a04e-ebff0fa0444e.jpg,,,,081826-2,,
8915817,Magic,Marvel's Spider-Man,Cheering Crowd,126,R,Near Mint Foil,0.33,,,,,1,0.33,,0.33,https://user-content.cardcastle.co/uploads/card_user/scanned_image/aae4a62b-5ea6-4bc8-9e92-bcaa6e2c1a12.jpg,,,,081826-2,,
8905695,Magic,Marvel's Spider-Man,Kraven the Hunter,133,R,Near Mint Foil,0.37,,,,,1,0.37,,0.37,https://user-content.cardcastle.co/uploads/card_user/scanned_image/50daaa99-ef77-4ea3-b22e-0d5a9de96856.jpg,,,,081826-2,,
8161584,Magic,Duskmourn: House of Horror,"Winter, Misanthropic Guide",240,R,Near Mint Foil,0.32,,,,,1,0.32,,0.32,https://user-content.cardcastle.co/uploads/card_user/scanned_image/3f2eb740-f1ac-4b83-8489-348c621b8bb6.jpg,,,,081826-2,,
4601870,Magic,Commander: Zendikar Rising,"Anowon, the Ruin Thief (Extended Art)",7,M,Near Mint Foil,2.23,,,,,1,2.23,,2.23,https://user-content.cardcastle.co/uploads/card_user/scanned_image/22c6b4ab-a090-41ad-909d-22bce11a767d.jpg,,,,081826-2,,
8324282,Magic,Foundations,"Kykar, Zephyr Awakener (Borderless)",348,R,Near Mint Foil,2,,,,,1,2,,2,https://user-content.cardcastle.co/uploads/card_user/scanned_image/7df96706-62f9-44c9-a669-91426d2ee0ef.jpg,,,,081826-2,,
8041919,Magic,Bloomburrow,Lunar Convocation,223,R,Near Mint Foil,0.77,,,,,1,0.77,,0.77,https://user-content.cardcastle.co/uploads/card_user/scanned_image/5abcb122-db81-4f9f-91fe-56982143d0c6.jpg,,,,081826-2,,
8166704,Magic,Duskmourn: House of Horror,The Swarmweaver (0236),236,R,Near Mint Foil,0.4,,,,,1,0.4,,0.4,https://user-content.cardcastle.co/uploads/card_user/scanned_image/bd79f155-b369-4242-8ae6-376b0fe6a336.jpg,,,,081826-2,,
7988969,Magic,Universes Beyond: Assassin's Creed,"Kassandra, Eagle Bearer",59,M,Near Mint Foil,2.71,,,,,1,2.71,,2.71,https://user-content.cardcastle.co/uploads/card_user/scanned_image/6eb73135-a054-4a4d-a7ea-0aaa1d624e65.jpg,,,,081826-2,,
5833657,Magic,Unfinity,The Most Dangerous Gamer (Showcase) (Galaxy Foil),517,R,Near Mint Foil,0.6,,,,,1,0.6,,0.6,https://user-content.cardcastle.co/uploads/card_user/scanned_image/063a7fdb-02fa-40af-8f17-14d894a85230.jpg,,,,081826-2,,
8161284,Magic,Duskmourn: House of Horror,Peer Past the Veil,226,R,Near Mint Foil,0.25,,,,,1,0.25,,0.25,https://user-content.cardcastle.co/uploads/card_user/scanned_image/6bc1db7d-40f0-43d4-9fdd-46f1d0a01d7a.jpg,,,,081826-2,,
8162004,Magic,Commander: Duskmourn: House of Horror,"Aminatou, Veil Piercer (Borderless)",1,M,Near Mint Foil,0.44,,,,,1,0.44,,0.44,https://user-content.cardcastle.co/uploads/card_user/scanned_image/06e981a9-6a0b-4451-a54c-a87efb4c75c8.jpg,,,,081826-2,,
5830439,Magic,Unfinity,"Vorthos, Steward of Myth",126,M,Near Mint Foil,0.27,,,,,1,0.27,,0.27,https://user-content.cardcastle.co/uploads/card_user/scanned_image/75a06cef-065e-4a03-a35b-b3ec98f713c6.jpg,,,,081826-2,,
7170115,Magic,Universes Beyond: The Lord of the Rings: Tales of Middle-earth,Saruman of Many Colors,223,M,Near Mint Foil,1.69,,,,,1,1.69,,1.69,https://user-content.cardcastle.co/uploads/card_user/scanned_image/f30712db-d936-42df-a953-b2769bb22c69.jpg,,,,081826-2,,
8629555,Magic,Tarkir: Dragonstorm,New Way Forward,211,R,Near Mint Foil,0.3,,,,,1,0.3,,0.3,https://user-content.cardcastle.co/uploads/card_user/scanned_image/0b1513a7-7080-46ee-9422-9937dff9bf3e.jpg,,,,081826-2,,
8906555,Magic,Marvel's Spider-Man,Ultimate Green Goblin (Extended Art),276,R,Near Mint Foil,0.8,,,,,1,0.8,,0.8,https://user-content.cardcastle.co/uploads/card_user/scanned_image/3f532f18-f18c-4550-bc12-ae9acbd0b278.jpg,,,,081826-2,,
8862145,Magic,Marvel's Spider-Man,Spider-Man 2099,150,R,Near Mint Foil,0.82,,,,,2,0.82,,0.82,https://user-content.cardcastle.co/uploads/card_user/scanned_image/7b76fdc0-afd3-4cdb-a9d6-f0792658f940.jpg,,,,081826-2,,
8868974,Magic,Marvel's Spider-Man,Symbiote Spider-Man (Borderless),217,R,Near Mint Foil,1.81,,,,,1,1.81,,1.81,https://user-content.cardcastle.co/uploads/card_user/scanned_image/64fae1d3-0827-470a-90c1-0930184c302b.jpg,,,,081826-2,,
8915172,Magic,Marvel's Spider-Man,"The Spot, Living Portal (Borderless)",231,R,Near Mint Foil,0.57,,,,,1,0.57,,0.57,https://user-content.cardcastle.co/uploads/card_user/scanned_image/11cb3f70-2199-4a3d-8163-29365045ae3f.jpg,,,,081826-2,,
9009957,Magic,Avatar: The Last Airbender,Sandbender Scavengers,239,R,Near Mint Foil,0.34,,,,,1,0.34,,0.34,https://user-content.cardcastle.co/uploads/card_user/scanned_image/7f155b07-e48d-449d-b5da-0973fbef9d76.jpg,,,,081826-2,,
8917854,Magic,Marvel's Spider-Man,"Jackal, Genius Geneticist (Extended Art)",272,R,Near Mint Foil,0.4,,,,,1,0.4,,0.4,https://user-content.cardcastle.co/uploads/card_user/scanned_image/aa97ecdb-bf83-4618-84cd-5be7aee7b2a5.jpg,,,,081826-2,,
8917894,Magic,Marvel's Spider-Man,"Jackal, Genius Geneticist",131,R,Near Mint Foil,0.35,,,,,1,0.35,,0.35,https://user-content.cardcastle.co/uploads/card_user/scanned_image/5fa2afba-45bf-4117-a39b-9465281da06b.jpg,,,,081826-2,,
8922343,Magic,Marvel's Spider-Man,Biorganic Carapace (Extended Art),269,R,Near Mint Foil,0.61,,,,,1,0.61,,0.61,https://user-content.cardcastle.co/uploads/card_user/scanned_image/560c26ec-bcb1-4804-8e20-b581b5e3a5b7.jpg,,,,081826-2,,
8905515,Magic,Marvel's Spider-Man,"Carnage, Crimson Chaos",125,R,Near Mint Foil,2.55,,,,,1,2.55,,2.55,https://user-content.cardcastle.co/uploads/card_user/scanned_image/124c6a78-a2c5-4b51-ba48-cf89462790f3.jpg,,,,081826-2,,
8913966,Magic,Marvel's Spider-Man,"Scarlet Spider, Ben Reilly (Borderless)",214,R,Near Mint Foil,1.03,,,,,1,1.03,,1.03,https://user-content.cardcastle.co/uploads/card_user/scanned_image/d5f82dc1-3bea-4cc7-9b34-244702fe28a8.jpg,,,,081826-2,,
8887295,Magic,Promo Pack: Edge of Eternities,The Necrobloom,194p,R,Near Mint Foil,1.62,,,,,1,1.62,,1.62,https://user-content.cardcastle.co/uploads/card_user/scanned_image/a85a4930-e53e-4600-843d-cf5f6b2eb9c3.jpg,,,,081826-2,,
7166160,Magic,Universes Beyond: The Lord of the Rings: Tales of Middle-earth,"Gimli, Mournful Avenger",209,R,Near Mint Foil,0.32,,,,,1,0.32,,0.32,https://user-content.cardcastle.co/uploads/card_user/scanned_image/38f3f5bb-daae-419d-ba52-a8f1ea47a9c7.jpg,,,,081826-2,,
7832979,Magic,Outlaws of Thunder Junction,"Taii Wakeen, Perfect Shot",234,R,Near Mint Foil,0.34,,,,,1,0.34,,0.34,https://user-content.cardcastle.co/uploads/card_user/scanned_image/5acaf008-f5f4-4253-a26e-1d8f1df10cdd.jpg,,,,081826-2,,
9425955,Magic,The Hobbit,Head of the Hunt,75,R,Near Mint Foil,0.43,,,,,1,0.43,,0.43,https://user-content.cardcastle.co/uploads/card_user/scanned_image/dbfd84dc-5d30-4a74-8929-d5e6780bb8e2.jpg,,,,081826-2,,
8841211,Magic,Edge of Eternities,Memorial Vault,145,R,Near Mint Foil,0.26,,,,,1,0.26,,0.26,https://user-content.cardcastle.co/uploads/card_user/scanned_image/a06dc148-8955-4bad-b072-74b844d074b9.jpg,,,,081826-2,,
7925999,Magic,Modern Horizons 3,Powerbalance,131,R,Near Mint Foil,0.44,,,,,1,0.44,,0.44,https://user-content.cardcastle.co/uploads/card_user/scanned_image/a70b9a4e-7cc5-4b22-9e5b-4855f033dd3c.jpg,,,,081826-2,,
3332374,Magic,Prerelease Cards,Failure // Comply,221s,R,Near Mint Foil,,,,,,1,,,,https://user-content.cardcastle.co/uploads/card_user/scanned_image/deb3da12-3cd8-4f08-869c-e903da995c5f.jpg,,,,081826-2,,
7949350,Magic,Modern Horizons 3,Ripples of Undeath,107,R,Near Mint Foil,7.32,,,,,1,7.32,,7.32,https://user-content.cardcastle.co/uploads/card_user/scanned_image/a6b23cca-318b-4c3b-982b-3c0e48bb2783.jpg,,,,081826-2,,
8725899,Magic,FINAL FANTASY,"Lindblum, Industrial Regency",285,R,Near Mint Foil,3.25,,,,,1,3.25,,3.25,https://user-content.cardcastle.co/uploads/card_user/scanned_image/8749ae14-569a-416b-a7a9-eac3999b84bf.jpg,,,,081826-2,,
8485462,Magic,Innistrad Remastered,Wedding Announcement (Retro Frame),453,R,Near Mint Foil,0.35,,,,,1,0.35,,0.35,https://user-content.cardcastle.co/uploads/card_user/scanned_image/5e52879f-6448-4835-8c3c-edefe22e4992.jpg,,,,081826-2,,
8521402,Magic,Aetherdrift,"Far Fortune, End Boss (Borderless)",363,R,Near Mint Foil,0.37,,,,,1,0.37,,0.37,https://user-content.cardcastle.co/uploads/card_user/scanned_image/04da65b7-ac99-436f-a075-aeb21d337b3b.jpg,,,,081826-2,,
8804906,Magic,Edge of Eternities: Stellar Sights,Celestial Colonnade (0007) (Borderless),7,R,Near Mint Foil,0.98,,,,,1,0.98,,0.98,https://user-content.cardcastle.co/uploads/card_user/scanned_image/edddbfad-4606-418f-8991-4e7337ea6a5c.jpg,,,,081826-2,,
7249797,Magic,Commander Masters,Regal Behemoth (Borderless),651,R,Near Mint Foil,1.78,,,,,1,1.78,,1.78,https://user-content.cardcastle.co/uploads/card_user/scanned_image/09e14a47-d8cc-42eb-bca4-9439115f099d.jpg,,,,081826-2,,
9422719,Magic,The Hobbit,Belladonna Took,4,R,Near Mint Foil,3.88,,,,,1,3.88,,3.88,https://user-content.cardcastle.co/uploads/card_user/scanned_image/affb5ada-8dcb-485f-8064-2319a2c6699b.jpg,,,,081826-2,,
8974585,Magic,Avatar: The Last Airbender,Secret of Bloodbending (Showcase),337,M,Near Mint Foil,3.43,,,,,1,3.43,,3.43,https://user-content.cardcastle.co/uploads/card_user/scanned_image/694e3d05-217c-4862-8548-d15d04d48b90.jpg,,,,081826-2,,
7510434,Magic,The Lost Caverns of Ixalan,Stalactite Stalker,122,R,Near Mint Foil,0.34,,,,,1,0.34,,0.34,https://user-content.cardcastle.co/uploads/card_user/scanned_image/32a6011f-7afd-4f27-942a-43cd33eeb166.jpg,,,,081826-2,,
7265276,Magic,Commander Masters,Curtains' Call,146,R,Near Mint Foil,1.32,,,,,1,1.32,,1.32,https://user-content.cardcastle.co/uploads/card_user/scanned_image/afbb2596-b20f-4d9d-a7c4-f0316e17f1ea.jpg,,,,081826-2,,
8882745,Magic,Avatar: The Last Airbender,The Rise of Sozin,117,M,Near Mint Foil,1.97,,,,,1,1.97,,1.97,https://user-content.cardcastle.co/uploads/card_user/scanned_image/082205dc-923a-48ad-a87e-ac6104ae2bb7.jpg,,,,081826-2,,
8191541,Magic,Duskmourn: House of Horror,Unholy Annex // Ritual Chamber (Borderless),339,R,Near Mint Foil,4.54,,,,,1,4.54,,4.54,https://user-content.cardcastle.co/uploads/card_user/scanned_image/d9a89c2c-f3ad-4767-84fe-3781dcc5b205.jpg,,,,081826-2,,
8035871,Magic,Bloomburrow,Darkstar Augur (Showcase),311,R,Near Mint Foil,2.33,,,,,1,2.33,,2.33,https://user-content.cardcastle.co/uploads/card_user/scanned_image/dbf2eb3e-2a1a-4461-afb7-3ab888c09a9e.jpg,,,,081826-2,,
4574272,Magic,Zendikar Rising,Nullpriest of Oblivion,118,R,Near Mint Foil,0.48,,,,,1,0.48,,0.48,https://user-content.cardcastle.co/uploads/card_user/scanned_image/f9e60e9f-b3e6-4a86-a356-da8880ecaa11.jpg,,,,081826-2,,
6708527,Magic,The Brothers' War,Misery's Shadow,107,R,Near Mint Foil,0.28,,,,,1,0.28,,0.28,https://user-content.cardcastle.co/uploads/card_user/scanned_image/c7fc1839-62ab-446d-91fb-5c814c94782e.jpg,,,,081826-2,,
8027636,Magic,Bloomburrow,Valley Rotcaller,119,R,Near Mint Foil,3.16,,,,,1,3.16,,3.16,https://user-content.cardcastle.co/uploads/card_user/scanned_image/3c3c7f76-cf15-4408-9033-a0ea1222c09a.jpg,,,,081826-2,,
8167004,Magic,Duskmourn: House of Horror,Grievous Wound,102,R,Near Mint Foil,0.65,,,,,1,0.65,,0.65,https://user-content.cardcastle.co/uploads/card_user/scanned_image/b189999b-1d45-4e5e-8ff6-c82c0771d9b5.jpg,,,,081826-2,,
7172775,Magic,Universes Beyond: The Lord of the Rings: Tales of Middle-earth,Lobelia Sackville-Baggins,93,R,Near Mint Foil,0.45,,,,,1,0.45,,0.45,https://user-content.cardcastle.co/uploads/card_user/scanned_image/0e364b81-f69c-40d4-9952-feb56faedad5.jpg,,,,081826-2,,
1098289,Magic,Magic 2014 (M14),Garruk's Horde,173,R,Near Mint Foil,0.35,,,,,1,0.35,,0.35,https://user-content.cardcastle.co/uploads/card_user/scanned_image/af212ca6-e360-4efb-9411-9f17c7b83fe2.jpg,,,,081826-2,,
1226646,Magic,Magic 2015 (M15),Phytotitan,191,R,Near Mint Foil,0.84,,,,,1,0.84,,0.84,https://user-content.cardcastle.co/uploads/card_user/scanned_image/68c81413-da47-4366-b398-21493ae0dc2b.jpg,,,,081826-2,,
8914350,Magic,Marvel's Spider-Man,Shadow of the Goblin (Extended Art),262,R,Near Mint Foil,1.16,,,,,1,1.16,,1.16,https://user-content.cardcastle.co/uploads/card_user/scanned_image/3c6a79b0-dbca-4dbc-8bcc-e37106dff4ef.jpg,,,,081826-2,,
7252175,Magic,Commander Masters,Hellkite Charger,232,R,Near Mint Foil,6,,,,,1,6,,6,https://user-content.cardcastle.co/uploads/card_user/scanned_image/1acfb3d6-a0e5-4976-b1d7-5ae5aabd2f59.jpg,,,,081826-2,,
7250601,Magic,Commander Masters,Heartless Hidetsugu,231,R,Near Mint Foil,2.93,,,,,1,2.93,,2.93,https://user-content.cardcastle.co/uploads/card_user/scanned_image/8b6ffad9-a8b6-4da4-b0b3-e9f30d2cc249.jpg,,,,081826-2,,
4191671,Magic,Throne of Eldraine,Opportunistic Dragon,133,R,Near Mint Foil,0.41,,,,,1,0.41,,0.41,https://user-content.cardcastle.co/uploads/card_user/scanned_image/507f093c-169b-4957-8640-2ce65891aa23.jpg,,,,081826-2,,
6723869,Magic,30th Anniversary Promos,Goblin Rabblemaster,22,R,Near Mint Foil,0.95,,,,,1,0.95,,0.95,https://user-content.cardcastle.co/uploads/card_user/scanned_image/26c4eef9-e2cf-41d2-95e3-fbc7354ce060.jpg,,,,081826-2,,
8329771,Magic,Foundations,Skyknight Squire,23,R,Near Mint Foil,0.47,,,,,1,0.47,,0.47,https://user-content.cardcastle.co/uploads/card_user/scanned_image/0a7d81b1-bd08-4ea6-b4cf-a514e96ce96b.jpg,,,,081826-2,,
7264926,Magic,Commander Masters,"Nahiri, the Lithomancer",45,R,Near Mint Foil,1.33,,,,,1,1.33,,1.33,https://user-content.cardcastle.co/uploads/card_user/scanned_image/ecaabb3e-deb5-4b67-8e2f-2fec2d88b0da.jpg,,,,081826-2,,
7193849,Magic,Universes Beyond: The Lord of the Rings: Tales of Middle-earth,The Battle of Bywater,2,R,Near Mint Foil,4.05,,,,,1,4.05,,4.05,https://user-content.cardcastle.co/uploads/card_user/scanned_image/76b806bc-2313-403c-a35f-d1729e104d36.jpg,,,,081826-2,,
7027917,Magic,Universes Beyond: The Lord of the Rings: Tales of Middle-earth,"Frodo, Sauron's Bane",18,R,Near Mint Foil,0.44,,,,,1,0.44,,0.44,https://user-content.cardcastle.co/uploads/card_user/scanned_image/2a227a12-c5e4-4316-a117-bad19d2f1300.jpg,,,,081826-2,,
6810721,Magic,Dominaria Remastered,Lieutenant Kirtar (Retro Frame),265,R,Near Mint Foil,0.35,,,,,1,0.35,,0.35,https://user-content.cardcastle.co/uploads/card_user/scanned_image/70bde62e-bc99-45b8-9a22-f93ea742b6f4.jpg,,,,081826-2,,
8284820,Magic,Foundations,"Arahbo, the First Fang",2,R,Near Mint Foil,0.78,,,,,1,0.78,,0.78,https://user-content.cardcastle.co/uploads/card_user/scanned_image/8e3c26d7-d8b6-4324-b4ce-74091eae73bc.jpg,,,,081826-2,,
47008,Magic,Scourge,Exiled Doomsayer,13,R,Near Mint Foil,,,,,,1,,,,https://user-content.cardcastle.co/uploads/card_user/scanned_image/2c3c9d5b-fc5b-4550-a494-0cea7c18f88b.jpg,,,,081826-2,,
3165914,Magic,Prerelease Cards,Summary Dismissal,75s,R,Near Mint Foil,1.37,,,,,1,1.37,,1.37,https://user-content.cardcastle.co/uploads/card_user/scanned_image/d772bb44-e9ef-45da-8ff5-33de7d6c7f25.jpg,,,,081826-2,,
5831579,Magic,Unfinity,Centaur of Attention,132,R,Near Mint Foil,0.21,,,,,1,0.21,,0.21,https://user-content.cardcastle.co/uploads/card_user/scanned_image/6f20c937-bb60-45f2-a8a5-38b72fdaabfa.jpg,,,,081826-2,,
8995558,Magic,Avatar: The Last Airbender,Earthbender Ascension,175,R,Near Mint Foil,2.63,,,,,1,2.63,,2.63,https://user-content.cardcastle.co/uploads/card_user/scanned_image/f5379a98-9228-44c2-b81f-30538f687b74.jpg,,,,081826-2,,
9240580,Magic,Secrets of Strixhaven,Skycoach Conductor,67,R,Near Mint Foil,0.33,,,,,1,0.33,,0.33,https://user-content.cardcastle.co/uploads/card_user/scanned_image/51cbd2cd-b03b-4266-8b2f-13c1b497872a.jpg,,,,081826-2,,
,Magic,Commander Masters,Lifeblood Hydra,565,R,Near Mint Foil,,,,,,1,,,,https://user-content.cardcastle.co/uploads/card_user/scanned_image/bf949d39-fa32-4343-a656-bcb63894deb5.jpg,,,,081826-2,,
3410192,Magic,Hour of Devastation,"Nissa, Genesis Mage",200,M,Near Mint Foil,1.42,,,,,1,1.42,,1.42,https://user-content.cardcastle.co/uploads/card_user/scanned_image/0f4c27f3-c3fe-4b5b-981f-c53b55ceded8.jpg,,,,081826-2,,
9236778,Magic,Secrets of Strixhaven,Environmental Scientist,147,U,Near Mint Foil,0.3,,,,,1,0.3,,0.3,https://user-content.cardcastle.co/uploads/card_user/scanned_image/e8d48046-92b8-4f63-bfa2-5254d997bbf4.jpg,,,,081826-2,,
8045894,Magic,Commander: Bloomburrow,"Kwain, Itinerant Meddler (Borderless)",90,R,Near Mint Foil,1.76,,,,,1,1.76,,1.76,https://user-content.cardcastle.co/uploads/card_user/scanned_image/b22f7bab-a6bd-4c06-ba9b-53e01103cbbc.jpg,,,,081826-2,,
8707029,Magic,Commander: FINAL FANTASY,Fortified Village,396,R,Near Mint Foil,0.42,,,,,1,0.42,,0.42,https://user-content.cardcastle.co/uploads/card_user/scanned_image/9abc33da-d62c-4674-9b74-a7c9cb8c9515.jpg,,,,081826-2,,
5767054,Magic,Secret Lair Drop Series,Knight Exemplar (1044),1044,R,Near Mint Foil,8.02,,,,,1,8.02,,8.02,https://user-content.cardcastle.co/uploads/card_user/scanned_image/28030cc9-35d6-4c4e-831a-be52d57377e1.jpg,,,,081826-2,,
8758127,Magic,Commander: FINAL FANTASY,Helitrooper (Extended Art),106,R,Near Mint Foil,0.47,,,,,1,0.47,,0.47,https://user-content.cardcastle.co/uploads/card_user/scanned_image/3bb06961-ee55-4557-afff-47aad328279c.jpg,,,,081826-2,,
8579925,Magic,FINAL FANTASY,"Stiltzkin, Moogle Merchant",34,R,Near Mint Foil,0.43,,,,,1,0.43,,0.43,https://user-content.cardcastle.co/uploads/card_user/scanned_image/8a0d8c95-23a0-4173-8c5a-150b73a849e9.jpg,,,,081826-2,,
8740250,Magic,FINAL FANTASY,"Minwu, White Mage",26,R,Near Mint Foil,0.41,,,,,1,0.41,,0.41,https://user-content.cardcastle.co/uploads/card_user/scanned_image/0d9613d1-5c26-4d7c-9349-387165d59043.jpg,,,,081826-2,,
9067414,Magic,Unique and Miscellaneous Promos,Kinbinding,407,R,Near Mint Foil,0.25,,,,,1,0.25,,0.25,https://user-content.cardcastle.co/uploads/card_user/scanned_image/db262141-a46c-4278-b2a3-405d73e4b586.jpg,,,,081826-2,,
,Magic,Assassin's Creed,Assassin Gauntlet,185,U,Near Mint Foil,4.63,,,,,1,4.63,,4.63,https://user-content.cardcastle.co/uploads/card_user/scanned_image/f5561976-31db-4631-8494-be3f34bf11a6.jpg,,,,081826-2,,
,Magic,Double Masters 2022,Disciple of the Ring,428,R,Near Mint Foil,0.84,,,,,1,0.84,,0.84,https://user-content.cardcastle.co/uploads/card_user/scanned_image/e4a7d3f3-9b5a-4e2b-9532-e54293656423.jpg,,,,081826-2,,
8827509,Magic,Edge of Eternities,Synthesizer Labship,81,R,Near Mint Foil,0.34,,,,,1,0.34,,0.34,https://user-content.cardcastle.co/uploads/card_user/scanned_image/e2adf745-6f37-4f9a-971a-092f85fa0db9.jpg,,,,081826-2,,
4590965,Magic,Unique and Miscellaneous Promos,"Charix, the Raging Isle (ZNR Bundle)",386,R,Near Mint Foil,0.49,,,,,1,0.49,,0.49,https://user-content.cardcastle.co/uploads/card_user/scanned_image/3e831d57-7a55-48c9-82e5-942c1a2f7d84.jpg,,,,081826-2,,
8175399,Magic,Duskmourn: House of Horror,Spineseeker Centipede,199,C,Near Mint Foil,0.17,,,,,1,0.17,,0.17,https://user-content.cardcastle.co/uploads/card_user/scanned_image/a59efac5-c08f-43d1-803c-e767f659fb28.jpg,,,,082026-1,,
8187099,Magic,Duskmourn: House of Horror,Overgrown Zealot,193,U,Near Mint Foil,0.28,,,,,2,0.28,,0.28,https://user-content.cardcastle.co/uploads/card_user/scanned_image/bde16477-19cd-4992-a5c8-e4bd611f93c7.jpg,,,,082026-1,,
8166524,Magic,Duskmourn: House of Horror,"Altanak, the Thrice-Called",166,U,Near Mint Foil,0.33,,,,,1,0.33,,0.33,https://user-content.cardcastle.co/uploads/card_user/scanned_image/4622c422-05bb-423b-82e9-b614ad3aa12d.jpg,,,,082026-1,,
8200323,Magic,Duskmourn: House of Horror,Frantic Strength,179,C,Near Mint Foil,0.23,,,,,2,0.23,,0.23,https://user-content.cardcastle.co/uploads/card_user/scanned_image/1b74de1d-ce58-43af-a24c-a519ca26759d.jpg,,,,082026-1,,
8192561,Magic,Duskmourn: House of Horror,Flesh Burrower,178,C,Near Mint Foil,0.28,,,,,2,0.28,,0.28,https://user-content.cardcastle.co/uploads/card_user/scanned_image/8c8c41f5-8cab-4b1f-b1bf-b6ba2d74278f.jpg,,,,082026-1,,
8192801,Magic,Duskmourn: House of Horror,House Cartographer,185,U,Near Mint Foil,0.33,,,,,1,0.33,,0.33,https://user-content.cardcastle.co/uploads/card_user/scanned_image/cd78d8a3-e5b9-4704-9aad-094b9990399c.jpg,,,,082026-1,,
8840126,Magic,Edge of Eternities,Icecave Crasher,191,C,Near Mint,0.1,,,,,6,0.1,,0.1,https://user-content.cardcastle.co/uploads/card_user/scanned_image/39530da4-8400-4dd3-a832-c901380b298a.jpg,,,,082026-1,,
8839226,Magic,Edge of Eternities,Broodguard Elite,175,U,Near Mint,0.27,,,,,4,0.27,,0.27,https://user-content.cardcastle.co/uploads/card_user/scanned_image/a6640e93-c198-4ed5-bc4f-33541e9375dd.jpg,,,,082026-1,,
8841746,Magic,Edge of Eternities,Seedship Agrarian,204,U,Near Mint,0.28,,,,,3,0.28,,0.28,https://user-content.cardcastle.co/uploads/card_user/scanned_image/260a7e96-393d-4ef5-8180-beef6bbfc829.jpg,,,,082026-1,,
8840066,Magic,Edge of Eternities,Germinating Wurm,187,C,Near Mint,0.15,,,,,4,0.15,,0.15,https://user-content.cardcastle.co/uploads/card_user/scanned_image/82a47a14-6449-4afc-9532-b9cae517e2d7.jpg,,,,082026-1,,
8804700,Magic,Edge of Eternities,Shattered Wings,206,C,Near Mint,0.11,,,,,3,0.11,,0.11,https://user-content.cardcastle.co/uploads/card_user/scanned_image/af3d4c75-4b8b-471d-8637-b1545beb12da.jpg,,,,082026-1,,
8825767,Magic,Edge of Eternities,Atmospheric Greenhouse,171,U,Near Mint,0.18,,,,,1,0.18,,0.18,https://user-content.cardcastle.co/uploads/card_user/scanned_image/7ee6175a-7155-45cb-aa2e-8a8ec740177a.jpg,,,,082026-1,,
8801305,Magic,Edge of Eternities,Galactic Wayfarer,185,C,Near Mint,0.13,,,,,2,0.13,,0.13,https://user-content.cardcastle.co/uploads/card_user/scanned_image/0ed1adec-dfbe-4924-8ca1-e1f08dc2e344.jpg,,,,082026-1,,
8995673,Magic,Avatar: The Last Airbender,Kyoshi Island Plaza,184,U,Near Mint,0.3,,,,,2,0.3,,0.3,https://user-content.cardcastle.co/uploads/card_user/scanned_image/b710dbc3-9cc2-437f-b7e6-f38d2e59c303.jpg,,,,082026-1,,
8894287,Magic,Avatar: The Last Airbender,Saber-Tooth Moose-Lion,194,C,Near Mint,0.12,,,,,7,0.12,,0.12,https://user-content.cardcastle.co/uploads/card_user/scanned_image/37aa8786-ae5d-467c-8599-36e41be3cd9b.jpg,,,,082026-1,,
8839346,Magic,Edge of Eternities,Diplomatic Relations,177,C,Near Mint,0.08,,,,,4,0.08,,0.08,https://user-content.cardcastle.co/uploads/card_user/scanned_image/323e9f0d-2764-4c07-9324-f497f71e126d.jpg,,,,082026-1,,
8820913,Magic,Edge of Eternities,Fungal Colossus,184,C,Near Mint,0.13,,,,,4,0.13,,0.13,https://user-content.cardcastle.co/uploads/card_user/scanned_image/145cac1c-0431-42a1-8035-1f0e7aacba67.jpg,,,,082026-1,,
8839586,Magic,Edge of Eternities,Eumidian Terrabotanist,180,U,Near Mint,0.32,,,,,1,0.32,,0.32,https://user-content.cardcastle.co/uploads/card_user/scanned_image/86e050a7-df99-4936-aa5b-6343ebbab70e.jpg,,,,082026-1,,
8821098,Magic,Edge of Eternities,Sami's Curiosity,203,C,Near Mint,0.11,,,,,3,0.11,,0.11,https://user-content.cardcastle.co/uploads/card_user/scanned_image/f920ef06-d181-462d-a1ae-6979deb98d61.jpg,,,,082026-1,,
8836319,Magic,Edge of Eternities,Lashwhip Predator,195,U,Near Mint,0.08,,,,,3,0.08,,0.08,https://user-content.cardcastle.co/uploads/card_user/scanned_image/c0dcedaf-0155-4424-b0d1-2bae9e29b567.jpg,,,,082026-1,,
8785698,Magic,Edge of Eternities,Harmonious Grovestrider,189,U,Near Mint,0.15,,,,,2,0.15,,0.15,https://user-content.cardcastle.co/uploads/card_user/scanned_image/e8d4a54a-a9cd-4f41-8c5d-b8c740b7a783.jpg,,,,082026-1,,
8842046,Magic,Edge of Eternities,Thawbringer,211,C,Near Mint,0.09,,,,,4,0.09,,0.09,https://user-content.cardcastle.co/uploads/card_user/scanned_image/f504afc5-3d50-47aa-880c-cffc9b82d709.jpg,,,,082026-1,,
8836059,Magic,Edge of Eternities,Glacier Godmaw,188,U,Near Mint,0.34,,,,,1,0.34,,0.34,https://user-content.cardcastle.co/uploads/card_user/scanned_image/518f1ce3-3849-4554-a76d-004b1f575408.jpg,,,,082026-1,,
8840966,Magic,Edge of Eternities,Meltstrider's Gear,198,C,Near Mint,0.11,,,,,3,0.11,,0.11,https://user-content.cardcastle.co/uploads/card_user/scanned_image/c3b88cb2-4b8e-4a49-bc29-9d53a9ff184e.jpg,,,,082026-1,,
8841926,Magic,Edge of Eternities,Skystinger,207,C,Near Mint,0.1,,,,,4,0.1,,0.1,https://user-content.cardcastle.co/uploads/card_user/scanned_image/05189774-0f91-4413-bbbc-c0919ba8934a.jpg,,,,082026-1,,
8836259,Magic,Edge of Eternities,Larval Scoutlander,194,U,Near Mint,0.3,,,,,3,0.3,,0.3,https://user-content.cardcastle.co/uploads/card_user/scanned_image/bce79f8b-5fe0-483c-8952-d5470a58b0ed.jpg,,,,082026-1,,
8804640,Magic,Edge of Eternities,Seedship Impact,205,U,Near Mint,0.26,,,,,1,0.26,,0.26,https://user-content.cardcastle.co/uploads/card_user/scanned_image/79ca6e4a-566b-4eeb-bf8d-89a7ffd84bb3.jpg,,,,082026-1,,
8827744,Magic,Edge of Eternities,Drix Fatemaker,178,C,Near Mint,0.23,,,,,3,0.23,,0.23,https://user-content.cardcastle.co/uploads/card_user/scanned_image/a929eaef-509d-4920-954a-4c4a04f461ac.jpg,,,,082026-1,,
8840366,Magic,Edge of Eternities,Intrepid Tenderfoot,193,C,Near Mint,0.12,,,,,2,0.12,,0.12,https://user-content.cardcastle.co/uploads/card_user/scanned_image/93d167c6-eac5-43b5-ab29-52375df366de.jpg,,,,082026-1,,
8841086,Magic,Edge of Eternities,Meltstrider's Resolve,199,U,Near Mint,0.29,,,,,1,0.29,,0.29,https://user-content.cardcastle.co/uploads/card_user/scanned_image/51bb4b9c-f928-4601-8c29-028cd433a4e0.jpg,,,,082026-1,,
8838866,Magic,Edge of Eternities,Blooming Stinger,174,C,Near Mint,0.21,,,,,3,0.21,,0.21,https://user-content.cardcastle.co/uploads/card_user/scanned_image/3df3ad77-f14f-46fa-80eb-1f031be77a0e.jpg,,,,082026-1,,
8838686,Magic,Edge of Eternities,Biosynthic Burst,173,C,Near Mint,0.32,,,,,3,0.32,,0.32,https://user-content.cardcastle.co/uploads/card_user/scanned_image/1040ee3b-274e-4b46-9bf2-440dc1ba5726.jpg,,,,082026-1,,
8894977,Magic,Avatar: The Last Airbender,"Toph, the Blind Bandit",198,U,Near Mint,0.27,,,,,3,0.27,,0.27,https://user-content.cardcastle.co/uploads/card_user/scanned_image/cd29c0c6-05e7-441d-b683-ac6eec40d683.jpg,,,,082026-1,,
8988141,Magic,Avatar: The Last Airbender,Origin of Metalbending,187,C,Near Mint Foil,1.67,,,,,2,1.67,,1.67,https://user-content.cardcastle.co/uploads/card_user/scanned_image/aaa26c66-d38a-47d4-bde2-3193fe67b55a.jpg,,,,082026-1,,
8883645,Magic,Avatar: The Last Airbender,Earthbending Lesson,176,C,Near Mint,0.13,,,,,6,0.13,,0.13,https://user-content.cardcastle.co/uploads/card_user/scanned_image/28a91e6d-19e6-4a7c-8785-51a2ea37bf8e.jpg,,,,082026-1,,
8994608,Magic,Avatar: The Last Airbender,"The Boulder, Ready to Rumble",168,U,Near Mint,0.23,,,,,2,0.23,,0.23,https://user-content.cardcastle.co/uploads/card_user/scanned_image/c5f88c30-eca8-4cdb-9c74-423d6af5529e.jpg,,,,082026-1,,
8248671,Magic,The List Reprints,Stinging Shot,AKH-189,C,Near Mint,0.15,,,,,1,0.15,,0.15,https://user-content.cardcastle.co/uploads/card_user/scanned_image/44889c98-4111-4444-a61f-ad623caf43ea.jpg,,,,082026-1,,
8894477,Magic,Avatar: The Last Airbender,Badgermole,166,C,Near Mint,0.21,,,,,5,0.21,,0.21,https://user-content.cardcastle.co/uploads/card_user/scanned_image/1bfbfec5-86ae-4835-9e07-470a3cca62be.jpg,,,,082026-1,,
7167565,Magic,Universes Beyond: The Lord of the Rings: Tales of Middle-earth,Meriadoc Brandybuck,177,U,Near Mint,0.25,,,,,1,0.25,,0.25,https://user-content.cardcastle.co/uploads/card_user/scanned_image/3b3ce666-0f51-4238-a172-b3bd745846ff.jpg,,,,082026-1,,
7197345,Magic,Universes Beyond: The Lord of the Rings: Tales of Middle-earth,Shortcut to Mushrooms,187,U,Near Mint,0.15,,,,,1,0.15,,0.15,https://user-content.cardcastle.co/uploads/card_user/scanned_image/cf392cda-6714-40a0-b00c-17255e0cfef4.jpg,,,,082026-1,,
7190493,Magic,Universes Beyond: The Lord of the Rings: Tales of Middle-earth,Entish Restoration,163,U,Near Mint,3.39,,,,,3,3.39,,3.39,https://user-content.cardcastle.co/uploads/card_user/scanned_image/23927075-6678-4c59-8133-f6914094d782.jpg,,,,082026-1,,
8842406,Magic,Promo Pack: Edge of Eternities,Pull Through the Weft,397,U,Near Mint,0.14,,,,,1,0.14,,0.14,https://user-content.cardcastle.co/uploads/card_user/scanned_image/62fe2223-d742-48aa-ba69-4a1d45d065e5.jpg,,,,082026-1,,
8894917,Magic,Avatar: The Last Airbender,Rocky Rebuke,193,C,Near Mint,0.14,,,,,7,0.14,,0.14,https://user-content.cardcastle.co/uploads/card_user/scanned_image/56c9df9c-dfa9-4470-8d91-4e74fb524bc9.jpg,,,,082026-1,,
8977592,Magic,Avatar: The Last Airbender,Cycle of Renewal,170,C,Near Mint,0.24,,,,,5,0.24,,0.24,https://user-content.cardcastle.co/uploads/card_user/scanned_image/6cf5aecc-e4a0-49dd-bc0b-579035927444.jpg,,,,082026-1,,
8894387,Magic,Avatar: The Last Airbender,Turtle-Duck,200,C,Near Mint,0.11,,,,,6,0.11,,0.11,https://user-content.cardcastle.co/uploads/card_user/scanned_image/f2664ff7-59ab-4c0c-8047-c2c76872e6e7.jpg,,,,082026-1,,
8894637,Magic,Avatar: The Last Airbender,Earth Rumble,174,U,Near Mint,0.24,,,,,2,0.24,,0.24,https://user-content.cardcastle.co/uploads/card_user/scanned_image/d8e7bacd-8e1a-45de-ba66-55d0d23c3733.jpg,,,,082026-1,,
8977712,Magic,Avatar: The Last Airbender,Leaves from the Vine,185,U,Near Mint,0.24,,,,,3,0.24,,0.24,https://user-content.cardcastle.co/uploads/card_user/scanned_image/644e4b9c-5809-495f-8e5d-ce4847a233d4.jpg,,,,082026-1,,
8894857,Magic,Avatar: The Last Airbender,Rebellious Captives,191,C,Near Mint,0.08,,,,,5,0.08,,0.08,https://user-content.cardcastle.co/uploads/card_user/scanned_image/538fd9c3-9277-4e48-947f-789398c825dd.jpg,,,,082026-1,,
8650505,Magic,Tarkir: Dragonstorm,Champion of Dusan,137,C,Near Mint,0.16,,,,,1,0.16,,0.16,https://user-content.cardcastle.co/uploads/card_user/scanned_image/338e9bf0-97ad-481c-b7a6-8d61afca7b99.jpg,,,,082026-1,,
8192261,Magic,Duskmourn: House of Horror,Break Down the Door,170,U,Near Mint Foil,0.27,,,,,1,0.27,,0.27,https://user-content.cardcastle.co/uploads/card_user/scanned_image/62348e5a-8a5b-4b0b-a63f-f6cf34e266f1.jpg,,,,082026-1,,
8186919,Magic,Duskmourn: House of Horror,Bashful Beastie,169,C,Near Mint Foil,0.12,,,,,1,0.12,,0.12,https://user-content.cardcastle.co/uploads/card_user/scanned_image/691f4b08-2b96-4257-bd14-e9f8f86d9027.jpg,,,,082026-1,,
8179923,Magic,Duskmourn: House of Horror,Anthropede,167,C,Near Mint Foil,0.12,,,,,1,0.12,,0.12,https://user-content.cardcastle.co/uploads/card_user/scanned_image/766e6f66-4f3c-40da-ad82-fde243616fc0.jpg,,,,082026-1,,
8200443,Magic,Duskmourn: House of Horror,Rootwise Survivor,196,U,Near Mint Foil,0.13,,,,,1,0.13,,0.13,https://user-content.cardcastle.co/uploads/card_user/scanned_image/9dffad4d-b766-458e-80e2-9798766eb23b.jpg,,,,082026-1,,
8192441,Magic,Duskmourn: House of Horror,Cryptid Inspector,174,C,Near Mint Foil,0.1,,,,,1,0.1,,0.1,https://user-content.cardcastle.co/uploads/card_user/scanned_image/3b425ccf-3149-4f12-bcb5-2139b7af2536.jpg,,,,082026-1,,
8200383,Magic,Duskmourn: House of Horror,Manifest Dread,189,C,Near Mint Foil,0.2,,,,,1,0.2,,0.2,https://user-content.cardcastle.co/uploads/card_user/scanned_image/9db684a4-377f-40ed-b8fb-07af5297944d.jpg,,,,082026-1,,
8192321,Magic,Duskmourn: House of Horror,Cautious Survivor,172,C,Near Mint Foil,0.14,,,,,2,0.14,,0.14,https://user-content.cardcastle.co/uploads/card_user/scanned_image/0e38ae82-7d9c-45a8-9a84-c871d1e7c8ce.jpg,,,,082026-1,,
8175459,Magic,Duskmourn: House of Horror,Threats Around Every Corner,200,U,Near Mint Foil,0.34,,,,,1,0.34,,0.34,https://user-content.cardcastle.co/uploads/card_user/scanned_image/d638ccf5-a6a8-4356-ad1b-0b6b137806b4.jpg,,,,082026-1,,
8180223,Magic,Duskmourn: House of Horror,Wary Watchdog,206,C,Near Mint Foil,0.21,,,,,1,0.21,,0.21,https://user-content.cardcastle.co/uploads/card_user/scanned_image/4b3d84ff-c1e2-4334-8138-48fadedc5166.jpg,,,,082026-1,,
8006655,Magic,Universes Beyond: Assassin's Creed,The Aesir Escape Valhalla,39,U,Near Mint Foil,0.34,,,,,1,0.34,,0.34,https://user-content.cardcastle.co/uploads/card_user/scanned_image/5f72ec33-088a-46ea-b8d4-6c1385ae7375.jpg,,,,082026-1,,
7302654,Magic,Commander Masters,"Goreclaw, Terror of Qal Sisma",293,U,Near Mint Foil,1.74,,,,,1,1.74,,1.74,https://user-content.cardcastle.co/uploads/card_user/scanned_image/57e79b0a-fd75-442a-af7b-ac5161a6af71.jpg,,,,082026-1,,
8342920,Magic,Foundations,Gnarlid Colony,224,C,Near Mint Foil,0.24,,,,,1,0.24,,0.24,https://user-content.cardcastle.co/uploads/card_user/scanned_image/4c0cfd22-cf73-402c-84ef-d282a2d61bff.jpg,,,,082026-1,,
8328250,Magic,Foundations,Overrun,230,U,Near Mint Foil,0.39,,,,,1,0.39,,0.39,https://user-content.cardcastle.co/uploads/card_user/scanned_image/b6322b90-44e1-4530-97c1-476a88cc655f.jpg,,,,082026-1,,
8862105,Magic,Marvel's Spider-Man,Grow Extra Arms,101,C,Near Mint Foil,0.18,,,,,1,0.18,,0.18,https://user-content.cardcastle.co/uploads/card_user/scanned_image/326b7dea-42f1-41d7-aa55-69597c699af7.jpg,,,,082026-1,,
9339252,Magic,Commander: Marvel Super Heroes,Lurking Lizards,816,C,Near Mint Foil,0.23,,,,,1,0.23,,0.23,https://user-content.cardcastle.co/uploads/card_user/scanned_image/ccf6c662-b7d4-490e-8a87-413bdf994776.jpg,,,,082026-1,,
8862085,Magic,Marvel's Spider-Man: Eternal-Legal,Twisted Spider-Clone,19,C,Near Mint Foil,0.36,,,,,1,0.36,,0.36,https://user-content.cardcastle.co/uploads/card_user/scanned_image/37780734-da4e-48c4-a50d-8c5b148c3f43.jpg,,,,082026-1,,
8907630,Magic,Marvel's Spider-Man,Pictures of Spider-Man,109,U,Near Mint Foil,0.28,,,,,1,0.28,,0.28,https://user-content.cardcastle.co/uploads/card_user/scanned_image/8705b241-d118-4880-b9f9-73a3ce582ab0.jpg,,,,082026-1,,
8827749,Magic,Edge of Eternities,Drix Fatemaker,178,C,Near Mint Foil,0.3,,,,,1,0.3,,0.3,https://user-content.cardcastle.co/uploads/card_user/scanned_image/875bff8c-4255-47ac-8b1b-9101ca7e3df3.jpg,,,,082026-1,,
8841091,Magic,Edge of Eternities,Meltstrider's Resolve,199,U,Near Mint Foil,0.35,,,,,1,0.35,,0.35,https://user-content.cardcastle.co/uploads/card_user/scanned_image/0f535168-b51b-402f-92ce-0ffb04edb9dd.jpg,,,,082026-1,,
8840371,Magic,Edge of Eternities,Intrepid Tenderfoot,193,C,Near Mint Foil,0.18,,,,,1,0.18,,0.18,https://user-content.cardcastle.co/uploads/card_user/scanned_image/aae3fa81-b2e7-47a0-92f2-543c74a19efc.jpg,,,,082026-1,,
8839351,Magic,Edge of Eternities,Diplomatic Relations,177,C,Near Mint Foil,0.13,,,,,1,0.13,,0.13,https://user-content.cardcastle.co/uploads/card_user/scanned_image/d8b07a53-8003-4925-8563-447045df2ced.jpg,,,,082026-1,,
8862035,Magic,Marvel's Spider-Man,Kapow!,103,C,Near Mint Foil,0.2,,,,,1,0.2,,0.2,https://user-content.cardcastle.co/uploads/card_user/scanned_image/d0bfbe52-c175-4095-9055-99a9e65f952f.jpg,,,,082026-1,,
8838691,Magic,Edge of Eternities,Biosynthic Burst,173,C,Near Mint Foil,0.32,,,,,1,0.32,,0.32,https://user-content.cardcastle.co/uploads/card_user/scanned_image/93cdf99f-819c-4642-a717-f3ab5472a2f3.jpg,,,,082026-1,,
8862045,Magic,Marvel's Spider-Man: Eternal-Legal,"Prowler, Misguided Mentor",17,U,Near Mint Foil,0.35,,,,,1,0.35,,0.35,https://user-content.cardcastle.co/uploads/card_user/scanned_image/874c658b-3ba3-42d9-a2ad-8be2868e2c97.jpg,,,,082026-1,,
5832369,Magic,Unfinity,Clandestine Chameleon,134,U,Near Mint Foil,0.24,,,,,1,0.24,,0.24,https://user-content.cardcastle.co/uploads/card_user/scanned_image/73c9e747-dc9c-4c6a-9db6-2ba91ab97673.jpg,,,,082026-1,,
7374333,Magic,Wilds of Eldraine,Royal Treatment,183,U,Near Mint Foil,0.45,,,,,1,0.45,,0.45,https://user-content.cardcastle.co/uploads/card_user/scanned_image/67055a11-22f2-406c-8efa-f9b98b2b9a4c.jpg,,,,082026-1,,
8339690,Magic,Foundations,Broken Wings,214,C,Near Mint Foil,0.3,,,,,2,0.3,,0.3,https://user-content.cardcastle.co/uploads/card_user/scanned_image/a51b309b-5a2d-41a1-aa46-c19ebdd5ae11.jpg,,,,082026-1,,
8820918,Magic,Edge of Eternities,Fungal Colossus,184,C,Near Mint Foil,0.14,,,,,1,0.14,,0.14,https://user-content.cardcastle.co/uploads/card_user/scanned_image/29860084-7dd4-423f-b7e9-da74132d2794.jpg,,,,082026-1,,
8915292,Magic,Marvel's Spider-Man,Subway Train,178,C,Near Mint Foil,0.19,,,,,1,0.19,,0.19,https://user-content.cardcastle.co/uploads/card_user/scanned_image/0b880280-be85-4b53-b372-b28a7a6e3a0e.jpg,,,,082026-1,,
7168090,Magic,Universes Beyond: The Lord of the Rings: Tales of Middle-earth,Mushroom Watchdogs,180,C,Near Mint Foil,0.25,,,,,1,0.25,,0.25,https://user-content.cardcastle.co/uploads/card_user/scanned_image/c71f3370-0b37-454c-90df-1b051099ba0b.jpg,,,,082026-1,,
8295550,Magic,Foundations,Nessian Hornbeetle,229,U,Near Mint Foil,0.21,,,,,1,0.21,,0.21,https://user-content.cardcastle.co/uploads/card_user/scanned_image/1179915a-83cc-48a2-a94e-b63f48ad8b20.jpg,,,,082026-1,,
9002356,Magic,Avatar: The Last Airbender: Eternal-Legal,Many Partings,169,C,Near Mint Foil,0.43,,,,,1,0.43,,0.43,https://user-content.cardcastle.co/uploads/card_user/scanned_image/f4ffef6a-6124-4210-bf20-44774fe20b89.jpg,,,,082026-1,,
8977717,Magic,Avatar: The Last Airbender,Leaves from the Vine,185,U,Near Mint Foil,0.22,,,,,1,0.22,,0.22,https://user-content.cardcastle.co/uploads/card_user/scanned_image/e3e67a66-6f3d-4a3d-965d-dc628bb0e1ff.jpg,,,,082026-1,,
8821103,Magic,Edge of Eternities,Sami's Curiosity,203,C,Near Mint Foil,0.3,,,,,1,0.3,,0.3,https://user-content.cardcastle.co/uploads/card_user/scanned_image/574c2175-e13a-404c-ac5c-c8559d84ef6d.jpg,,,,082026-1,,
8825772,Magic,Edge of Eternities,Atmospheric Greenhouse,171,U,Near Mint Foil,0.19,,,,,1,0.19,,0.19,https://user-content.cardcastle.co/uploads/card_user/scanned_image/ad76c6e8-bf03-4caf-b852-67a7f8f5138a.jpg,,,,082026-1,,
8801335,Magic,Edge of Eternities,Galactic Wayfarer,185,C,Near Mint Foil,0.17,,,,,1,0.17,,0.17,https://user-content.cardcastle.co/uploads/card_user/scanned_image/d5d96175-dc29-4d6c-a798-0de9fe9d8be5.jpg,,,,082026-1,,
8977417,Magic,Avatar: The Last Airbender,Allies at Last,164,U,Near Mint Foil,0.28,,,,,1,0.28,,0.28,https://user-content.cardcastle.co/uploads/card_user/scanned_image/43e3154a-ae9c-4aa9-b4a7-cb5ff2f608d8.jpg,,,,082026-1,,
8862050,Magic,Marvel's Spider-Man,Scout the City,113,C,Near Mint,0.13,,,,,2,0.13,,0.13,https://user-content.cardcastle.co/uploads/card_user/scanned_image/481bfbc0-6a10-4f33-844b-58b9ab286e20.jpg,,,,082026-1,,
8862100,Magic,Marvel's Spider-Man,Grow Extra Arms,101,C,Near Mint,0.21,,,,,3,0.21,,0.21,https://user-content.cardcastle.co/uploads/card_user/scanned_image/6d6d4ca5-f9af-4057-8e30-a8c29c92693d.jpg,,,,082026-1,,
8912156,Magic,Marvel's Spider-Man,Supportive Parents,119,U,Near Mint,0.25,,,,,2,0.25,,0.25,https://user-content.cardcastle.co/uploads/card_user/scanned_image/444b185c-3235-4f1a-b882-749bb171963a.jpg,,,,082026-1,,
8862010,Magic,Marvel's Spider-Man,Guy in the Chair,102,C,Near Mint,0.11,,,,,1,0.11,,0.11,https://user-content.cardcastle.co/uploads/card_user/scanned_image/f24b79d8-6516-41c0-8317-324166b74016.jpg,,,,082026-1,,
8912086,Magic,Marvel's Spider-Man,Damage Control Crew,99,U,Near Mint,0.18,,,,,1,0.18,,0.18,https://user-content.cardcastle.co/uploads/card_user/scanned_image/e6ae73b3-5573-411e-9466-1f467d13266f.jpg,,,,082026-1,,
8862090,Magic,Marvel's Spider-Man,"Spider-Man, Brooklyn Visionary",115,C,Near Mint,0.19,,,,,2,0.19,,0.19,https://user-content.cardcastle.co/uploads/card_user/scanned_image/5af009be-b43b-428c-8ba9-45e707520374.jpg,,,,082026-1,,
8894862,Magic,Avatar: The Last Airbender,Rebellious Captives,191,C,Near Mint Foil,0.17,,,,,1,0.17,,0.17,https://user-content.cardcastle.co/uploads/card_user/scanned_image/f2d96b94-641e-40a3-8339-c6da7e0e60e0.jpg,,,,082026-1,,
8982434,Magic,Avatar: The Last Airbender,True Ancestry,199,U,Near Mint Foil,0.38,,,,,1,0.38,,0.38,https://user-content.cardcastle.co/uploads/card_user/scanned_image/fe57b6c5-7528-43d7-a770-c4b96b825527.jpg,,,,082026-1,,
8894802,Magic,Avatar: The Last Airbender,Pillar Launch,189,C,Near Mint Foil,0.19,,,,,2,0.19,,0.19,https://user-content.cardcastle.co/uploads/card_user/scanned_image/b7ebc5e4-579b-4846-8ae8-fa5833af8d67.jpg,,,,082026-1,,
8894232,Magic,Avatar: The Last Airbender,Raucous Audience,190,C,Near Mint Foil,0.27,,,,,1,0.27,,0.27,https://user-content.cardcastle.co/uploads/card_user/scanned_image/df0916d1-4236-480f-ab26-b3ceb8470844.jpg,,,,082026-1,,
4955854,Magic,Modern Horizons 2,Island (483),483,C,Near Mint,0.17,,,,,1,0.17,,0.17,https://user-content.cardcastle.co/uploads/card_user/scanned_image/d788928d-999f-411f-9160-e3e355819888.jpg,,,,082026-1,,
8806892,Magic,Edge of Eternities,Island (0270),270,C,Near Mint,0.18,,,,,2,0.18,,0.18,https://user-content.cardcastle.co/uploads/card_user/scanned_image/b4d63de1-2369-4a53-8b8d-38b7de64b3eb.jpg,,,,082026-1,,
4213894,Magic,Throne of Eldraine,Island (256),256,C,Near Mint,0.2,,,,,1,0.2,,0.2,https://user-content.cardcastle.co/uploads/card_user/scanned_image/de04df69-50c0-4469-b39e-59deba0b8e06.jpg,,,,082026-1,,
6942316,Magic,Phyrexia: All Will Be One,Unnatural Restoration,191,U,Near Mint,1.47,,,,,1,1.47,,1.47,https://user-content.cardcastle.co/uploads/card_user/scanned_image/312b746e-75fb-4d14-94b0-dccd63a81163.jpg,,,,082026-1,,
4866115,Magic,Strixhaven: School of Mages,Double Major,179,R,Near Mint,2.67,,,,,1,2.67,,2.67,https://user-content.cardcastle.co/uploads/card_user/scanned_image/fe47c2e8-e313-456e-84e9-81662c2391ae.jpg,,,,082026-1,,
4836581,Magic,Strixhaven: School of Mages,Pop Quiz,49,C,Near Mint Foil,0.19,,,,,1,0.19,,0.19,https://user-content.cardcastle.co/uploads/card_user/scanned_image/1a131619-93b9-4ef9-85d9-623e1992e4dd.jpg,,,,082026-1,,
4881048,Magic,Strixhaven: Mystical Archive,Agonizing Remorse,24,U,Near Mint,0.16,,,,,1,0.16,,0.16,https://user-content.cardcastle.co/uploads/card_user/scanned_image/f198d60c-4808-407a-808c-780693c8123b.jpg,,,,082026-1,,
4867220,Magic,Strixhaven: School of Mages,Mentor's Guidance,46,U,Near Mint,0.1,,,,,1,0.1,,0.1,https://user-content.cardcastle.co/uploads/card_user/scanned_image/ebdee8db-15f9-4e21-88bc-7725c136005a.jpg,,,,082026-1,,
4855462,Magic,Strixhaven: School of Mages,Explosive Welcome,100,U,Near Mint,0.18,,,,,1,0.18,,0.18,https://user-content.cardcastle.co/uploads/card_user/scanned_image/28a868f9-4969-4fbf-bfa8-2950cd66255d.jpg,,,,082026-1,,
4857962,Magic,Strixhaven: School of Mages,Practical Research,212,U,Near Mint,0.22,,,,,1,0.22,,0.22,https://user-content.cardcastle.co/uploads/card_user/scanned_image/bcb981e8-b239-49d1-b79c-7203080f172b.jpg,,,,082026-1,,
4867000,Magic,Strixhaven: School of Mages,Mascot Interception,110,U,Near Mint,0.2,,,,,1,0.2,,0.2,https://user-content.cardcastle.co/uploads/card_user/scanned_image/674de515-96e1-491f-b50f-ec49336a6c3a.jpg,,,,082026-1,,
4849997,Magic,Strixhaven: School of Mages,Beaming Defiance,9,C,Near Mint,0.15,,,,,1,0.15,,0.15,https://user-content.cardcastle.co/uploads/card_user/scanned_image/0ce4c251-99fd-44df-abd7-a6eec12d4ce2.jpg,,,,082026-1,,
4862575,Magic,Strixhaven: School of Mages,Crushing Disappointment,68,C,Near Mint,0.15,,,,,1,0.15,,0.15,https://user-content.cardcastle.co/uploads/card_user/scanned_image/e86aa3c4-95dd-4381-8269-0cdfd3b7b21c.jpg,,,,082026-1,,
4877138,Magic,Strixhaven: School of Mages,Lash of Malice,74,C,Near Mint,0.09,,,,,1,0.09,,0.09,https://user-content.cardcastle.co/uploads/card_user/scanned_image/1f2ddd97-c9fe-44ff-968d-7ab0c2f5e2bb.jpg,,,,082026-1,,
4870258,Magic,Strixhaven: School of Mages,Mercurial Transformation,47,U,Near Mint,0.22,,,,,1,0.22,,0.22,https://user-content.cardcastle.co/uploads/card_user/scanned_image/af1cc20f-3ac7-4201-9248-9e50b628640f.jpg,,,,082026-1,,
4848617,Magic,Strixhaven: School of Mages,Swamp (370),370,C,Near Mint,0.16,,,,,1,0.16,,0.16,https://user-content.cardcastle.co/uploads/card_user/scanned_image/926711ac-54fe-4946-83f1-ac325d742634.jpg,,,,082026-1,,
4841566,Magic,The List Reprints,Bloodied Ghost,EVE-83,U,Near Mint,0.22,,,,,1,0.22,,0.22,https://user-content.cardcastle.co/uploads/card_user/scanned_image/4efbec42-1204-4606-9bb8-1f3573535092.jpg,,,,082026-1,,
4865020,Magic,Strixhaven: School of Mages,Academic Dispute,91,U,Near Mint Foil,0.34,,,,,1,0.34,,0.34,https://user-content.cardcastle.co/uploads/card_user/scanned_image/f9dd526d-e994-47c5-b942-34b8d09acb95.jpg,,,,082026-1,,
4883873,Magic,Strixhaven: Mystical Archive,Shock,44,U,Near Mint,0.23,,,,,1,0.23,,0.23,https://user-content.cardcastle.co/uploads/card_user/scanned_image/38bbf552-ce93-4760-b2d5-a9510bac51d5.jpg,,,,082026-1,,
4866780,Magic,Strixhaven: School of Mages,Closing Statement,169,U,Near Mint,0.11,,,,,1,0.11,,0.11,https://user-content.cardcastle.co/uploads/card_user/scanned_image/26cde477-1762-4e35-834e-b02976983f5d.jpg,,,,082026-1,,
4859257,Magic,Strixhaven: School of Mages,Tenured Inkcaster,88,U,Near Mint,0.09,,,,,1,0.09,,0.09,https://user-content.cardcastle.co/uploads/card_user/scanned_image/25f3e715-a0e0-427b-864a-80330a68ddf4.jpg,,,,082026-1,,
4877028,Magic,Strixhaven: School of Mages,Vortex Runner,60,C,Near Mint,0.08,,,,,1,0.08,,0.08,https://user-content.cardcastle.co/uploads/card_user/scanned_image/ee52eeb6-876c-478e-b66e-f2c2f23bfd8c.jpg,,,,082026-1,,
7960599,Magic,Commander: Modern Horizons 3,Eureka Moment,260,C,Near Mint,0.31,,,,,1,0.31,,0.31,https://user-content.cardcastle.co/uploads/card_user/scanned_image/9bcc62ed-48da-451a-b8ff-1b38c3c77884.jpg,,,,082026-1,,
4868943,Magic,Strixhaven: School of Mages,Leyline Invocation,136,C,Near Mint,0.26,,,,,1,0.26,,0.26,https://user-content.cardcastle.co/uploads/card_user/scanned_image/18656bdd-9599-4c1a-813c-c19428f75d07.jpg,,,,082026-1,,
4866335,Magic,Strixhaven: School of Mages,Biomathematician,164,C,Near Mint,0.18,,,,,1,0.18,,0.18,https://user-content.cardcastle.co/uploads/card_user/scanned_image/327c25cb-3633-41d6-953c-6428be4c3eb5.jpg,,,,082026-1,,
4864795,Magic,Strixhaven: School of Mages,Serpentine Curve,52,C,Near Mint,0.13,,,,,1,0.13,,0.13,https://user-content.cardcastle.co/uploads/card_user/scanned_image/8e6650a4-734f-4354-8cef-4faff497f0c8.jpg,,,,082026-1,,
4847767,Magic,Strixhaven: School of Mages,Environmental Sciences,1,C,Near Mint,0.23,,,,,1,0.23,,0.23,https://user-content.cardcastle.co/uploads/card_user/scanned_image/eb466553-6a4a-4cb1-87f5-17704f5b4366.jpg,,,,082026-1,,
4848782,Magic,Strixhaven: School of Mages,Mountain (373),373,C,Near Mint,0.16,,,,,1,0.16,,0.16,https://user-content.cardcastle.co/uploads/card_user/scanned_image/80bbc668-00a3-4aff-b4e3-793a9cb7a896.jpg,,,,082026-1,,
,Magic,Strixhaven Art Series,Primal Command,81,C,Near Mint,,,,,,1,,,,https://user-content.cardcastle.co/uploads/card_user/scanned_image/2206d8f4-552d-42c8-80a5-f354986d1b8a.jpg,,,,082026-1,,
8629135,Magic,Tarkir: Dragonstorm,Riling Dawnbreaker,21,C,Near Mint Foil,0.15,,,,,1,0.15,,0.15,https://user-content.cardcastle.co/uploads/card_user/scanned_image/0e02df66-6a4f-4625-8bf2-e263c21f40d9.jpg,,,,082026-1,,
8614754,Magic,Tarkir: Dragonstorm,Blossoming Sands,251,C,Near Mint Foil,0.26,,,,,1,0.26,,0.26,https://user-content.cardcastle.co/uploads/card_user/scanned_image/9c382520-abc2-4aa1-912f-076678cbbc31.jpg,,,,082026-1,,
8628595,Magic,Tarkir: Dragonstorm,Shock Brigade,120,C,Near Mint Foil,0.23,,,,,1,0.23,,0.23,https://user-content.cardcastle.co/uploads/card_user/scanned_image/84c21f93-ac3b-4c3e-99cb-652c330ca0d6.jpg,,,,082026-1,,
8628355,Magic,Tarkir: Dragonstorm,Spectral Denial,58,U,Near Mint Foil,0.68,,,,,1,0.68,,0.68,https://user-content.cardcastle.co/uploads/card_user/scanned_image/dd66fb7c-da49-456b-9ee2-47057c761087.jpg,,,,082026-1,,
8617542,Magic,Tarkir: Dragonstorm,Rite of Renewal,153,U,Near Mint Foil,0.19,,,,,1,0.19,,0.19,https://user-content.cardcastle.co/uploads/card_user/scanned_image/4f70b24d-6650-4fe0-ba88-817a879be121.jpg,,,,082026-1,,
8618013,Magic,Tarkir: Dragonstorm,Stalwart Successor,227,U,Near Mint Foil,0.3,,,,,1,0.3,,0.3,https://user-content.cardcastle.co/uploads/card_user/scanned_image/ec31c7d5-e0aa-43e6-9588-457f9dd7a7f9.jpg,,,,082026-1,,
8618308,Magic,Tarkir: Dragonstorm,Purging Stormbrood (Showcase),315,U,Near Mint,0.34,,,,,1,0.34,,0.34,https://user-content.cardcastle.co/uploads/card_user/scanned_image/de5d07eb-83c0-4df4-9b07-477bf42f9d91.jpg,,,,082026-1,,
,Magic,Tarkir: Dragonstorm,Zombie Druid,10,C,Near Mint Foil,,,,,,1,,,,https://user-content.cardcastle.co/uploads/card_user/scanned_image/04bccb3e-6beb-457d-af7a-c348380117b5.jpg,,,,082026-1,,
7943294,Magic,Modern Horizons 3,Reef Worm,271,U,Near Mint,0.29,,,,,1,0.29,,0.29,https://user-content.cardcastle.co/uploads/card_user/scanned_image/0c67944b-9077-4025-8b43-cca2bd5e6a49.jpg,,,,082026-1,,
7313569,Magic,Commander Masters,Spectral Searchlight,411,U,Near Mint,0.19,,,,,1,0.19,,0.19,https://user-content.cardcastle.co/uploads/card_user/scanned_image/0f58b54c-264d-43c9-bf6b-8a59ddfc549f.jpg,,,,082026-1,,
8342975,Magic,Foundations,Grow from the Ashes,225,C,Near Mint,0.27,,,,,2,0.27,,0.27,https://user-content.cardcastle.co/uploads/card_user/scanned_image/e4d45c95-dca2-4277-9a82-7756dd02d843.jpg,,,,082026-1,,
8295485,Magic,Foundations,Blanchwood Armor,213,U,Near Mint,0.25,,,,,5,0.25,,0.25,https://user-content.cardcastle.co/uploads/card_user/scanned_image/18db6c53-46fa-4117-ac55-a48c8337b5b3.jpg,,,,082026-1,,
8616359,Magic,Tarkir: Dragonstorm,Forest (0285),285,C,Near Mint,0.18,,,,,1,0.18,,0.18,https://user-content.cardcastle.co/uploads/card_user/scanned_image/caf56579-0281-4355-904e-1db9a826b804.jpg,,,,082026-1,,
8616419,Magic,Tarkir: Dragonstorm,Forest (0286),286,C,Near Mint,0.22,,,,,1,0.22,,0.22,https://user-content.cardcastle.co/uploads/card_user/scanned_image/16bda845-96b6-409d-9c5e-da5d7ea43692.jpg,,,,082026-1,,
8044823,Magic,Bloomburrow,Forest (0378),378,C,Near Mint,0.18,,,,,2,0.18,,0.18,https://user-content.cardcastle.co/uploads/card_user/scanned_image/d19189b9-45b7-4ca6-b258-4ab195efd4f7.jpg,,,,082026-1,,
8843941,Magic,Edge of Eternities,Susurian Voidborn,118,U,Near Mint,0.21,,,,,1,0.21,,0.21,https://user-content.cardcastle.co/uploads/card_user/scanned_image/0379f662-c587-423f-a897-116315f02d1d.jpg,,,,082026-1,,
9432764,Magic,The Hobbit,Swamp (0191),191,C,Near Mint,0.16,,,,,1,0.16,,0.16,https://user-content.cardcastle.co/uploads/card_user/scanned_image/4fd6f8da-8cd1-47da-823f-2b3e1d284852.jpg,,,,082026-1,,
9432884,Magic,The Hobbit,Forest (0193),193,C,Near Mint,0.14,,,,,1,0.14,,0.14,https://user-content.cardcastle.co/uploads/card_user/scanned_image/b9011064-e2e4-48d4-b060-e3f66f87259b.jpg,,,,082026-1,,
9432644,Magic,The Hobbit,Plains (0189),189,C,Near Mint,0.15,,,,,1,0.15,,0.15,https://user-content.cardcastle.co/uploads/card_user/scanned_image/d9922dec-1a65-4f18-84a6-332e9120af54.jpg,,,,082026-1,,
5526703,Magic,Streets of New Capenna,Brokers Hideout,248,C,Near Mint,1.48,,,,,1,1.48,,1.48,https://user-content.cardcastle.co/uploads/card_user/scanned_image/57e6876d-4e8f-4023-b89a-eedf1038b02f.jpg,,,,082026-1,,
8283890,Magic,Foundations,Mountain (0278),278,C,Near Mint,0.2,,,,,1,0.2,,0.2,https://user-content.cardcastle.co/uploads/card_user/scanned_image/62b024cb-c3cf-4e12-9e29-22dcc2a48f69.jpg,,,,082026-1,,
1255419,Magic,Khans of Tarkir,Mountain (264),264,C,Near Mint,0.2,,,,,1,0.2,,0.2,https://user-content.cardcastle.co/uploads/card_user/scanned_image/900745e3-6085-4d65-b1c8-821036cc4323.jpg,,,,082026-1,,
6910870,Magic,Phyrexia: All Will Be One,Mountain (265) - Full Art,265,C,Near Mint,0.28,,,,,1,0.28,,0.28,https://user-content.cardcastle.co/uploads/card_user/scanned_image/2886d91d-9a9a-4c9b-a919-7e9a39feb562.jpg,,,,082026-1,,
8045123,Magic,Bloomburrow,Mountain (0375),375,C,Near Mint,0.16,,,,,5,0.16,,0.16,https://user-content.cardcastle.co/uploads/card_user/scanned_image/ba7dcbe3-3de0-419b-9154-c1c45cbeb81b.jpg,,,,082026-1,,
8045063,Magic,Bloomburrow,Mountain (0376),376,C,Near Mint,0.23,,,,,1,0.23,,0.23,https://user-content.cardcastle.co/uploads/card_user/scanned_image/f75a1c17-6dd0-40e0-bae6-16e7cf3700d6.jpg,,,,082026-1,,
1124964,Magic,Magic 2014 (M14),Swamp (238),238,C,Near Mint,0.18,,,,,1,0.18,,0.18,https://user-content.cardcastle.co/uploads/card_user/scanned_image/44761b4c-6914-403d-9b84-5a330758205f.jpg,,,,082026-1,,
4948187,Magic,Adventures in the Forgotten Realms,Swamp (273),273,C,Near Mint,0.16,,,,,2,0.16,,0.16,https://user-content.cardcastle.co/uploads/card_user/scanned_image/b0806b7e-0bd9-4acd-a105-70cdfd249405.jpg,,,,082026-1,,
8463226,Magic,Innistrad Remastered,Swamp (292) (Retro Frame),292,C,Near Mint,0.52,,,,,1,0.52,,0.52,https://user-content.cardcastle.co/uploads/card_user/scanned_image/36b27a43-22e4-45dc-b06a-566afdc7aaf2.jpg,,,,082026-1,,
391315,Magic,Magic 2011 (M11),Swamp (240),240,C,Near Mint,0.14,,,,,1,0.14,,0.14,https://user-content.cardcastle.co/uploads/card_user/scanned_image/8d5d499d-f70f-4a4d-8ac1-a7ba094acd25.jpg,,,,082026-1,,
7536507,Magic,Commander: The Lost Caverns of Ixalan,Indulgent Aristocrat,200,U,Near Mint,0.25,,,,,1,0.25,,0.25,https://user-content.cardcastle.co/uploads/card_user/scanned_image/1332f04d-2423-4b45-bd78-9c7fce1d711e.jpg,,,,082026-1,,
8294985,Magic,Foundations,Vampire Gourmand,74,U,Near Mint,0.22,,,,,1,0.22,,0.22,https://user-content.cardcastle.co/uploads/card_user/scanned_image/98ef356c-0746-49bf-8be7-919c7343b94d.jpg,,,,082026-1,,
7622560,Magic,Ravnica Remastered,Shadow Alley Denizen,92,C,Near Mint,0.21,,,,,1,0.21,,0.21,https://user-content.cardcastle.co/uploads/card_user/scanned_image/73b02da3-44ed-40e5-946c-d321eb08fba6.jpg,,,,082026-1,,
26421,Magic,Future Sight,Minions' Murmurs,71,U,Near Mint,0.24,,,,,1,0.24,,0.24,https://user-content.cardcastle.co/uploads/card_user/scanned_image/c1e9204d-7dc2-4d09-93ba-6150a5217e18.jpg,,,,082026-1,,
8340015,Magic,Foundations,Vengeful Bloodwitch (Borderless),325,U,Near Mint,0.26,,,,,1,0.26,,0.26,https://user-content.cardcastle.co/uploads/card_user/scanned_image/b9f28a0c-e1d2-4444-9999-c10b27388f64.jpg,,,,082026-1,,
1077223,Magic,Dragon's Maze,Tithe Drinker,109,C,Near Mint,0.24,,,,,1,0.24,,0.24,https://user-content.cardcastle.co/uploads/card_user/scanned_image/2d9374af-191e-4053-a55c-83faf7bc0152.jpg,,,,082026-1,,
7536682,Magic,Commander: The Lost Caverns of Ixalan,Cruel Celebrant,267,U,Near Mint,1.3,,,,,1,1.3,,1.3,https://user-content.cardcastle.co/uploads/card_user/scanned_image/ac9fc46d-3856-4387-93b5-913717cbf6e4.jpg,,,,082026-1,,
3159441,Magic,Eldritch Moon,Vampire Cutthroat,110,U,Near Mint,0.64,,,,,1,0.64,,0.64,https://user-content.cardcastle.co/uploads/card_user/scanned_image/ec271ee7-2eeb-4973-8b88-516f34eef1a2.jpg,,,,082026-1,,
8309062,Magic,Foundations Jumpstart,Insolent Neonate,566,C,Near Mint,0.32,,,,,1,0.32,,0.32,https://user-content.cardcastle.co/uploads/card_user/scanned_image/eaf8d5ef-3dba-42b0-bcb6-df829ca1a370.jpg,,,,082026-1,,
5336300,Magic,Innistrad: Double Feature,Vampire Socialite,249,U,Near Mint,4.11,,,,,1,4.11,,4.11,https://user-content.cardcastle.co/uploads/card_user/scanned_image/0835bb05-ece7-4803-b6c4-3a9a968d2a0f.jpg,,,,082026-1,,
3469218,Magic,Ixalan,Vicious Conquistador,128,U,Near Mint,0.32,,,,,1,0.32,,0.32,https://user-content.cardcastle.co/uploads/card_user/scanned_image/af11394d-96c2-4745-a449-2eef271a19d7.jpg,,,,082026-1,,
7815655,Magic,Outlaws of Thunder Junction,Ruthless Lawbringer,229,U,Near Mint,0.23,,,,,1,0.23,,0.23,https://user-content.cardcastle.co/uploads/card_user/scanned_image/4198d461-4c6c-4bcc-801c-19e86b89922e.jpg,,,,082026-1,,
8060189,Magic,Commander: Bloomburrow,Bastion of Remembrance,179,U,Near Mint,0.38,,,,,1,0.38,,0.38,https://user-content.cardcastle.co/uploads/card_user/scanned_image/4e79ea8d-e2d3-434e-a864-8b4c8b659e9a.jpg,,,,082026-1,,
474904,Magic,Magic 2012 (M12),Blood Seeker,81,C,Near Mint,0.2,,,,,1,0.2,,0.2,https://user-content.cardcastle.co/uploads/card_user/scanned_image/e648ba96-88bc-4936-b966-a9c841fea4ed.jpg,,,,082026-1,,
9431164,Magic,The Hobbit,"Ori, Keeper of Songs",23,C,Near Mint,0.16,,,,,2,0.16,,0.16,https://user-content.cardcastle.co/uploads/card_user/scanned_image/ab2baf19-42fa-4ba7-874e-4974a2bc03bb.jpg,,,,082026-1,,
9441418,Magic,The Hobbit,Goblin-town Flunkies,100,C,Near Mint,0.17,,,,,4,0.17,,0.17,https://user-content.cardcastle.co/uploads/card_user/scanned_image/1ab38df9-a8d4-460b-9285-cb810ceed90c.jpg,,,,082026-1,,
9278497,Magic,The Hobbit,Wood Elves,142,C,Near Mint,1.02,,,,,5,1.02,,1.02,https://user-content.cardcastle.co/uploads/card_user/scanned_image/503eea35-0df0-4ada-a360-c437ee06fc8f.jpg,,,,082026-1,,
9429978,Magic,The Hobbit,Desolation Prowler,64,U,Near Mint,0.16,,,,,1,0.16,,0.16,https://user-content.cardcastle.co/uploads/card_user/scanned_image/3989e6b4-577f-414c-b582-b769d1c41f76.jpg,,,,082026-1,,
9443265,Magic,The Hobbit,Old Thrush,2,C,Near Mint,0.12,,,,,3,0.12,,0.12,https://user-content.cardcastle.co/uploads/card_user/scanned_image/ae67451b-da97-4397-b6e7-d213af1014ab.jpg,,,,082026-1,,
9440078,Magic,The Hobbit,Lakeshore Apothecary,43,C,Near Mint,0.14,,,,,1,0.14,,0.14,https://user-content.cardcastle.co/uploads/card_user/scanned_image/afccdf85-0a6c-4bbe-8288-3be200709da9.jpg,,,,082026-1,,
9432524,Magic,The Hobbit,Lake-town,186,C,Near Mint,0.1,,,,,2,0.1,,0.1,https://user-content.cardcastle.co/uploads/card_user/scanned_image/c6bfe478-7383-493e-8147-125ca69ae343.jpg,,,,082026-1,,
9431884,Magic,The Hobbit,Hobbit Hole,184,C,Near Mint,0.21,,,,,2,0.21,,0.21,https://user-content.cardcastle.co/uploads/card_user/scanned_image/1350d12a-4b5c-4d29-90f1-76d11331bfd0.jpg,,,,082026-1,,
9432584,Magic,The Hobbit,Mirkwood,188,C,Near Mint,0.16,,,,,2,0.16,,0.16,https://user-content.cardcastle.co/uploads/card_user/scanned_image/f2338936-c2e0-42e2-bed9-3a4db3022b37.jpg,,,,082026-1,,
9432464,Magic,The Hobbit,Iron Hills,185,C,Near Mint,0.21,,,,,1,0.21,,0.21,https://user-content.cardcastle.co/uploads/card_user/scanned_image/eda845ef-2e04-46cf-9526-8416d5846239.jpg,,,,082026-1,,
9432704,Magic,The Hobbit,Island (0190),190,C,Near Mint,0.12,,,,,2,0.12,,0.12,https://user-content.cardcastle.co/uploads/card_user/scanned_image/ecbad7ed-7637-47fc-9842-16cdcf241fa1.jpg,,,,082026-1,,
9443435,Magic,The Hobbit,Guardian of the Halls,127,C,Near Mint,0.16,,,,,1,0.16,,0.16,https://user-content.cardcastle.co/uploads/card_user/scanned_image/77bbbec7-9da6-4ff1-85a5-3025f8c4b0d3.jpg,,,,082026-1,,
9432124,Magic,The Hobbit,Ordinary Bear,133,C,Near Mint,0.19,,,,,4,0.19,,0.19,https://user-content.cardcastle.co/uploads/card_user/scanned_image/125414c6-35e3-46fa-bee7-9ac42072ffd2.jpg,,,,082026-1,,
9426482,Magic,The Hobbit,Mirkwood Pathmaker,129,U,Near Mint,0.27,,,,,1,0.27,,0.27,https://user-content.cardcastle.co/uploads/card_user/scanned_image/0eac2668-ac42-4c6a-8cd2-539dea12f8ca.jpg,,,,082026-1,,
9430543,Magic,The Hobbit,Woodland Weavemaster,143,U,Near Mint,0.26,,,,,1,0.26,,0.26,https://user-content.cardcastle.co/uploads/card_user/scanned_image/3dfb1e49-8f60-4798-b342-4736a29e6288.jpg,,,,082026-1,,
9445720,Magic,The Hobbit,Troll Negotiations,138,U,Near Mint,0.09,,,,,2,0.09,,0.09,https://user-content.cardcastle.co/uploads/card_user/scanned_image/d608020f-4c5d-42cc-a08b-f5e4814cdc83.jpg,,,,082026-1,,
9439618,Magic,The Hobbit,"Bofur, Reliable Guardian (Showcase)",215,U,Near Mint,0.26,,,,,1,0.26,,0.26,https://user-content.cardcastle.co/uploads/card_user/scanned_image/24d500b3-1606-4396-966c-28062cb8d09d.jpg,,,,082026-1,,
9441178,Magic,The Hobbit,Rage into the Valley (Borderless),200,C,Near Mint,0.24,,,,,2,0.24,,0.24,https://user-content.cardcastle.co/uploads/card_user/scanned_image/072292ff-13e5-4bff-9f48-c707d3576a4f.jpg,,,,082026-1,,
9439558,Magic,The Hobbit,Thorin's Last Stand (Borderless),209,C,Near Mint,0.18,,,,,1,0.18,,0.18,https://user-content.cardcastle.co/uploads/card_user/scanned_image/753545af-e78d-470e-8143-8a646733ccc0.jpg,,,,082026-1,,
9441238,Magic,The Hobbit,Dreaded Bat-Cloud (Borderless),206,U,Near Mint,0.28,,,,,1,0.28,,0.28,https://user-content.cardcastle.co/uploads/card_user/scanned_image/c47309b4-29b6-4b4c-9a6d-befbbe3584c6.jpg,,,,082026-1,,
9430103,Magic,The Hobbit,Great Ugly-Looking Goblin (Showcase),223,U,Near Mint,0.27,,,,,1,0.27,,0.27,https://user-content.cardcastle.co/uploads/card_user/scanned_image/cfffb394-e7ab-4b6d-a96c-a111e758c767.jpg,,,,082026-1,,
9413278,Magic,The Hobbit,"Bilbo, Luckwearer (Showcase)",218,U,Near Mint,0.31,,,,,1,0.31,,0.31,https://user-content.cardcastle.co/uploads/card_user/scanned_image/8fb402ab-ba7c-4bfc-9f08-3105e3fd9bec.jpg,,,,082026-1,,
9442378,Magic,The Hobbit,The Black Arrow,171,U,Near Mint,0.21,,,,,1,0.21,,0.21,https://user-content.cardcastle.co/uploads/card_user/scanned_image/73519688-37e4-47ff-bdb8-ff46b2a58def.jpg,,,,082026-1,,
9442558,Magic,The Hobbit,Well-Worn Spatula,180,C,Near Mint,0.08,,,,,1,0.08,,0.08,https://user-content.cardcastle.co/uploads/card_user/scanned_image/3a752caf-29d2-4c7f-abb8-1fd2fabffc58.jpg,,,,082026-1,,
9443105,Magic,The Hobbit,Long-Bodied Grey Dog,1,C,Near Mint,0.16,,,,,1,0.16,,0.16,https://user-content.cardcastle.co/uploads/card_user/scanned_image/a6d6c1f8-d39e-4dff-841a-05803d865ac5.jpg,,,,082026-1,,
9443375,Magic,The Hobbit,Troop of Ponies,3,U,Near Mint,0.26,,,,,2,0.26,,0.26,https://user-content.cardcastle.co/uploads/card_user/scanned_image/c3662862-8978-4ff7-9ebe-94b2fafd8027.jpg,,,,082026-1,,
,Magic,The Hobbit,Dragon,5,C,Near Mint,,,,,,1,,,,https://user-content.cardcastle.co/uploads/card_user/scanned_image/673aa488-42ee-404a-a21b-29c452390483.jpg,,,,082026-1,,
,Magic,The Hobbit,Goblin Army,3,C,Near Mint,,,,,,1,,,,https://user-content.cardcastle.co/uploads/card_user/scanned_image/4fd6ecd5-9b1c-458a-9721-f8bd67697288.jpg,,,,082026-1,,
9443165,Magic,The Hobbit,Attercop,116,C,Near Mint,0.18,,,,,1,0.18,,0.18,https://user-content.cardcastle.co/uploads/card_user/scanned_image/e441ac54-43d0-46a7-9b24-cab482bdd6df.jpg,,,,082026-1,,
9438838,Magic,The Hobbit,Esgaroth Garrison,13,C,Near Mint,0.1,,,,,2,0.1,,0.1,https://user-content.cardcastle.co/uploads/card_user/scanned_image/2949f326-9eb7-4c42-9e66-ee7c7fd851df.jpg,,,,082026-1,,
9440138,Magic,The Hobbit,Long Lake Nuisance,45,C,Near Mint,0.07,,,,,2,0.07,,0.07,https://user-content.cardcastle.co/uploads/card_user/scanned_image/057d192a-e9d9-4d5e-8f56-5a58f7520341.jpg,,,,082026-1,,
9446400,Magic,The Hobbit,Wargling,140,C,Near Mint,0.17,,,,,2,0.17,,0.17,https://user-content.cardcastle.co/uploads/card_user/scanned_image/a2e4f914-c0bb-4663-af92-b1e6b77749f4.jpg,,,,082026-1,,
9441658,Magic,The Hobbit,Pinecone Strike,107,C,Near Mint,0.13,,,,,1,0.13,,0.13,https://user-content.cardcastle.co/uploads/card_user/scanned_image/0504c28a-572b-4f27-ad31-a48a6e744e5b.jpg,,,,082026-1,,
9426200,Magic,The Hobbit,Misty Mountains Raider,105,U,Near Mint,0.35,,,,,2,0.35,,0.35,https://user-content.cardcastle.co/uploads/card_user/scanned_image/6655e6d8-72f3-4277-9d0b-4f64c2855ffe.jpg,,,,082026-1,,
9419250,Magic,The Hobbit,Gollum the Abandoned,72,U,Near Mint,0.17,,,,,1,0.17,,0.17,https://user-content.cardcastle.co/uploads/card_user/scanned_image/6747fa96-a5dd-4636-b988-7d79730f7190.jpg,,,,082026-1,,
9435297,Magic,The Hobbit,Dwarven Mattock,172,U,Near Mint,0.22,,,,,2,0.22,,0.22,https://user-content.cardcastle.co/uploads/card_user/scanned_image/185c2ebd-aa2c-40fc-b3bd-9a07c57cd083.jpg,,,,082026-1,,
9431644,Magic,The Hobbit,"Nori, Teller of Tales",161,C,Near Mint,0.16,,,,,1,0.16,,0.16,https://user-content.cardcastle.co/uploads/card_user/scanned_image/52f53290-126f-4af9-89bd-7747c2c269ba.jpg,,,,082026-1,,
9431584,Magic,The Hobbit,Mirkwood Nurturer,160,C,Near Mint,0.14,,,,,2,0.14,,0.14,https://user-content.cardcastle.co/uploads/card_user/scanned_image/9af0e840-2752-49cc-85e4-8921e69390a0.jpg,,,,082026-1,,
9440618,Magic,The Hobbit,Crude Bent Blade,63,C,Near Mint,0.09,,,,,1,0.09,,0.09,https://user-content.cardcastle.co/uploads/card_user/scanned_image/4fe26f2a-48c4-4fcf-af3b-c11a111946a0.jpg,,,,082026-1,,
9430043,Magic,The Hobbit,Great Ugly-Looking Goblin,74,U,Near Mint,0.22,,,,,1,0.22,,0.22,https://user-content.cardcastle.co/uploads/card_user/scanned_image/6c0735ec-a201-4b1d-abb3-b148901a0a71.jpg,,,,082026-1,,
9439378,Magic,The Hobbit,Thorin's Last Stand,28,C,Near Mint,0.12,,,,,1,0.12,,0.12,https://user-content.cardcastle.co/uploads/card_user/scanned_image/3dbe7f32-d2ab-4c06-b640-9b3b2a579d68.jpg,,,,082026-1,,
9439898,Magic,The Hobbit,Elvenking's Harper,38,C,Near Mint,0.1,,,,,1,0.1,,0.1,https://user-content.cardcastle.co/uploads/card_user/scanned_image/130792d6-d47a-4bb7-8e1b-0b30172278b8.jpg,,,,082026-1,,
9439958,Magic,The Hobbit,Enchanted River's Grasp,39,C,Near Mint,0.13,,,,,1,0.13,,0.13,https://user-content.cardcastle.co/uploads/card_user/scanned_image/6cb7a4e5-541f-4c63-85ad-67cfbba148ff.jpg,,,,082026-1,,
9420504,Magic,The Hobbit,Thranduil's Decree,56,U,Near Mint,0.2,,,,,1,0.2,,0.2,https://user-content.cardcastle.co/uploads/card_user/scanned_image/da69ff8a-fb94-4374-a986-c94c4012bb89.jpg,,,,082026-1,,
9426260,Magic,The Hobbit,Beorn's Hospitality,120,U,Near Mint,0.27,,,,,1,0.27,,0.27,https://user-content.cardcastle.co/uploads/card_user/scanned_image/8b95302c-3dff-4b0d-9313-2af233d70cf5.jpg,,,,082026-1,,
9413558,Magic,The Hobbit,"Bifur, Melodic Rider",147,U,Near Mint,0.23,,,,,1,0.23,,0.23,https://user-content.cardcastle.co/uploads/card_user/scanned_image/5f1055c8-9eba-427b-975a-0d9ccf18411e.jpg,,,,082026-1,,
9438778,Magic,The Hobbit,Dwarven Shortsword,10,C,Near Mint,0.16,,,,,1,0.16,,0.16,https://user-content.cardcastle.co/uploads/card_user/scanned_image/16efc9ff-6b8d-48c3-b2a9-43eb9ef0bf3d.jpg,,,,082026-1,,
9440798,Magic,The Hobbit,Great Fierce Bee,73,C,Near Mint,0.11,,,,,1,0.11,,0.11,https://user-content.cardcastle.co/uploads/card_user/scanned_image/6cfc46b3-9dbb-4730-a0a8-b727bc5f2fee.jpg,,,,082026-1,,
9439078,Magic,The Hobbit,Lake-town Lookout,18,C,Near Mint,0.12,,,,,1,0.12,,0.12,https://user-content.cardcastle.co/uploads/card_user/scanned_image/c6cba419-ad52-439c-b821-2a89dd2d9a2f.jpg,,,,082026-1,,
9439838,Magic,The Hobbit,Confusticate and Bebother,35,C,Near Mint,0.1,,,,,1,0.1,,0.1,https://user-content.cardcastle.co/uploads/card_user/scanned_image/1785b6eb-d7dd-4f00-af88-3bf87e077302.jpg,,,,082026-1,,
9431404,Magic,The Hobbit,"Beorn, Reluctant Host",118,C,Near Mint,0.13,,,,,1,0.13,,0.13,https://user-content.cardcastle.co/uploads/card_user/scanned_image/dec092a7-685a-4308-b38e-b562ea0eef9f.jpg,,,,082026-1,,
9431704,Magic,The Hobbit,Patient Instructor,162,C,Near Mint,0.09,,,,,1,0.09,,0.09,https://user-content.cardcastle.co/uploads/card_user/scanned_image/c6520dc4-9ad8-444e-bd01-60dcac6f1b14.jpg,,,,082026-1,,
9441478,Magic,The Hobbit,Gundabad Opportunist,101,C,Near Mint,0.12,,,,,1,0.12,,0.12,https://user-content.cardcastle.co/uploads/card_user/scanned_image/5737cf84-eacd-49b5-bf51-dd6a413f82e9.jpg,,,,082026-1,,
8890702,Magic,Avatar: The Last Airbender,"Katara, Bending Prodigy",59,U,Near Mint Foil,0.32,,,,,1,0.32,,0.32,https://user-content.cardcastle.co/uploads/card_user/scanned_image/ee38e12b-1a9d-4b5b-ac04-b9fb9f27b200.jpg,,,,082026-1,,
8989046,Magic,Avatar: The Last Airbender,Jet's Brainwashing,143,U,Near Mint Foil,0.24,,,,,1,0.24,,0.24,https://user-content.cardcastle.co/uploads/card_user/scanned_image/a49d141d-63af-4636-9964-74648717b2e2.jpg,,,,082026-1,,
8891649,Magic,Avatar: The Last Airbender: Eternal-Legal,Purple Pentapus,233,C,Near Mint Foil,0.31,,,,,1,0.31,,0.31,https://user-content.cardcastle.co/uploads/card_user/scanned_image/5dd4d412-cbae-4552-86e0-3ef39e5bfd64.jpg,,,,082026-1,,
8894052,Magic,Avatar: The Last Airbender: Eternal-Legal,Hippo-Cows,252,C,Near Mint Foil,0.26,,,,,2,0.26,,0.26,https://user-content.cardcastle.co/uploads/card_user/scanned_image/395df586-5652-4e70-bd47-da9c8c739909.jpg,,,,082026-1,,
8893562,Magic,Avatar: The Last Airbender: Eternal-Legal,Roku's Mastery,243,U,Near Mint Foil,0.38,,,,,1,0.38,,0.38,https://user-content.cardcastle.co/uploads/card_user/scanned_image/0dcd7d44-2d18-46b2-a8de-d250846d396f.jpg,,,,082026-1,,
8889505,Magic,Avatar: The Last Airbender,Rabaroo Troop,32,C,Near Mint Foil,0.21,,,,,1,0.21,,0.21,https://user-content.cardcastle.co/uploads/card_user/scanned_image/16ce4039-8ba1-4c13-bede-a4209fa49d71.jpg,,,,082026-1,,
,Magic,Avatar: the Last Airbender Art Series,"Sokka, Tenacious Tactician",23,C,Near Mint,,,,,,1,,,,https://user-content.cardcastle.co/uploads/card_user/scanned_image/d09b0686-3569-4e5e-91f0-faf4ba771532.jpg,,,,082026-1,,
8998796,Magic,Avatar: The Last Airbender,Benevolent River Spirit,45,U,Near Mint Foil,0.25,,,,,1,0.25,,0.25,https://user-content.cardcastle.co/uploads/card_user/scanned_image/7e5d5d8e-2f41-45b1-b537-3bb5cb463b51.jpg,,,,082026-1,,
8893722,Magic,Avatar: The Last Airbender,"Zuko, Exiled Prince",163,U,Near Mint Foil,0.3,,,,,1,0.3,,0.3,https://user-content.cardcastle.co/uploads/card_user/scanned_image/592a5085-60d9-4d7b-8d5d-b7762ed0c0ae.jpg,,,,082026-1,,
8988441,Magic,Avatar: The Last Airbender,Fire Nation Warship,256,U,Near Mint Foil,0.24,,,,,1,0.24,,0.24,https://user-content.cardcastle.co/uploads/card_user/scanned_image/ba1b855d-4da0-4824-acdf-13151d3aa47a.jpg,,,,082026-1,,
8891268,Magic,Avatar: The Last Airbender,Corrupt Court Official,92,C,Near Mint Foil,0.14,,,,,1,0.14,,0.14,https://user-content.cardcastle.co/uploads/card_user/scanned_image/fb72cee3-51c9-4e81-8c55-a6b98ffb968b.jpg,,,,082026-1,,
8976346,Magic,Avatar: The Last Airbender,Cunning Maneuver,130,C,Near Mint Foil,0.21,,,,,1,0.21,,0.21,https://user-content.cardcastle.co/uploads/card_user/scanned_image/e0f48fad-ca27-434c-9ef5-b6b156372a4c.jpg,,,,082026-1,,
9003536,Magic,Avatar: The Last Airbender: Eternal-Legal,Diresight,162,C,Near Mint Foil,0.33,,,,,1,0.33,,0.33,https://user-content.cardcastle.co/uploads/card_user/scanned_image/16860c6c-a26e-4e58-b895-257c55800796.jpg,,,,082026-1,,
9001016,Magic,Avatar: The Last Airbender: Eternal-Legal,Suspicious Bookcase,170,U,Near Mint Foil,0.36,,,,,1,0.36,,0.36,https://user-content.cardcastle.co/uploads/card_user/scanned_image/870ea87f-d524-4f40-a058-ba650b778a1e.jpg,,,,082026-1,,
8323712,Magic,Foundations,Elvish Regrower,104,U,Near Mint,0.17,,,,,1,0.17,,0.17,https://user-content.cardcastle.co/uploads/card_user/scanned_image/504e5bdc-fe78-42dd-ab93-10d33b94929f.jpg,,,,082026-1,,
8336335,Magic,Foundations,Stab,71,C,Near Mint,0.2,,,,,1,0.2,,0.2,https://user-content.cardcastle.co/uploads/card_user/scanned_image/2b77c320-a545-4b08-bbc6-b31b7a78fce8.jpg,,,,082026-1,,
8341995,Magic,Foundations,Incinerating Blast,90,C,Near Mint,0.07,,,,,1,0.07,,0.07,https://user-content.cardcastle.co/uploads/card_user/scanned_image/61ad859e-505d-4669-93ab-e0de07aa26aa.jpg,,,,082026-1,,
8334475,Magic,Foundations,Bloodfell Caves,259,C,Near Mint,0.29,,,,,1,0.29,,0.29,https://user-content.cardcastle.co/uploads/card_user/scanned_image/679b6b41-f898-42b3-b62c-6f10048d94b2.jpg,,,,082026-1,,
8100118,Magic,Foundations,Felidar Savior,12,C,Near Mint,0.18,,,,,1,0.18,,0.18,https://user-content.cardcastle.co/uploads/card_user/scanned_image/6f8ea091-02ed-4199-8bf1-bf9358f2e86a.jpg,,,,082026-1,,
8174509,Magic,Duskmourn: House of Horror,Trapped in the Screen,36,C,Near Mint Foil,0.29,,,,,1,0.29,,0.29,https://user-content.cardcastle.co/uploads/card_user/scanned_image/99873336-b48e-4fd6-adc2-875d77d596f1.jpg,,,,082026-1,,
7187679,Magic,Universes Beyond: The Lord of the Rings: Tales of Middle-earth,Slip on the Ring,31,C,Near Mint Foil,0.31,,,,,1,0.31,,0.31,https://user-content.cardcastle.co/uploads/card_user/scanned_image/bc051eb6-1a88-41f6-a3fb-85137967185c.jpg,,,,082026-1,,
8338380,Magic,Foundations,Squad Rallier,24,C,Near Mint Foil,0.14,,,,,1,0.14,,0.14,https://user-content.cardcastle.co/uploads/card_user/scanned_image/c6d09261-5c76-4fac-bc2d-8f9dd842122f.jpg,,,,082026-1,,
8906835,Magic,Marvel's Spider-Man,Costume Closet,5,U,Near Mint Foil,0.27,,,,,2,0.27,,0.27,https://user-content.cardcastle.co/uploads/card_user/scanned_image/4476f88c-c640-45cc-97b5-60d28e9c0e5e.jpg,,,,082026-1,,
8861077,Magic,Marvel's Spider-Man: Eternal-Legal,"MJ, Rising Star",3,U,Near Mint Foil,0.37,,,,,2,0.37,,0.37,https://user-content.cardcastle.co/uploads/card_user/scanned_image/344ccf92-ba5e-477f-b172-c0b7a561a858.jpg,,,,082026-1,,
8921273,Magic,Marvel's Spider-Man,Sudden Strike,19,U,Near Mint Foil,0.23,,,,,1,0.23,,0.23,https://user-content.cardcastle.co/uploads/card_user/scanned_image/3b0c440f-7626-4e31-a27d-7f4d3e011801.jpg,,,,082026-1,,
8914170,Magic,Marvel's Spider-Man,Web-Shooters,22,U,Near Mint Foil,0.31,,,,,1,0.31,,0.31,https://user-content.cardcastle.co/uploads/card_user/scanned_image/58fb7bbf-5cd1-455c-8798-41be36ecf942.jpg,,,,082026-1,,
8861130,Magic,Marvel's Spider-Man,Thwip!,20,C,Near Mint Foil,0.27,,,,,3,0.27,,0.27,https://user-content.cardcastle.co/uploads/card_user/scanned_image/876d0fcd-69f1-4ea1-843b-af92af50749f.jpg,,,,082026-1,,
8861027,Magic,Marvel's Spider-Man: Eternal-Legal,Amateur Hero,1,C,Near Mint Foil,0.29,,,,,3,0.29,,0.29,https://user-content.cardcastle.co/uploads/card_user/scanned_image/0702b947-1754-4cd5-a58f-ef39695ed24c.jpg,,,,082026-1,,
8839531,Magic,Edge of Eternities,Exosuit Savior,16,C,Near Mint Foil,0.15,,,,,1,0.15,,0.15,https://user-content.cardcastle.co/uploads/card_user/scanned_image/eed5145e-550b-4716-8262-5932e2191faa.jpg,,,,082026-1,,
8839051,Magic,Edge of Eternities,Brightspear Zealot,8,C,Near Mint Foil,0.18,,,,,1,0.18,,0.18,https://user-content.cardcastle.co/uploads/card_user/scanned_image/f8d80ffc-1806-4aab-a2cd-748963ef1012.jpg,,,,082026-1,,
8824826,Magic,Edge of Eternities,Pulsar Squadron Ace,28,U,Near Mint Foil,0.22,,,,,1,0.22,,0.22,https://user-content.cardcastle.co/uploads/card_user/scanned_image/6448661f-4dc0-4a7d-83c7-19114b15a55c.jpg,,,,082026-1,,
8802175,Magic,Edge of Eternities,Starfighter Pilot,38,C,Near Mint Foil,0.22,,,,,1,0.22,,0.22,https://user-content.cardcastle.co/uploads/card_user/scanned_image/14c7a1bd-f2c1-457f-87e6-57482b691318.jpg,,,,082026-1,,
5831689,Magic,Unfinity,Bar Entry,4,C,Near Mint Foil,0.24,,,,,1,0.24,,0.24,https://user-content.cardcastle.co/uploads/card_user/scanned_image/fbf31acf-a6ca-4774-ab44-53b2ce18b9c7.jpg,,,,082026-1,,
7989519,Magic,Universes Beyond: Assassin's Creed,Haystack,5,U,Near Mint Foil,0.36,,,,,1,0.36,,0.36,https://user-content.cardcastle.co/uploads/card_user/scanned_image/f8c1466d-18a0-404e-9cf2-71d065080906.jpg,,,,082026-1,,
8336840,Magic,Foundations,Dauntless Veteran,8,U,Near Mint Foil,0.2,,,,,1,0.2,,0.2,https://user-content.cardcastle.co/uploads/card_user/scanned_image/b690377e-4261-4f92-9faf-4749fb6dcf51.jpg,,,,082026-1,,
8294130,Magic,Foundations,Claws Out,6,U,Near Mint Foil,0.32,,,,,2,0.32,,0.32,https://user-content.cardcastle.co/uploads/card_user/scanned_image/62642096-7244-425d-b554-940a916f87fe.jpg,,,,082026-1,,
8186439,Magic,Duskmourn: House of Horror,Splitskin Doll,33,U,Near Mint Foil,0.31,,,,,1,0.31,,0.31,https://user-content.cardcastle.co/uploads/card_user/scanned_image/c38b6fa6-f291-416c-8f56-51aa7e1796ac.jpg,,,,082026-1,,
8357496,Magic,Foundations,Felidar Savior,12,C,Near Mint Foil,0.26,,,,,1,0.26,,0.26,https://user-content.cardcastle.co/uploads/card_user/scanned_image/5bba73b5-516b-48b1-85b5-c6ee8a935254.jpg,,,,082026-1,,
8712359,Magic,FINAL FANTASY,Phoenix Down,29,U,Near Mint Foil,0.31,,,,,1,0.31,,0.31,https://user-content.cardcastle.co/uploads/card_user/scanned_image/be7f66d0-af93-4740-99c9-564d9d66b88a.jpg,,,,082026-1,,
8693115,Magic,Commander: FINAL FANTASY,Secret Rendezvous (0217),217,U,Near Mint Foil,3.44,,,,,1,3.44,,3.44,https://user-content.cardcastle.co/uploads/card_user/scanned_image/af625add-ad08-494a-b47b-4fdb57576b89.jpg,,,,082026-1,,
8861108,Magic,Marvel's Spider-Man,Selfless Police Captain,12,C,Near Mint Foil,0.21,,,,,2,0.21,,0.21,https://user-content.cardcastle.co/uploads/card_user/scanned_image/8edda279-46ef-403f-9134-39a509079dc7.jpg,,,,082026-1,,
8289380,Magic,Foundations,Savannah Lions,146,U,Near Mint Foil,0.28,,,,,1,0.28,,0.28,https://user-content.cardcastle.co/uploads/card_user/scanned_image/c3685142-f080-42b8-bf6b-b288ce80e02c.jpg,,,,082026-1,,
5837359,Magic,Unfinity,Aerialephant,2,C,Near Mint Foil,0.1,,,,,1,0.1,,0.1,https://user-content.cardcastle.co/uploads/card_user/scanned_image/3c2840c2-24a7-4346-81c3-2d19b59396ea.jpg,,,,082026-1,,
7956824,Magic,Modern Horizons 3,Wing It,48,C,Near Mint Foil,0.25,,,,,1,0.25,,0.25,https://user-content.cardcastle.co/uploads/card_user/scanned_image/e9d1a0b3-e786-4a2d-ae1d-c8d599ccc884.jpg,,,,082026-1,,
7956664,Magic,Modern Horizons 3,Solstice Zealot,43,C,Near Mint Foil,0.19,,,,,1,0.19,,0.19,https://user-content.cardcastle.co/uploads/card_user/scanned_image/54dd89ea-8e19-4eda-a61d-63464e2b132a.jpg,,,,082026-1,,
8357666,Magic,Foundations,Prideful Parent,21,C,Near Mint Foil,0.28,,,,,1,0.28,,0.28,https://user-content.cardcastle.co/uploads/card_user/scanned_image/de6e5d82-4ca0-4b90-8713-f2a4b8b1e9db.jpg,,,,082026-1,,
7551207,Magic,The Lost Caverns of Ixalan,Quicksand Whirlpool,31,C,Near Mint Foil,0.18,,,,,1,0.18,,0.18,https://user-content.cardcastle.co/uploads/card_user/scanned_image/8035b916-34eb-48f0-aeae-058f2ed62060.jpg,,,,082026-1,,
8827389,Magic,Edge of Eternities,Radiant Strike,29,C,Near Mint Foil,0.18,,,,,1,0.18,,0.18,https://user-content.cardcastle.co/uploads/card_user/scanned_image/eeed3804-87c4-4cfa-81c8-1401ae185455.jpg,,,,082026-1,,
8839831,Magic,Edge of Eternities,Knight Luminary,23,C,Near Mint Foil,0.14,,,,,1,0.14,,0.14,https://user-content.cardcastle.co/uploads/card_user/scanned_image/713db379-83ac-436b-91f6-54bf836e1901.jpg,,,,082026-1,,
8994933,Magic,Avatar: The Last Airbender,Destined Confrontation,15,U,Near Mint Foil,0.32,,,,,1,0.32,,0.32,https://user-content.cardcastle.co/uploads/card_user/scanned_image/68f1350c-bad8-48c1-89bb-1837917954bd.jpg,,,,082026-1,,
8840671,Magic,Edge of Eternities,Squire's Lightblade,36,C,Near Mint Foil,0.27,,,,,1,0.27,,0.27,https://user-content.cardcastle.co/uploads/card_user/scanned_image/db686897-1c30-4818-8931-7cc255583cbd.jpg,,,,082026-1,,
8833681,Magic,Edge of Eternities,Dual-Sun Technique,13,U,Near Mint Foil,0.3,,,,,1,0.3,,0.3,https://user-content.cardcastle.co/uploads/card_user/scanned_image/4b997627-2bf5-4850-ad3a-b7d12d60c90a.jpg,,,,082026-1,,
8841031,Magic,Edge of Eternities,Weftblade Enhancer,44,C,Near Mint Foil,0.14,,,,,1,0.14,,0.14,https://user-content.cardcastle.co/uploads/card_user/scanned_image/32ddd4b3-88d9-46a0-ad60-819f3a45c309.jpg,,,,082026-1,,
8840311,Magic,Edge of Eternities,Reroute Systems,31,U,Near Mint Foil,0.27,,,,,1,0.27,,0.27,https://user-content.cardcastle.co/uploads/card_user/scanned_image/f2483e75-49a5-4e07-882d-6f913324820c.jpg,,,,082026-1,,
8973987,Magic,Avatar: The Last Airbender,Yip Yip!,43,C,Near Mint Foil,0.19,,,,,1,0.19,,0.19,https://user-content.cardcastle.co/uploads/card_user/scanned_image/ae42510a-7df9-4067-941d-3eb8374abeff.jpg,,,,082026-1,,
8881945,Magic,Avatar: The Last Airbender,Avatar Enthusiasts,11,C,Near Mint Foil,0.26,,,,,1,0.26,,0.26,https://user-content.cardcastle.co/uploads/card_user/scanned_image/4f40c54b-173e-4029-9ed5-9ea9c89bba7b.jpg,,,,082026-1,,
8999916,Magic,Avatar: The Last Airbender: Eternal-Legal,Toucan-Puffin,88,C,Near Mint Foil,0.26,,,,,1,0.26,,0.26,https://user-content.cardcastle.co/uploads/card_user/scanned_image/ce80c108-affc-4ca5-8948-3a4697a9df2b.jpg,,,,082026-1,,
8998374,Magic,Avatar: The Last Airbender,Kyoshi Warriors,26,C,Near Mint Foil,0.27,,,,,1,0.27,,0.27,https://user-content.cardcastle.co/uploads/card_user/scanned_image/3f2821a7-9908-4837-a791-900d94b102f4.jpg,,,,082026-1,,
8889145,Magic,Avatar: The Last Airbender,Airbending Lesson,8,C,Near Mint Foil,0.33,,,,,1,0.33,,0.33,https://user-content.cardcastle.co/uploads/card_user/scanned_image/52bcf5b3-36f6-4716-b47a-67d6521690a9.jpg,,,,082026-1,,
8998856,Magic,Avatar: The Last Airbender: Eternal-Legal,Koala-Sheep,80,C,Near Mint Foil,0.32,,,,,1,0.32,,0.32,https://user-content.cardcastle.co/uploads/card_user/scanned_image/493c2fb2-9b07-497a-bfa1-6563e855e2cf.jpg,,,,082026-1,,
8981607,Magic,Avatar: The Last Airbender,Fancy Footwork,19,U,Near Mint Foil,0.22,,,,,1,0.22,,0.22,https://user-content.cardcastle.co/uploads/card_user/scanned_image/ae2b9abc-e20d-4f8c-82d3-12d44b8a15a0.jpg,,,,082026-1,,
8999376,Magic,Avatar: The Last Airbender: Eternal-Legal,Sokka's Sword Training,84,C,Near Mint Foil,0.31,,,,,1,0.31,,0.31,https://user-content.cardcastle.co/uploads/card_user/scanned_image/7c65e5d7-f398-4dec-bd69-a1efcc9b3e95.jpg,,,,082026-1,,
8920439,Magic,Marvel's Spider-Man,"Silver Sable, Mercenary Leader",13,U,Near Mint Foil,0.32,,,,,1,0.32,,0.32,https://user-content.cardcastle.co/uploads/card_user/scanned_image/e2ead0ae-5363-4658-88d0-1b78bc97e503.jpg,,,,082026-1,,
8913053,Magic,Marvel's Spider-Man,Bagel and Schmear,161,C,Near Mint Foil,0.33,,,,,1,0.33,,0.33,https://user-content.cardcastle.co/uploads/card_user/scanned_image/e32a7641-2305-4ab5-80a3-dc73b5ae6d94.jpg,,,,082026-1,,
8215723,Magic,Duskmourn: House of Horror,Seized from Slumber,28,C,Near Mint Foil,0.17,,,,,1,0.17,,0.17,https://user-content.cardcastle.co/uploads/card_user/scanned_image/ed8e7b17-b99c-4d7e-be6e-a9e0bcdfca3f.jpg,,,,082026-1,,
8833736,Magic,Edge of Eternities,Honor,21,U,Near Mint,0.34,,,,,1,0.34,,0.34,https://user-content.cardcastle.co/uploads/card_user/scanned_image/b4e462e0-ce73-41f3-9d82-79ef8872b559.jpg,,,,082026-1,,
8861150,Magic,Marvel's Spider-Man,Web Up,21,C,Near Mint Foil,0.24,,,,,2,0.24,,0.24,https://user-content.cardcastle.co/uploads/card_user/scanned_image/60df1b42-0383-43e5-9793-1ccd11bd1d46.jpg,,,,082026-1,,
8838991,Magic,Edge of Eternities,Auxiliary Boosters,5,C,Near Mint Foil,0.19,,,,,1,0.19,,0.19,https://user-content.cardcastle.co/uploads/card_user/scanned_image/dc41d391-d44d-45fa-83e2-3cd1803bb635.jpg,,,,082026-1,,
8861103,Magic,Marvel's Spider-Man,Selfless Police Captain,12,C,Near Mint,0.07,,,,,2,0.07,,0.07,https://user-content.cardcastle.co/uploads/card_user/scanned_image/7ff1a39c-ee93-44fa-9b3f-afe9348d4881.jpg,,,,082026-1,,
8861125,Magic,Marvel's Spider-Man,Thwip!,20,C,Near Mint,0.18,,,,,1,0.18,,0.18,https://user-content.cardcastle.co/uploads/card_user/scanned_image/960c9753-103e-4ea6-878d-1a9c683a7c02.jpg,,,,082026-1,,
8800885,Magic,Edge of Eternities,Banishing Light,6,C,Near Mint,0.13,,,,,1,0.13,,0.13,https://user-content.cardcastle.co/uploads/card_user/scanned_image/bb565ebf-4100-4fb6-911d-8966e28045b4.jpg,,,,082026-1,,
8861042,Magic,Marvel's Spider-Man,Wild Pack Squad,23,C,Near Mint Foil,0.16,,,,,1,0.16,,0.16,https://user-content.cardcastle.co/uploads/card_user/scanned_image/23eeee99-1811-42af-af27-f06ea6c07ffd.jpg,,,,082026-1,,
8907940,Magic,Marvel's Spider-Man,"Flash Thompson, Spider-Fan",7,U,Near Mint Foil,0.36,,,,,2,0.36,,0.36,https://user-content.cardcastle.co/uploads/card_user/scanned_image/434cfddf-6c9d-42d5-b4fd-53f40f481b79.jpg,,,,082026-1,,
4673580,Magic,Commander Legends,Unquestioned Authority,389,U,Near Mint,2.05,,,,,1,2.05,,2.05,https://user-content.cardcastle.co/uploads/card_user/scanned_image/4029010f-7c3c-4b90-8810-0182d2f95678.jpg,,,,082026-1,,
8861140,Magic,Marvel's Spider-Man,Spectacular Tactics,15,C,Near Mint Foil,0.27,,,,,3,0.27,,0.27,https://user-content.cardcastle.co/uploads/card_user/scanned_image/235d6a80-cdc2-48ec-b19f-1f9cf008d5b7.jpg,,,,082026-1,,
7956659,Magic,Modern Horizons 3,Solstice Zealot,43,C,Near Mint,0.16,,,,,1,0.16,,0.16,https://user-content.cardcastle.co/uploads/card_user/scanned_image/c08a86d2-4982-4dc1-b5b9-a99baa25798d.jpg,,,,082026-1,,
8861145,Magic,Marvel's Spider-Man,Web Up,21,C,Near Mint,0.1,,,,,1,0.1,,0.1,https://user-content.cardcastle.co/uploads/card_user/scanned_image/8d6b5b76-28c5-4be1-bc52-5759192d0b1c.jpg,,,,082026-1,,
8861135,Magic,Marvel's Spider-Man,Spectacular Tactics,15,C,Near Mint,0.21,,,,,2,0.21,,0.21,https://user-content.cardcastle.co/uploads/card_user/scanned_image/544c65ca-9980-4278-83d9-fa7aae54caf8.jpg,,,,082026-1,,
8914165,Magic,Marvel's Spider-Man,Web-Shooters,22,U,Near Mint,0.18,,,,,1,0.18,,0.18,https://user-content.cardcastle.co/uploads/card_user/scanned_image/33c8841a-cbbc-421f-914b-0d2970c88c7b.jpg,,,,082026-1,,
8802145,Magic,Edge of Eternities,Starfighter Pilot,38,C,Near Mint,0.15,,,,,1,0.15,,0.15,https://user-content.cardcastle.co/uploads/card_user/scanned_image/cd30bc2d-a9d2-46b5-81c8-73b3b07f1e7f.jpg,,,,082026-1,,
8840306,Magic,Edge of Eternities,Reroute Systems,31,U,Near Mint,0.21,,,,,1,0.21,,0.21,https://user-content.cardcastle.co/uploads/card_user/scanned_image/4793ec14-6347-479c-971d-4310c953be8b.jpg,,,,082026-1,,
8839526,Magic,Edge of Eternities,Exosuit Savior,16,C,Near Mint,0.1,,,,,3,0.1,,0.1,https://user-content.cardcastle.co/uploads/card_user/scanned_image/134f6d5a-ba03-4645-bac6-bc7312c4fab7.jpg,,,,082026-1,,
8861093,Magic,Marvel's Spider-Man,Daily Bugle Reporters,6,C,Near Mint,0.1,,,,,3,0.1,,0.1,https://user-content.cardcastle.co/uploads/card_user/scanned_image/c4da238f-40ea-472b-b7df-93bb4f7552f3.jpg,,,,082026-1,,
8839651,Magic,Edge of Eternities,Flight-Deck Coordinator,17,C,Near Mint Foil,0.21,,,,,1,0.21,,0.21,https://user-content.cardcastle.co/uploads/card_user/scanned_image/5e0446be-3102-4d3c-9683-be9f8cf12326.jpg,,,,082026-1,,
8712354,Magic,FINAL FANTASY,Phoenix Down,29,U,Near Mint,0.17,,,,,2,0.17,,0.17,https://user-content.cardcastle.co/uploads/card_user/scanned_image/43d94fe8-cd18-4653-a5c7-9423b7aeada7.jpg,,,,082026-1,,
8839406,Magic,Edge of Eternities,Dual-Sun Adepts,12,U,Near Mint,0.1,,,,,1,0.1,,0.1,https://user-content.cardcastle.co/uploads/card_user/scanned_image/82586145-4e22-48b3-a5c1-b6b38b73ff4d.jpg,,,,082026-1,,
8839646,Magic,Edge of Eternities,Flight-Deck Coordinator,17,C,Near Mint,0.09,,,,,1,0.09,,0.09,https://user-content.cardcastle.co/uploads/card_user/scanned_image/90dfbecc-f49b-451d-824f-af450170b7e6.jpg,,,,082026-1,,
8840006,Magic,Edge of Eternities,Luxknight Breacher,26,C,Near Mint,0.11,,,,,1,0.11,,0.11,https://user-content.cardcastle.co/uploads/card_user/scanned_image/696284c0-dbb2-46be-9952-5832f886c66a.jpg,,,,082026-1,,
8838986,Magic,Edge of Eternities,Auxiliary Boosters,5,C,Near Mint,0.1,,,,,1,0.1,,0.1,https://user-content.cardcastle.co/uploads/card_user/scanned_image/dab0acea-8dd3-461d-a19a-a36f8da92bc9.jpg,,,,082026-1,,
8841266,Magic,Edge of Eternities,Zealous Display,45,C,Near Mint,0.07,,,,,1,0.07,,0.07,https://user-content.cardcastle.co/uploads/card_user/scanned_image/c81328ce-fcbd-449f-9bb2-35ce4b4ec1fc.jpg,,,,082026-1,,
8920434,Magic,Marvel's Spider-Man,"Silver Sable, Mercenary Leader",13,U,Near Mint,0.25,,,,,1,0.25,,0.25,https://user-content.cardcastle.co/uploads/card_user/scanned_image/9f7c5852-ffe1-456b-9a35-20ea98b5eeca.jpg,,,,082026-1,,
8861062,Magic,Marvel's Spider-Man,"Starling, Aerial Ally",18,C,Near Mint,0.06,,,,,1,0.06,,0.06,https://user-content.cardcastle.co/uploads/card_user/scanned_image/74e8642a-0c8e-402b-9fae-f7d11deda60b.jpg,,,,082026-1,,
8861067,Magic,Marvel's Spider-Man,"Starling, Aerial Ally",18,C,Near Mint Foil,0.19,,,,,2,0.19,,0.19,https://user-content.cardcastle.co/uploads/card_user/scanned_image/b1fc5962-eb60-41e3-9185-2cf14515c450.jpg,,,,082026-1,,
8839046,Magic,Edge of Eternities,Brightspear Zealot,8,C,Near Mint,0.07,,,,,1,0.07,,0.07,https://user-content.cardcastle.co/uploads/card_user/scanned_image/fcdcf7ae-6ae0-4c5e-b545-c8fd4414bf16.jpg,,,,082026-1,,
8802025,Magic,Edge of Eternities,Starfield Shepherd,37,U,Near Mint,0.34,,,,,1,0.34,,0.34,https://user-content.cardcastle.co/uploads/card_user/scanned_image/7cd1e63e-9c04-4152-8b03-c326bf453e6b.jpg,,,,082026-1,,
8471053,Magic,Innistrad Remastered,Lunarch Mantle,31,C,Near Mint Foil,0.13,,,,,1,0.13,,0.13,https://user-content.cardcastle.co/uploads/card_user/scanned_image/e103f926-a6ae-45fe-ae1c-e7ee31fc0424.jpg,,,,082026-1,,
8803500,Magic,Edge of Eternities,Command Bridge,252,C,Near Mint,0.27,,,,,1,0.27,,0.27,https://user-content.cardcastle.co/uploads/card_user/scanned_image/b72e8c77-6a9d-4868-bc26-717b7eef8315.jpg,,,,082026-1,,
9217681,Magic,Secrets of Strixhaven,Island (0275),275,C,Near Mint,0.16,,,,,2,0.16,,0.16,https://user-content.cardcastle.co/uploads/card_user/scanned_image/81c5f982-0b51-4026-b4d9-c6020af13f08.jpg,,,,082026-1,,
9248166,Magic,Secrets of Strixhaven,Soaring Stoneglider,32,U,Near Mint,0.13,,,,,1,0.13,,0.13,https://user-content.cardcastle.co/uploads/card_user/scanned_image/6793dd86-ebae-46d7-94b9-7911060b72ac.jpg,,,,082026-1,,
9250267,Magic,Secrets of Strixhaven,Pigment Wrangler,126,U,Near Mint,0.19,,,,,1,0.19,,0.19,https://user-content.cardcastle.co/uploads/card_user/scanned_image/8b838e3c-66b7-49c8-8457-d91c388a313f.jpg,,,,082026-1,,
9251648,Magic,Secrets of Strixhaven,Snarl Song,161,U,Near Mint,0.16,,,,,1,0.16,,0.16,https://user-content.cardcastle.co/uploads/card_user/scanned_image/041bf8c1-b2da-4b02-a880-0ffb9203cdaa.jpg,,,,082026-1,,
9241959,Magic,Secrets of Strixhaven,Dissection Practice,79,U,Near Mint,0.17,,,,,1,0.17,,0.17,https://user-content.cardcastle.co/uploads/card_user/scanned_image/df2a53a7-c8cc-4834-9d63-4811d027e86d.jpg,,,,082026-1,,
9252368,Magic,Secrets of Strixhaven,Render Speechless,220,C,Near Mint,0.06,,,,,1,0.06,,0.06,https://user-content.cardcastle.co/uploads/card_user/scanned_image/7f06b026-df1b-4cef-97d7-3c40be0a961c.jpg,,,,082026-1,,
9202492,Magic,Secrets of Strixhaven,Heated Argument,118,C,Near Mint,0.11,,,,,1,0.11,,0.11,https://user-content.cardcastle.co/uploads/card_user/scanned_image/590fe07c-4807-4107-a0d2-c26eb887ba90.jpg,,,,082026-1,,
9202432,Magic,Secrets of Strixhaven,Banishing Betrayal,38,C,Near Mint,0.15,,,,,1,0.15,,0.15,https://user-content.cardcastle.co/uploads/card_user/scanned_image/26f2ff19-bbe0-455a-9c25-38d042ae0f6e.jpg,,,,082026-1,,
9249306,Magic,Secrets of Strixhaven,Masterful Flourish,89,C,Near Mint,0.18,,,,,1,0.18,,0.18,https://user-content.cardcastle.co/uploads/card_user/scanned_image/348d594b-b717-471c-839b-ed200007e7e0.jpg,,,,082026-1,,
8476303,Magic,Innistrad Remastered,Demonic Taskmaster (Retro Frame),377,U,Near Mint,0.23,,,,,1,0.23,,0.23,https://user-content.cardcastle.co/uploads/card_user/scanned_image/41991992-a92b-46e8-b014-5692781e84eb.jpg,,,,082026-1,,
8486247,Magic,Innistrad Remastered,Voldaren Duelist,181,C,Near Mint Foil,0.13,,,,,1,0.13,,0.13,https://user-content.cardcastle.co/uploads/card_user/scanned_image/01688bd2-3389-4fa0-acd4-f8abc06afaf8.jpg,,,,082026-1,,
8481497,Magic,Innistrad Remastered,Moldgraf Millipede,208,C,Near Mint Foil,0.27,,,,,1,0.27,,0.27,https://user-content.cardcastle.co/uploads/card_user/scanned_image/87ddbf73-930f-40a2-b174-3f0c4ad8c5ec.jpg,,,,082026-1,,
8469373,Magic,Innistrad Remastered,Conduit of Storms,150,C,Near Mint Foil,0.29,,,,,1,0.29,,0.29,https://user-content.cardcastle.co/uploads/card_user/scanned_image/d1c4aaf9-8a6a-4849-a3ba-ea01cefcba2b.jpg,,,,082026-1,,
8339565,Magic,Foundations,Bite Down,212,C,Near Mint,0.27,,,,,3,0.27,,0.27,https://user-content.cardcastle.co/uploads/card_user/scanned_image/d7950116-9746-40d6-9d84-8752f8dc9338.jpg,,,,082026-1,,
8339835,Magic,Foundations,Bushwhack,215,C,Near Mint,0.26,,,,,2,0.26,,0.26,https://user-content.cardcastle.co/uploads/card_user/scanned_image/d6ae90bf-041f-42b9-a08d-638b6f411d9b.jpg,,,,082026-1,,
8344015,Magic,Foundations,Wary Thespian,235,C,Near Mint,0.15,,,,,2,0.15,,0.15,https://user-content.cardcastle.co/uploads/card_user/scanned_image/1f084929-436b-4a22-851a-f9b479f90de5.jpg,,,,082026-1,,
8341300,Magic,Foundations,Dwynen's Elite,218,C,Near Mint,0.18,,,,,5,0.18,,0.18,https://user-content.cardcastle.co/uploads/card_user/scanned_image/1f146962-21f1-43c3-979a-74f10d21d744.jpg,,,,082026-1,,
4079919,Magic,Modern Horizons,Bellowing Elk,157,C,Near Mint,0.1,,,,,2,0.1,,0.1,https://user-content.cardcastle.co/uploads/card_user/scanned_image/470505d9-6822-4a90-87b6-0d87c7c1ac51.jpg,,,,082026-1,,
8006650,Magic,Universes Beyond: Assassin's Creed,The Aesir Escape Valhalla,39,U,Near Mint,0.3,,,,,1,0.3,,0.3,https://user-content.cardcastle.co/uploads/card_user/scanned_image/a8af577c-987d-423e-94b2-28af80c436a6.jpg,,,,082026-1,,
8988136,Magic,Avatar: The Last Airbender,Origin of Metalbending,187,C,Near Mint,0.21,,,,,4,0.21,,0.21,https://user-content.cardcastle.co/uploads/card_user/scanned_image/365cef6e-4650-4b98-9d52-1b3464589ee4.jpg,,,,082026-1,,
8477548,Magic,Innistrad Remastered,Slayer of the Wicked,39,U,Near Mint Foil,0.14,,,,,1,0.14,,0.14,https://user-content.cardcastle.co/uploads/card_user/scanned_image/4e2977c5-7493-463c-bba0-4a9f7cc975e5.jpg,,,,082026-1,,
8473248,Magic,Innistrad Remastered,Honeymoon Hearse,159,U,Near Mint Foil,0.3,,,,,1,0.3,,0.3,https://user-content.cardcastle.co/uploads/card_user/scanned_image/079f454b-0312-4444-8045-5a9e1d291460.jpg,,,,082026-1,,
8463231,Magic,Innistrad Remastered,Swamp (292) (Retro Frame),292,C,Near Mint Foil,1.6,,,,,1,1.6,,1.6,https://user-content.cardcastle.co/uploads/card_user/scanned_image/8b2f16a2-e23d-455e-9fa9-6dd67d106108.jpg,,,,082026-1,,
8472803,Magic,Innistrad Remastered,Niblis of the Urn (Retro Frame),346,U,Near Mint,0.2,,,,,1,0.2,,0.2,https://user-content.cardcastle.co/uploads/card_user/scanned_image/a3118cfb-43d3-4375-9d9b-ff23515f3009.jpg,,,,082026-1,,
8463711,Magic,Innistrad Remastered,Bladestitched Skaab (Retro Frame),426,U,Near Mint Foil,0.66,,,,,1,0.66,,0.66,https://user-content.cardcastle.co/uploads/card_user/scanned_image/d51b9e23-7334-49d4-bf4d-ebaa2215404e.jpg,,,,082026-1,,
8467013,Magic,Innistrad Remastered,Avacynian Priest,12,C,Near Mint Foil,0.25,,,,,1,0.25,,0.25,https://user-content.cardcastle.co/uploads/card_user/scanned_image/fa98c6fc-3376-4cfd-92c6-93f2e9321ac9.jpg,,,,082026-1,,
8479381,Magic,Innistrad Remastered,Silent Departure,84,C,Near Mint Foil,0.19,,,,,1,0.19,,0.19,https://user-content.cardcastle.co/uploads/card_user/scanned_image/5fbbc932-e1e3-4408-a335-0c3369026ec7.jpg,,,,082026-1,,
8481859,Magic,Innistrad Remastered,Harvest Hand,265,C,Near Mint Foil,0.23,,,,,1,0.23,,0.23,https://user-content.cardcastle.co/uploads/card_user/scanned_image/ae327202-dd21-4617-8738-2be20c5d932a.jpg,,,,082026-1,,
8461236,Magic,Innistrad Remastered,Splinterfright,217,U,Near Mint Foil,0.34,,,,,1,0.34,,0.34,https://user-content.cardcastle.co/uploads/card_user/scanned_image/a3fcdf55-9296-4cc7-bcfa-2e3a4294bc96.jpg,,,,082026-1,,
8460756,Magic,Innistrad Remastered,Forbidden Alchemy,65,U,Near Mint Foil,0.05,,,,,1,0.05,,0.05,https://user-content.cardcastle.co/uploads/card_user/scanned_image/7c1751fd-5a3a-45ce-868f-eb7d326b4a8a.jpg,,,,082026-1,,
8484562,Magic,Innistrad Remastered,Shrill Howler,214,U,Near Mint Foil,0.32,,,,,1,0.32,,0.32,https://user-content.cardcastle.co/uploads/card_user/scanned_image/96c4d13a-470c-4bc6-b921-61957b971f8a.jpg,,,,082026-1,,
8483387,Magic,Innistrad Remastered,Scorned Villager,212,C,Near Mint,0.29,,,,,1,0.29,,0.29,https://user-content.cardcastle.co/uploads/card_user/scanned_image/3349e614-01a2-486d-b915-3e89e5c7fe89.jpg,,,,082026-1,,
8476068,Magic,Innistrad Remastered,Mystic Retrieval,77,U,Near Mint Foil,0.39,,,,,2,0.39,,0.39,https://user-content.cardcastle.co/uploads/card_user/scanned_image/bb7632aa-e2ed-4f58-b563-032b70080810.jpg,,,,082026-1,,
8482401,Magic,Innistrad Remastered,Murderous Compulsion,126,C,Near Mint Foil,0.22,,,,,1,0.22,,0.22,https://user-content.cardcastle.co/uploads/card_user/scanned_image/44204adb-82e5-40af-8cc5-30583930048a.jpg,,,,082026-1,,
8470693,Magic,Innistrad Remastered,Inspiring Captain,28,C,Near Mint Foil,0.14,,,,,1,0.14,,0.14,https://user-content.cardcastle.co/uploads/card_user/scanned_image/970b2832-fd1a-4aa4-bbd8-d40b49eebe83.jpg,,,,082026-1,,
8461606,Magic,Innistrad Remastered,Join the Dance,242,U,Near Mint Foil,0.27,,,,,1,0.27,,0.27,https://user-content.cardcastle.co/uploads/card_user/scanned_image/be435570-b7bd-4440-b194-7033273b7a0a.jpg,,,,082026-1,,
8481618,Magic,Innistrad Remastered,Morbid Opportunist,124,U,Near Mint Foil,0.42,,,,,2,0.42,,0.42,https://user-content.cardcastle.co/uploads/card_user/scanned_image/305e25f7-0205-41fc-b7cf-d9a4d73010ba.jpg,,,,082026-1,,
8461411,Magic,Innistrad Remastered,Bloodtithe Harvester,233,U,Near Mint,0.25,,,,,1,0.25,,0.25,https://user-content.cardcastle.co/uploads/card_user/scanned_image/f95c1d20-84ea-4fed-8670-120734277155.jpg,,,,082026-1,,
8485887,Magic,Innistrad Remastered,Wild Hunger,225,U,Near Mint Foil,0.16,,,,,1,0.16,,0.16,https://user-content.cardcastle.co/uploads/card_user/scanned_image/453313a1-8402-4745-a025-c4a12b9c03ad.jpg,,,,082026-1,,
,Magic,Innistrad Remastered,"Chandra, Dressed to Kill Emblem",24,C,Near Mint Foil,0.25,,,,,1,,,0.25,https://user-content.cardcastle.co/uploads/card_user/scanned_image/aa076c03-5ce6-4d96-a852-b1f844c37e81.jpg,,,,082026-1,,
8484112,Magic,Innistrad Remastered,Tragic Slip,134,C,Near Mint Foil,0.35,,,,,1,0.35,,0.35,https://user-content.cardcastle.co/uploads/card_user/scanned_image/4d94af77-b2fa-4e2a-adcb-ee130eeefcab.jpg,,,,082026-1,,
8465873,Magic,Innistrad Remastered,Ancestral Anger,141,C,Near Mint Foil,0.31,,,,,1,0.31,,0.31,https://user-content.cardcastle.co/uploads/card_user/scanned_image/892010c9-660f-42fe-b2e7-5c01d0240ded.jpg,,,,082026-1,,
8482040,Magic,Innistrad Remastered,Moonlight Hunt,209,U,Near Mint Foil,0.39,,,,,1,0.39,,0.39,https://user-content.cardcastle.co/uploads/card_user/scanned_image/b5b39bf6-5c89-4a7d-8caf-78deaf3b34dd%282%29.jpg,,,,082026-1,,
8395666,Magic,Innistrad Remastered,It of the Horrid Swarm (Retro Frame),331,C,Near Mint,0.14,,,,,1,0.14,,0.14,https://user-content.cardcastle.co/uploads/card_user/scanned_image/bcc1593e-5c98-4f17-95c5-42f86a081222.jpg,,,,082026-1,,
8479256,Magic,Innistrad Remastered,Stromkirk Occultist (Retro Frame),402,U,Near Mint,0.23,,,,,1,0.23,,0.23,https://user-content.cardcastle.co/uploads/card_user/scanned_image/ae615223-b9e8-404b-8a7a-206c13d1efc7.jpg,,,,082026-1,,
8476488,Magic,Innistrad Remastered,Grapple with the Past (Retro Frame),412,C,Near Mint Foil,0.64,,,,,1,0.64,,0.64,https://user-content.cardcastle.co/uploads/card_user/scanned_image/d8f5d6ca-e888-4135-94cb-512fb7fc882c.jpg,,,,082026-1,,
,Magic,Lorwyn Eclipsed Art Series,"Maralen, Fae Ascendant",24,C,Near Mint,1.21,,,,,1,1.21,,1.21,https://user-content.cardcastle.co/uploads/card_user/scanned_image/6203c68d-04b1-44c6-8b4e-c730811dc746.jpg,,,,082026-1,,
9086422,Magic,Lorwyn Eclipsed,Puca's Eye,259,U,Near Mint Foil,0.24,,,,,1,0.24,,0.24,https://user-content.cardcastle.co/uploads/card_user/scanned_image/72a17fa3-4469-4b58-a3af-80035f073ca1.jpg,,,,082026-1,,
9069559,Magic,Lorwyn Eclipsed,Explosive Prodigy,136,U,Near Mint Foil,0.19,,,,,1,0.19,,0.19,https://user-content.cardcastle.co/uploads/card_user/scanned_image/3b7ead67-2b06-43f1-9738-277bf4f24d7b.jpg,,,,082026-1,,
9069199,Magic,Lorwyn Eclipsed,Lys Alana Informant,181,C,Near Mint Foil,0.15,,,,,1,0.15,,0.15,https://user-content.cardcastle.co/uploads/card_user/scanned_image/594e9a99-c0f1-4571-aaca-caf79bed3097.jpg,,,,082026-1,,
9085876,Magic,Lorwyn Eclipsed,Unforgiving Aim,200,C,Near Mint Foil,0.26,,,,,1,0.26,,0.26,https://user-content.cardcastle.co/uploads/card_user/scanned_image/d32eff2c-6fd8-41a1-b9c6-ea0f774812c6.jpg,,,,082026-1,,
9084386,Magic,Lorwyn Eclipsed,Stratosoarer,72,C,Near Mint Foil,0.1,,,,,1,0.1,,0.1,https://user-content.cardcastle.co/uploads/card_user/scanned_image/414db146-b511-4203-9c3c-9229bb144d1a.jpg,,,,082026-1,,
8478931,Magic,Innistrad Remastered,Gluttonous Guest,112,C,Near Mint Foil,0.24,,,,,1,0.24,,0.24,https://user-content.cardcastle.co/uploads/card_user/scanned_image/fab7a7a3-2477-408f-85f3-de8baab9173a.jpg,,,,082026-1,,
8395792,Magic,Innistrad Remastered,Midnight Scavengers,123,C,Near Mint Foil,0.29,,,,,1,0.29,,0.29,https://user-content.cardcastle.co/uploads/card_user/scanned_image/b053432e-19f1-48b2-a1fb-2f325a2e7705.jpg,,,,082026-1,,
8477909,Magic,Innistrad Remastered,Angel's Tomb,253,U,Near Mint Foil,0.2,,,,,1,0.2,,0.2,https://user-content.cardcastle.co/uploads/card_user/scanned_image/7a76cd3a-e9bb-4660-813f-357ef04b958f.jpg,,,,082026-1,,
8486092,Magic,Innistrad Remastered,Village Messenger (Retro Frame),466,C,Near Mint,0.12,,,,,1,0.12,,0.12,https://user-content.cardcastle.co/uploads/card_user/scanned_image/7a664861-4891-4149-8859-817b6a6398fe.jpg,,,,082026-1,,
,Magic,Innistrad Remastered,Treefolk,17,C,Near Mint Foil,,,,,,1,,,,https://user-content.cardcastle.co/uploads/card_user/scanned_image/5eb409bf-aad9-465b-8bf5-a1b534bdaf7b.jpg,,,,082026-1,,
8466533,Magic,Innistrad Remastered,Covetous Castaway (Retro Frame),456,U,Near Mint Foil,0.25,,,,,1,0.25,,0.25,https://user-content.cardcastle.co/uploads/card_user/scanned_image/538d6bdc-3619-4db6-8614-7486d8b3e7ef.jpg,,,,082026-1,,
8478871,Magic,Innistrad Remastered,Intrepid Provisioner,205,C,Near Mint Foil,0.05,,,,,1,0.05,,0.05,https://user-content.cardcastle.co/uploads/card_user/scanned_image/c80903f6-5c58-4cb4-8df2-587279dcd69b.jpg,,,,082026-1,,
9013537,Magic,Avatar: The Last Airbender: Eternal-Legal,Thriving Isle,263,C,Near Mint Foil,0.3,,,,,1,0.3,,0.3,https://user-content.cardcastle.co/uploads/card_user/scanned_image/663d5fb1-211a-4515-952d-c5485949c195.jpg,,,,082026-1,,
8991871,Magic,Avatar: The Last Airbender,Misty Palms Oasis,273,C,Near Mint,0.19,,,,,1,0.19,,0.19,https://user-content.cardcastle.co/uploads/card_user/scanned_image/4dd1ac61-0a1a-46eb-bc14-821177922c4d.jpg,,,,082026-1,,
8991991,Magic,Avatar: The Last Airbender,Omashu City,275,C,Near Mint,0.25,,,,,1,0.25,,0.25,https://user-content.cardcastle.co/uploads/card_user/scanned_image/a9a3ef57-8acf-46ea-baa2-1300db75f69a.jpg,,,,082026-1,,
8992051,Magic,Avatar: The Last Airbender,Serpent's Pass,279,C,Near Mint,0.24,,,,,1,0.24,,0.24,https://user-content.cardcastle.co/uploads/card_user/scanned_image/585938dd-005f-4e8a-9c08-4ae158b2968a.jpg,,,,082026-1,,
9006813,Magic,Avatar: The Last Airbender,Rumble Arena,277,C,Near Mint,0.28,,,,,1,0.28,,0.28,https://user-content.cardcastle.co/uploads/card_user/scanned_image/2a6ca10a-9758-469e-8061-ba62e39f45e2.jpg,,,,082026-1,,
9013347,Magic,Avatar: The Last Airbender,Forest (0286),286,C,Near Mint,0.14,,,,,1,0.14,,0.14,https://user-content.cardcastle.co/uploads/card_user/scanned_image/d216bb7a-1bbe-438e-a080-900a0b5da059.jpg,,,,082026-1,,
7252400,Magic,Commander Masters,Thriving Moor,433,C,Near Mint,0.17,,,,,1,0.17,,0.17,https://user-content.cardcastle.co/uploads/card_user/scanned_image/89108bca-3b90-47d3-aaac-5b277cffd30f.jpg,,,,082026-1,,
7313859,Magic,Commander Masters,Terramorphic Expanse,428,C,Near Mint,0.24,,,,,1,0.24,,0.24,https://user-content.cardcastle.co/uploads/card_user/scanned_image/55f03381-054e-49cd-b9c5-0c2ba2b0c346.jpg,,,,082026-1,,
8743990,Magic,FINAL FANTASY,Thunder Magic,165,C,Near Mint,0.24,,,,,1,0.24,,0.24,https://user-content.cardcastle.co/uploads/card_user/scanned_image/3a37a2b3-3cc7-438f-b000-4757903a792f.jpg,,,,082026-1,,
8744505,Magic,FINAL FANTASY,Goobbue Gardener,188,C,Near Mint,0.14,,,,,1,0.14,,0.14,https://user-content.cardcastle.co/uploads/card_user/scanned_image/5bf1dfb9-88f1-4254-b835-9df136df9065.jpg,,,,082026-1,,
8695775,Magic,FINAL FANTASY,Malboro,106,C,Near Mint,0.19,,,,,1,0.19,,0.19,https://user-content.cardcastle.co/uploads/card_user/scanned_image/d9871a74-aff8-4c28-8c3f-010f4fee9ea0.jpg,,,,082026-1,,
8745686,Magic,FINAL FANTASY,Scorpion Sentinel,72,C,Near Mint,0.09,,,,,1,0.09,,0.09,https://user-content.cardcastle.co/uploads/card_user/scanned_image/d473dc2e-c095-4d38-8cb4-cc6d40b9cad6.jpg,,,,082026-1,,
8728685,Magic,FINAL FANTASY,Ice Flan,55,C,Near Mint,0.2,,,,,1,0.2,,0.2,https://user-content.cardcastle.co/uploads/card_user/scanned_image/5f70b092-f8bf-44b1-92dd-2592f2c2aad2.jpg,,,,082026-1,,
8744955,Magic,FINAL FANTASY,Iron Giant,260,C,Near Mint,0.18,,,,,1,0.18,,0.18,https://user-content.cardcastle.co/uploads/card_user/scanned_image/34dc25c6-d778-465e-af1d-81aafb48264e.jpg,,,,082026-1,,
7499363,Magic,The Lost Caverns of Ixalan,Hidden Cataract,273,C,Near Mint,0.17,,,,,1,0.17,,0.17,https://user-content.cardcastle.co/uploads/card_user/scanned_image/3d55ac1a-3ae6-4328-ab30-17997d16b635.jpg,,,,082026-1,,
8731822,Magic,FINAL FANTASY,Lion Heart,261,U,Near Mint,0.2,,,,,1,0.2,,0.2,https://user-content.cardcastle.co/uploads/card_user/scanned_image/92ab9361-a9d1-48a1-8459-1f6fac7b0441.jpg,,,,082026-1,,
8716580,Magic,FINAL FANTASY,Shambling Cie'th,117,U,Near Mint,0.13,,,,,1,0.13,,0.13,https://user-content.cardcastle.co/uploads/card_user/scanned_image/be8747a0-8fa6-47b5-8f18-400050d147f8.jpg,,,,082026-1,,
8745260,Magic,FINAL FANTASY,"Eden, Seat of the Sanctum",277,U,Near Mint,0.22,,,,,2,0.22,,0.22,https://user-content.cardcastle.co/uploads/card_user/scanned_image/91dbddd1-db6b-40cf-a041-687b2ad57186.jpg,,,,082026-1,,
8716450,Magic,FINAL FANTASY,Namazu Trader,107,C,Near Mint Foil,0.18,,,,,1,0.18,,0.18,https://user-content.cardcastle.co/uploads/card_user/scanned_image/677f4128-6c61-43b7-832f-a6ee8543d666.jpg,,,,082026-1,,
,Magic,Final Fantasy,Hero,5,C,Near Mint,,,,,,1,,,,https://user-content.cardcastle.co/uploads/card_user/scanned_image/11b6c5fe-f7e6-43bd-8cb7-1e9d5e09340c.jpg,,,,082026-1,,
,Magic,Avatar: The Last Airbender,Food,19,C,Near Mint Foil,,,,,,1,,,,https://user-content.cardcastle.co/uploads/card_user/scanned_image/b1c4292d-323c-495d-9f8e-f46c6d51a77e.jpg,,,,082026-1,,
8691530,Magic,FINAL FANTASY,Adventurer's Inn,271,C,Near Mint,0.29,,,,,1,0.29,,0.29,https://user-content.cardcastle.co/uploads/card_user/scanned_image/3d98944c-dd62-49a5-a0f4-0e1da430b557.jpg,,,,082026-1,,
9013577,Magic,Avatar: The Last Airbender: Eternal-Legal,Thriving Moor,264,C,Near Mint Foil,0.33,,,,,1,0.33,,0.33,https://user-content.cardcastle.co/uploads/card_user/scanned_image/b8a8cece-fd8c-4566-aa19-f8b092778f9c.jpg,,,,082026-1,,
8767838,Magic,FINAL FANTASY,Barret Wallace,129,U,Near Mint Foil,0.23,,,,,1,0.23,,0.23,https://user-content.cardcastle.co/uploads/card_user/scanned_image/547c04bf-68a7-472a-af13-6a2a9a6bc1da.jpg,,,,082026-1,,
8580875,Magic,FINAL FANTASY,"Garland, Knight of Cornelia (Extended Art)",486,U,Near Mint,1.18,,,,,1,1.18,,1.18,https://user-content.cardcastle.co/uploads/card_user/scanned_image/1c0a135f-beb4-4548-a7af-7160b5327971.jpg,,,,082026-1,,
8724022,Magic,FINAL FANTASY,Summon: Primal Garuda (Borderless),360,U,Near Mint Foil,0.68,,,,,1,0.68,,0.68,https://user-content.cardcastle.co/uploads/card_user/scanned_image/e78ffd30-f176-4170-a9e1-20f6dd66e473.jpg,,,,082026-1,,
8752193,Magic,FINAL FANTASY,Vincent's Limit Break,126,C,Near Mint Foil,0.27,,,,,1,0.27,,0.27,https://user-content.cardcastle.co/uploads/card_user/scanned_image/7d73cf58-38e3-4ed0-a358-3ac0de02675b.jpg,,,,082026-1,,
8323152,Magic,Foundations,Seeker's Folly,69,U,Near Mint,0.11,,,,,1,0.11,,0.11,https://user-content.cardcastle.co/uploads/card_user/scanned_image/276f290e-d774-478d-9dc2-091e1fd957b8.jpg,,,,082026-1,,
8331250,Magic,Foundations,Dragon Trainer,84,U,Near Mint,0.14,,,,,1,0.14,,0.14,https://user-content.cardcastle.co/uploads/card_user/scanned_image/17f6bf30-630f-4190-a9f1-3e7200130280.jpg,,,,082026-1,,
8335735,Magic,Foundations,Goldvein Pick,253,C,Near Mint,0.27,,,,,1,0.27,,0.27,https://user-content.cardcastle.co/uploads/card_user/scanned_image/e8e1d6c0-2d29-40f9-8bb6-ee329798c39f.jpg,,,,082026-1,,
8342120,Magic,Foundations,Involuntary Employment,203,C,Near Mint,0.22,,,,,1,0.22,,0.22,https://user-content.cardcastle.co/uploads/card_user/scanned_image/4d9c6710-9575-4664-b898-88b29b662d73.jpg,,,,082026-1,,
8338375,Magic,Foundations,Squad Rallier,24,C,Near Mint,0.08,,,,,1,0.08,,0.08,https://user-content.cardcastle.co/uploads/card_user/scanned_image/063a57bf-41d4-4a88-932f-560246f4db05.jpg,,,,082026-1,,
8340165,Magic,Foundations,Infestation Sage,64,C,Near Mint,0.19,,,,,1,0.19,,0.19,https://user-content.cardcastle.co/uploads/card_user/scanned_image/3b7b31dc-803e-45b2-89c1-54ec7a852b05.jpg,,,,082026-1,,
8341365,Magic,Foundations,Goblin Boarders,87,C,Near Mint,0.16,,,,,1,0.16,,0.16,https://user-content.cardcastle.co/uploads/card_user/scanned_image/104d9979-c4e5-44bb-b15c-6f9798c849ec.jpg,,,,082026-1,,
,Magic,Foundations,Dragon,16,C,Near Mint,,,,,,2,,,,https://user-content.cardcastle.co/uploads/card_user/scanned_image/b82fa0eb-1dd9-429a-b83f-304837f40c9c.jpg,,,,082026-1,,
8326360,Magic,Foundations,"Ruby, Daring Tracker",245,U,Near Mint Foil,0.37,,,,,1,0.37,,0.37,https://user-content.cardcastle.co/uploads/card_user/scanned_image/c1b1cf3b-7f11-4666-86d8-3b56525d9754.jpg,,,,082026-1,,
8100418,Magic,Foundations,Savannah Lions,146,U,Near Mint,0.17,,,,,1,0.17,,0.17,https://user-content.cardcastle.co/uploads/card_user/scanned_image/bc62cb60-be88-4026-ba3e-5277b4aaf839.jpg,,,,082026-1,,
8339745,Magic,Foundations,Revenge of the Rats,67,U,Near Mint,0.25,,,,,1,0.25,,0.25,https://user-content.cardcastle.co/uploads/card_user/scanned_image/d9daab74-e3fd-45da-b454-d6c6c6b62113.jpg,,,,082026-1,,
8295665,Magic,Foundations,"Balmor, Battlemage Captain",237,U,Near Mint,0.29,,,,,1,0.29,,0.29,https://user-content.cardcastle.co/uploads/card_user/scanned_image/3e34bd6e-4abd-4ef4-8522-630b5d74eff0.jpg,,,,082026-1,,
8343955,Magic,Foundations,Treetop Snarespinner,114,C,Near Mint,0.24,,,,,6,0.24,,0.24,https://user-content.cardcastle.co/uploads/card_user/scanned_image/9bf80ecd-76b2-44a1-9a40-4565a408dc04.jpg,,,,082026-1,,
8337985,Magic,Foundations,Soul-Shackled Zombie,70,C,Near Mint,0.16,,,,,1,0.16,,0.16,https://user-content.cardcastle.co/uploads/card_user/scanned_image/46cc0104-94da-42c4-8ff0-665da51f8c83.jpg,,,,082026-1,,
8338585,Magic,Foundations,Courageous Goblin,82,C,Near Mint,0.09,,,,,1,0.09,,0.09,https://user-content.cardcastle.co/uploads/card_user/scanned_image/052e5298-7241-4964-aaf1-56b53ef00ac0.jpg,,,,082026-1,,
8339625,Magic,Foundations,Inspiring Paladin,18,C,Near Mint,0.17,,,,,1,0.17,,0.17,https://user-content.cardcastle.co/uploads/card_user/scanned_image/5679daac-41dc-4023-a4b0-1386ccc7fdf2.jpg,,,,082026-1,,
8289695,Magic,Foundations,Lightshell Duo,157,C,Near Mint,0.25,,,,,1,0.25,,0.25,https://user-content.cardcastle.co/uploads/card_user/scanned_image/a68dcc2e-ccc6-4503-8ec2-e345b359dc84.jpg,,,,082026-1,,
,Magic,Foundations,Elf Warrior,19,C,Near Mint,,,,,,1,,,,https://user-content.cardcastle.co/uploads/card_user/scanned_image/19c7552a-c257-4020-b27d-6aef8500c2f5.jpg,,,,082026-1,,
8334835,Magic,Foundations,Gutless Plunderer,60,C,Near Mint,0.15,,,,,1,0.15,,0.15,https://user-content.cardcastle.co/uploads/card_user/scanned_image/cd3d59da-b3d3-4696-90d8-aa26c3fb5030.jpg,,,,082026-1,,
8294065,Magic,Foundations,Angel of Finality,136,U,Near Mint,0.21,,,,,1,0.21,,0.21,https://user-content.cardcastle.co/uploads/card_user/scanned_image/e43c3308-49d2-49be-babe-04afaacc258c.jpg,,,,082026-1,,
8284850,Magic,Foundations,Arcane Epiphany,29,U,Near Mint,0.21,,,,,1,0.21,,0.21,https://user-content.cardcastle.co/uploads/card_user/scanned_image/5c778586-b8bc-40af-a53b-19ec0b83031d.jpg,,,,082026-1,,
8335825,Magic,Foundations,Quick-Draw Katana,130,C,Near Mint,0.13,,,,,1,0.13,,0.13,https://user-content.cardcastle.co/uploads/card_user/scanned_image/d407d1e7-6765-4716-9c0d-8dc25d59a588.jpg,,,,082026-1,,
8340535,Magic,Foundations,Vampire Soulcaller (0075),75,C,Near Mint,0.18,,,,,1,0.18,,0.18,https://user-content.cardcastle.co/uploads/card_user/scanned_image/83065bfd-28a7-47d6-b446-88a0b88f9aea.jpg,,,,082026-1,,
8339385,Magic,Foundations,Crackling Cyclops,83,C,Near Mint,0.16,,,,,1,0.16,,0.16,https://user-content.cardcastle.co/uploads/card_user/scanned_image/316b8351-1810-419d-bad9-a0913720376b.jpg,,,,082026-1,,
8289815,Magic,Foundations,Refute,48,C,Near Mint,0.26,,,,,1,0.26,,0.26,https://user-content.cardcastle.co/uploads/card_user/scanned_image/5c101010-4aca-4822-a899-ec12c5bd9e2c.jpg,,,,082026-1,,
8336065,Magic,Foundations,Fake Your Own Death,174,C,Near Mint,0.17,,,,,1,0.17,,0.17,https://user-content.cardcastle.co/uploads/card_user/scanned_image/cbfbb3a8-3ee9-42d7-beed-dc72bce45b0c.jpg,,,,082026-1,,
8338945,Magic,Foundations,Mischievous Pup,144,U,Near Mint,0.2,,,,,1,0.2,,0.2,https://user-content.cardcastle.co/uploads/card_user/scanned_image/6335a00f-498c-40ae-9a38-79eae280a015.jpg,,,,082026-1,,
8329526,Magic,Foundations,Good-Fortune Unicorn,240,U,Near Mint,0.26,,,,,1,0.26,,0.26,https://user-content.cardcastle.co/uploads/card_user/scanned_image/c468de51-c199-46d6-ba69-ccef6cc86f0b.jpg,,,,082026-1,,
8328725,Magic,Foundations,"Tatyova, Benthic Druid",247,U,Near Mint,0.28,,,,,1,0.28,,0.28,https://user-content.cardcastle.co/uploads/card_user/scanned_image/2fc92490-b6ff-4c84-8100-86a8722985b9.jpg,,,,082026-1,,
8100388,Magic,Foundations,Prideful Parent,21,C,Near Mint,0.21,,,,,1,0.21,,0.21,https://user-content.cardcastle.co/uploads/card_user/scanned_image/86a4c0a1-8d44-40b9-b4e6-9ed94be96012.jpg,,,,082026-1,,
8341525,Magic,Foundations,Goblin Surprise,200,C,Near Mint,0.25,,,,,1,0.25,,0.25,https://user-content.cardcastle.co/uploads/card_user/scanned_image/9510c06a-d030-4551-8b49-7b05e6afa020.jpg,,,,082026-1,,
8336005,Magic,Foundations,Mocking Sprite (0159),159,C,Near Mint,0.19,,,,,1,0.19,,0.19,https://user-content.cardcastle.co/uploads/card_user/scanned_image/bd383094-de7e-44ca-88a5-e57e5d8f44a5.jpg,,,,082026-1,,
8339445,Magic,Foundations,Beast-Kin Ranger,100,C,Near Mint,0.11,,,,,4,0.11,,0.11,https://user-content.cardcastle.co/uploads/card_user/scanned_image/bf449b33-5b21-4550-8c12-b342017b5874.jpg,,,,082026-1,,
8478571,Magic,Innistrad Remastered,Boarded Window (Retro Frame),439,U,Near Mint Foil,0.24,,,,,1,0.24,,0.24,https://user-content.cardcastle.co/uploads/card_user/scanned_image/77af8195-78fb-4d89-845f-13201b58208c.jpg,,,,082026-1,,
8467518,Magic,Innistrad Remastered,Grizzled Angler (Retro Frame),458,U,Near Mint,0.09,,,,,1,0.09,,0.09,https://user-content.cardcastle.co/uploads/card_user/scanned_image/42bda7cf-da2c-4be9-b44a-600c472236b7.jpg,,,,082026-1,,
8841751,Magic,Edge of Eternities,Seedship Agrarian,204,U,Near Mint Foil,0.27,,,,,1,0.27,,0.27,https://user-content.cardcastle.co/uploads/card_user/scanned_image/5ee73271-7574-4b92-bab7-83933b6950e0.jpg,,,,082026-1,,
8918509,Magic,Marvel's Spider-Man,Wall Crawl,121,U,Near Mint Foil,0.26,,,,,1,0.26,,0.26,https://user-content.cardcastle.co/uploads/card_user/scanned_image/c5dc9016-487f-43f4-b7e5-ea78b5a16cd1.jpg,,,,082026-1,,
8328130,Magic,Foundations,Mild-Mannered Librarian,228,U,Near Mint Foil,0.15,,,,,1,0.15,,0.15,https://user-content.cardcastle.co/uploads/card_user/scanned_image/e3dcdc28-731f-488c-9455-c90f6b244d4c.jpg,,,,082026-1,,
7171490,Magic,Universes Beyond: The Lord of the Rings: Tales of Middle-earth,Wose Pathfinder,190,C,Near Mint,0.13,,,,,2,0.13,,0.13,https://user-content.cardcastle.co/uploads/card_user/scanned_image/933431b3-6f59-4b66-bf5a-7c2fa73ec49c.jpg,,,,082026-1,,
8831316,Magic,Edge of Eternities,Meltstrider Eulogist,197,U,Near Mint,0.29,,,,,1,0.29,,0.29,https://user-content.cardcastle.co/uploads/card_user/scanned_image/9e27c97a-a71c-439d-a79b-c69e4e6b50d9.jpg,,,,082026-1,,
8340075,Magic,Foundations,Cackling Prowler,101,C,Near Mint,0.12,,,,,5,0.12,,0.12,https://user-content.cardcastle.co/uploads/card_user/scanned_image/2dc6fe8d-c515-4949-9ce3-34cb552104ac.jpg,,,,082026-1,,
8338765,Magic,Foundations,Apothecary Stomper,99,C,Near Mint,0.11,,,,,5,0.11,,0.11,https://user-content.cardcastle.co/uploads/card_user/scanned_image/f346d624-1d48-4692-8066-4ca36c20749a.jpg,,,,082026-1,,
8339685,Magic,Foundations,Broken Wings,214,C,Near Mint,0.24,,,,,2,0.24,,0.24,https://user-content.cardcastle.co/uploads/card_user/scanned_image/ff9ef555-2243-4db3-8b2f-5aa1f71696c2.jpg,,,,082026-1,,
8617597,Magic,Tarkir: Dragonstorm,Roamer's Routine,154,C,Near Mint,0.21,,,,,2,0.21,,0.21,https://user-content.cardcastle.co/uploads/card_user/scanned_image/03744d0b-a335-4461-a943-cdd02595567b.jpg,,,,082026-1,,
3449816,Magic,Commander 2017,Crushing Vines,146,C,Near Mint,0.11,,,,,1,0.11,,0.11,https://user-content.cardcastle.co/uploads/card_user/scanned_image/427a6b6b-02f3-4e84-8813-15e096af557c.jpg,,,,082026-1,,
4635980,Magic,Commander Legends,Farhaven Elf,225,C,Near Mint,0.32,,,,,1,0.32,,0.32,https://user-content.cardcastle.co/uploads/card_user/scanned_image/c818896b-4a41-43da-a323-645aef7f4aa9.jpg,,,,082026-1,,
6718480,Magic,The Brothers' War,Burrowing Razormaw,173,C,Near Mint,0.05,,,,,1,0.05,,0.05,https://user-content.cardcastle.co/uploads/card_user/scanned_image/671cae65-8fa5-47e4-a9f8-ead0ae9de020.jpg,,,,082026-1,,
6708654,Magic,The Brothers' War,Argothian Sprite,168,C,Near Mint,0.07,,,,,1,0.07,,0.07,https://user-content.cardcastle.co/uploads/card_user/scanned_image/620b07e0-a667-4c65-9316-c7b08dd6245e.jpg,,,,082026-1,,
6718220,Magic,The Brothers' War,Citanul Stalwart,175,C,Near Mint,0.14,,,,,1,0.14,,0.14,https://user-content.cardcastle.co/uploads/card_user/scanned_image/274cd06c-749d-43a0-8151-c0399521f823.jpg,,,,082026-1,,
6704851,Magic,The Brothers' War,Wasteful Harvest,196,C,Near Mint,0.2,,,,,1,0.2,,0.2,https://user-content.cardcastle.co/uploads/card_user/scanned_image/4bd7177e-9f06-4c7e-9d1e-e5c525ea78f9.jpg,,,,082026-1,,
8342055,Magic,Foundations,Felling Blow,105,U,Near Mint,0.26,,,,,3,0.26,,0.26,https://user-content.cardcastle.co/uploads/card_user/scanned_image/a2eecf01-73b9-4a07-a7cc-7aa9c17bc9cb.jpg,,,,082026-1,,
8825827,Magic,Edge of Eternities,Close Encounter,176,U,Near Mint,0.07,,,,,2,0.07,,0.07,https://user-content.cardcastle.co/uploads/card_user/scanned_image/618f86c8-ebd4-4c9e-94ef-6791cbb91727.jpg,,,,082026-1,,
7213518,Magic,Universes Beyond: The Lord of the Rings: Tales of Middle-earth,Lothlorien Lookout,175,C,Near Mint,0.19,,,,,2,0.19,,0.19,https://user-content.cardcastle.co/uploads/card_user/scanned_image/800d7098-7e73-4035-8372-b57410471640.jpg,,,,082026-1,,
7164035,Magic,Universes Beyond: The Lord of the Rings: Tales of Middle-earth,Bag End Porter,153,C,Near Mint,0.15,,,,,3,0.15,,0.15,https://user-content.cardcastle.co/uploads/card_user/scanned_image/6accfc3f-f66e-4ef2-a2c8-036a22d767c9.jpg,,,,082026-1,,
7194134,Magic,Universes Beyond: The Lord of the Rings: Tales of Middle-earth,Revive the Shire,185,C,Near Mint,0.26,,,,,3,0.26,,0.26,https://user-content.cardcastle.co/uploads/card_user/scanned_image/6968b04c-3dc8-4ae4-a9bd-eb609582d6be.jpg,,,,082026-1,,
4478424,Magic,Jumpstart,Lifecrafter's Gift,409,U,Near Mint,0.14,,,,,1,0.14,,0.14,https://user-content.cardcastle.co/uploads/card_user/scanned_image/794d2452-2a85-4bbd-aabf-697451e5af4f.jpg,,,,082026-1,,
8331610,Magic,Foundations,Affectionate Indrik,211,U,Near Mint,0.07,,,,,4,0.07,,0.07,https://user-content.cardcastle.co/uploads/card_user/scanned_image/e87aeb3c-7cd0-4962-9462-fe7fa78a8d24.jpg,,,,082026-1,,
8341555,Magic,Foundations,Eager Trufflesnout,102,U,Near Mint,0.27,,,,,3,0.27,,0.27,https://user-content.cardcastle.co/uploads/card_user/scanned_image/6bf0c547-b68a-42ce-b330-18df5cbfafc7.jpg,,,,082026-1,,
7967208,Magic,Commander: Modern Horizons 3,Grapple with the Past,230,C,Near Mint,0.25,,,,,1,0.25,,0.25,https://user-content.cardcastle.co/uploads/card_user/scanned_image/2ad01349-d527-43d2-842c-c193d994a1b6.jpg,,,,082026-1,,
4660419,Magic,Commander Legends,Ambush Viper,213,C,Near Mint,0.22,,,,,1,0.22,,0.22,https://user-content.cardcastle.co/uploads/card_user/scanned_image/9612d4f4-2008-4a09-8b1d-2a01eb4113fc.jpg,,,,082026-1,,
4080799,Magic,Modern Horizons,Treefolk Umbra,185,C,Near Mint,0.18,,,,,1,0.18,,0.18,https://user-content.cardcastle.co/uploads/card_user/scanned_image/dc59b5a9-905f-4b50-b6ab-7eae6510ff74.jpg,,,,082026-1,,
7298119,Magic,Commander Masters,Rampaging Brontodon,315,U,Near Mint,0.27,,,,,1,0.27,,0.27,https://user-content.cardcastle.co/uploads/card_user/scanned_image/b6c58668-2720-44af-aecc-fb89982bc611.jpg,,,,082026-1,,
7299439,Magic,Commander Masters,Courage in Crisis,278,C,Near Mint,0.25,,,,,1,0.25,,0.25,https://user-content.cardcastle.co/uploads/card_user/scanned_image/8c7c523d-48d0-47c1-89bb-28a964b450ce.jpg,,,,082026-1,,
7221325,Magic,Universes Beyond: The Lord of the Rings: Tales of Middle-earth,Mirrormere Guardian,179,C,Near Mint,0.15,,,,,2,0.15,,0.15,https://user-content.cardcastle.co/uploads/card_user/scanned_image/6d92a34d-ad1e-4035-9304-168eb92436d1.jpg,,,,082026-1,,
8338525,Magic,Foundations,Ambush Wolf,98,C,Near Mint,0.24,,,,,4,0.24,,0.24,https://user-content.cardcastle.co/uploads/card_user/scanned_image/e14ad31c-4b71-4f64-8f6f-727ff18f7607.jpg,,,,082026-1,,
8328485,Magic,Foundations,Wildwood Scourge,236,U,Near Mint,0.19,,,,,2,0.19,,0.19,https://user-content.cardcastle.co/uploads/card_user/scanned_image/88b9a686-a3a6-4b9d-9b4e-c12414ed8e99.jpg,,,,082026-1,,
8650355,Magic,Tarkir: Dragonstorm,Ainok Wayfarer,134,C,Near Mint,0.19,,,,,1,0.19,,0.19,https://user-content.cardcastle.co/uploads/card_user/scanned_image/609bf65d-d2c1-42d7-9aaf-95f878aa4f6b.jpg,,,,082026-1,,
8650685,Magic,Tarkir: Dragonstorm,Dragon Sniper,139,U,Near Mint,1.8,,,,,1,1.8,,1.8,https://user-content.cardcastle.co/uploads/card_user/scanned_image/f9f751d2-57d9-4e03-9df4-fb0d34b5d5fc.jpg,,,,082026-1,,
8635580,Magic,Tarkir: Dragonstorm,Snakeskin Veil,159,C,Near Mint,0.28,,,,,1,0.28,,0.28,https://user-content.cardcastle.co/uploads/card_user/scanned_image/0b676bd1-d543-4e36-91f7-10546ab7e5a2.jpg,,,,082026-1,,
8650775,Magic,Tarkir: Dragonstorm,Formation Breaker,143,U,Near Mint,0.12,,,,,1,0.12,,0.12,https://user-content.cardcastle.co/uploads/card_user/scanned_image/a3f191e4-96fd-4f08-baa8-6fc63c5db583.jpg,,,,082026-1,,
8628080,Magic,Tarkir: Dragonstorm,Heritage Reclamation,145,C,Near Mint,0.35,,,,,1,0.35,,0.35,https://user-content.cardcastle.co/uploads/card_user/scanned_image/ac1b8ac7-09a7-4dff-a1be-68253c740d62.jpg,,,,082026-1,,
8644183,Magic,Tarkir: Dragonstorm,Krotiq Nestguard,148,C,Near Mint,0.08,,,,,1,0.08,,0.08,https://user-content.cardcastle.co/uploads/card_user/scanned_image/67657e47-6801-4f87-bb08-68f42aa07c4d.jpg,,,,082026-1,,
8328185,Magic,Foundations,Needletooth Pack,108,U,Near Mint,0.22,,,,,3,0.22,,0.22,https://user-content.cardcastle.co/uploads/card_user/scanned_image/1524e803-227f-4d7b-96f8-dd47e318a26b.jpg,,,,082026-1,,
8343770,Magic,Foundations,Snakeskin Veil,233,U,Near Mint,0.31,,,,,2,0.31,,0.31,https://user-content.cardcastle.co/uploads/card_user/scanned_image/1ba00c82-37d6-4cac-a445-d316887426d1.jpg,,,,082026-1,,
4989365,Magic,Modern Horizons 2,Funnel-Web Recluse,161,C,Near Mint,0.12,,,,,1,0.12,,0.12,https://user-content.cardcastle.co/uploads/card_user/scanned_image/393477c1-f936-48e9-ba1a-102356e9c185.jpg,,,,082026-1,,
4972636,Magic,Modern Horizons 2,Jade Avenger (Showcase),356,C,Near Mint,0.17,,,,,1,0.17,,0.17,https://user-content.cardcastle.co/uploads/card_user/scanned_image/963334f8-6ad9-4376-b3b3-d802250241af.jpg,,,,082026-1,,
4986892,Magic,Modern Horizons 2,Yavimaya Elder,288,U,Near Mint,0.14,,,,,1,0.14,,0.14,https://user-content.cardcastle.co/uploads/card_user/scanned_image/4c99f15b-e437-4545-8d45-f87b29898237.jpg,,,,082026-1,,
5097189,Magic,Commander: Adventures in the Forgotten Realms,Return to Nature,169,C,Near Mint,0.2,,,,,1,0.2,,0.2,https://user-content.cardcastle.co/uploads/card_user/scanned_image/0ae03272-4fe0-4bb3-96d2-77048ff20642.jpg,,,,082026-1,,
8894227,Magic,Avatar: The Last Airbender,Raucous Audience,190,C,Near Mint,0.15,,,,,6,0.15,,0.15,https://user-content.cardcastle.co/uploads/card_user/scanned_image/5f48dc89-65c6-40bc-bf26-748978db8d5e.jpg,,,,082026-1,,
8894167,Magic,Avatar: The Last Airbender,Ostrich-Horse,188,C,Near Mint,0.11,,,,,7,0.11,,0.11,https://user-content.cardcastle.co/uploads/card_user/scanned_image/fec26fe8-3eed-4126-9425-b8cdd8fca1ca.jpg,,,,082026-1,,
8894737,Magic,Avatar: The Last Airbender,"Haru, Hidden Talent",182,U,Near Mint,0.25,,,,,1,0.25,,0.25,https://user-content.cardcastle.co/uploads/card_user/scanned_image/fd461e58-b225-4e7e-a787-274f870dd15a.jpg,,,,082026-1,,
8999191,Magic,Avatar: The Last Airbender,Walltop Sentries,202,C,Near Mint,0.13,,,,,7,0.13,,0.13,https://user-content.cardcastle.co/uploads/card_user/scanned_image/8fce9074-7df6-473e-af01-3a56bb463c6c.jpg,,,,082026-1,,
8894797,Magic,Avatar: The Last Airbender,Pillar Launch,189,C,Near Mint,0.12,,,,,2,0.12,,0.12,https://user-content.cardcastle.co/uploads/card_user/scanned_image/d1776682-4e8d-4008-883f-80588d3722b2.jpg,,,,082026-1,,
8977412,Magic,Avatar: The Last Airbender,Allies at Last,164,U,Near Mint,0.2,,,,,3,0.2,,0.2,https://user-content.cardcastle.co/uploads/card_user/scanned_image/a5a5f835-ef51-4289-9686-84dc24b67764.jpg,,,,082026-1,,
8993633,Magic,Avatar: The Last Airbender,"Bumi, King of Three Trials",169,U,Near Mint,0.17,,,,,1,0.17,,0.17,https://user-content.cardcastle.co/uploads/card_user/scanned_image/07e191ea-e2b2-47a7-8e14-8e9277ae08ea.jpg,,,,082026-1,,
7686871,Magic,The List Reprints,Temur Sabertooth,FRF-141,U,Near Mint,0.97,,,,,1,0.97,,0.97,https://user-content.cardcastle.co/uploads/card_user/scanned_image/71566e26-bd38-4bdc-a287-736ecc6c850e.jpg,,,,082026-1,,
7191299,Magic,Universes Beyond: The Lord of the Rings: Tales of Middle-earth,Dunedain Rangers,159,U,Near Mint,0.16,,,,,2,0.16,,0.16,https://user-content.cardcastle.co/uploads/card_user/scanned_image/e34132f0-122a-4c6c-8c36-5e72d07e4296.jpg,,,,082026-1,,
7213918,Magic,Universes Beyond: The Lord of the Rings: Tales of Middle-earth,Brandywine Farmer,155,C,Near Mint,0.18,,,,,1,0.18,,0.18,https://user-content.cardcastle.co/uploads/card_user/scanned_image/57a7b8a8-4768-4e92-8496-3422b33e0991.jpg,,,,082026-1,,
6717980,Magic,The Brothers' War,Tomakul Honor Guard,195,C,Near Mint,0.03,,,,,1,0.03,,0.03,https://user-content.cardcastle.co/uploads/card_user/scanned_image/deba6625-3c0b-4b2f-a144-898d78c48b29.jpg,,,,082026-1,,
8248451,Magic,The List Reprints,Rise of the Ants,MID-196,U,Near Mint,0.1,,,,,1,0.1,,0.1,https://user-content.cardcastle.co/uploads/card_user/scanned_image/b7110cfb-39b9-4a20-9137-9e7446c83d00.jpg,,,,082026-1,,
8246931,Magic,The List Reprints,Dread Linnorm,CLB-225,C,Near Mint,0.21,,,,,3,0.21,,0.21,https://user-content.cardcastle.co/uploads/card_user/scanned_image/bbe85fd3-128f-4988-be8b-f1bd139d4b55.jpg,,,,082026-1,,
8642214,Magic,Tarkir: Dragonstorm,Encroaching Dragonstorm,142,U,Near Mint,0.31,,,,,2,0.31,,0.31,https://user-content.cardcastle.co/uploads/card_user/scanned_image/e4abf1c0-040f-4eec-ad8f-41d32aa34135.jpg,,,,082026-1,,
6675217,Magic,The Brothers' War,Giant Growth,183,C,Near Mint,0.2,,,,,1,0.2,,0.2,https://user-content.cardcastle.co/uploads/card_user/scanned_image/5ce937a1-14a4-4734-a406-fdde6b3e618e.jpg,,,,082026-1,,
8197162,Magic,Commander: Duskmourn: House of Horror,Yavimaya Elder,208,C,Near Mint,0.23,,,,,1,0.23,,0.23,https://user-content.cardcastle.co/uploads/card_user/scanned_image/c50e4ddc-51d2-4021-a6d2-b55c04662096.jpg,,,,082026-1,,
8196562,Magic,Commander: Duskmourn: House of Horror,Experimental Lab // Staff Room,33,R,Near Mint,0.31,,,,,1,0.31,,0.31,https://user-content.cardcastle.co/uploads/card_user/scanned_image/cc19678b-df94-47eb-b1d4-41d9602658af.jpg,,,,082026-1,,
8187069,Magic,Duskmourn: House of Horror,Overgrown Zealot,193,U,Near Mint,0.24,,,,,3,0.24,,0.24,https://user-content.cardcastle.co/uploads/card_user/scanned_image/bbb80eb4-b7d0-4121-b909-adda4a6098e8.jpg,,,,082026-1,,
8998891,Magic,Avatar: The Last Airbender,Rockalanche,192,U,Near Mint,0.23,,,,,1,0.23,,0.23,https://user-content.cardcastle.co/uploads/card_user/scanned_image/47c2b16b-16c2-4986-b269-3d002388f594.jpg,,,,082026-1,,
8992271,Magic,Avatar: The Last Airbender,Earth Kingdom General,173,U,Near Mint,0.24,,,,,2,0.24,,0.24,https://user-content.cardcastle.co/uploads/card_user/scanned_image/9c1d6404-05ed-424a-9257-368e1f517c86.jpg,,,,082026-1,,
8248141,Magic,The List Reprints,Predator's Howl,CNS-37,U,Near Mint,0.15,,,,,1,0.15,,0.15,https://user-content.cardcastle.co/uploads/card_user/scanned_image/ade6fab0-aea2-4a6d-a191-9b8715bda244.jpg,,,,082026-1,,
8247141,Magic,The List Reprints,Gaea's Gift,BRO-182,C,Near Mint,0.89,,,,,1,0.89,,0.89,https://user-content.cardcastle.co/uploads/card_user/scanned_image/63d2a792-cc6a-4e14-a4a4-2e09d2805bae.jpg,,,,082026-1,,
9006533,Magic,Avatar: The Last Airbender,Foggy Swamp Vinebender,180,C,Near Mint,0.09,,,,,3,0.09,,0.09,https://user-content.cardcastle.co/uploads/card_user/scanned_image/ccbe518f-1c30-4ae8-ad4c-a0e7590e8a72.jpg,,,,082026-1,,
8990283,Magic,Avatar: The Last Airbender,Shared Roots,196,U,Near Mint,0.37,,,,,4,0.37,,0.37,https://user-content.cardcastle.co/uploads/card_user/scanned_image/19a95023-c6ac-43a1-8049-cd3fc64a0a50.jpg,,,,082026-1,,
8831216,Magic,Edge of Eternities,Edge Rover,179,U,Near Mint,0.25,,,,,3,0.25,,0.25,https://user-content.cardcastle.co/uploads/card_user/scanned_image/0fff5908-52e7-4f56-b880-654c91ee1da2.jpg,,,,082026-1,,
7182106,Magic,Universes Beyond: The Lord of the Rings: Tales of Middle-earth,Meriadoc Brandybuck (Showcase),314,U,Near Mint,0.29,,,,,1,0.29,,0.29,https://user-content.cardcastle.co/uploads/card_user/scanned_image/abbf73d3-f3e0-4c17-8233-ee71392d8df5.jpg,,,,082026-1,,
8644245,Magic,Tarkir: Dragonstorm,Piercing Exhale,151,C,Near Mint,0.21,,,,,2,0.21,,0.21,https://user-content.cardcastle.co/uploads/card_user/scanned_image/3ce2b8c5-2f89-41dc-89ff-cf1bb86a9448.jpg,,,,082026-1,,
8808718,Magic,Edge of Eternities,Tapestry Warden,209,U,Near Mint,0.25,,,,,1,0.25,,0.25,https://user-content.cardcastle.co/uploads/card_user/scanned_image/fb936f9b-39ef-4998-80bb-84a6162ff6b2.jpg,,,,082026-1,,
7543517,Magic,The Lost Caverns of Ixalan,Huatli's Final Strike,190,C,Near Mint,0.14,,,,,1,0.14,,0.14,https://user-content.cardcastle.co/uploads/card_user/scanned_image/ef277879-c4bc-4b99-b089-0e7de652e179.jpg,,,,082026-1,,
7517769,Magic,The Lost Caverns of Ixalan,Pathfinding Axejaw,206,C,Near Mint,0.18,,,,,1,0.18,,0.18,https://user-content.cardcastle.co/uploads/card_user/scanned_image/6cd65d61-6705-4e4f-86ef-cbaa12791f16.jpg,,,,082026-1,,
7550622,Magic,The Lost Caverns of Ixalan,Malamet Brawler,199,C,Near Mint,0.22,,,,,1,0.22,,0.22,https://user-content.cardcastle.co/uploads/card_user/scanned_image/7eb0bbc6-25fe-419a-9227-46feba691726.jpg,,,,082026-1,,
7509494,Magic,The Lost Caverns of Ixalan,Coati Scavenger,179,U,Near Mint,0.25,,,,,1,0.25,,0.25,https://user-content.cardcastle.co/uploads/card_user/scanned_image/7662f39a-05fe-4d10-937e-99ba5923928b.jpg,,,,082026-1,,
7501034,Magic,The Lost Caverns of Ixalan,Cenote Scout,178,U,Near Mint,0.2,,,,,1,0.2,,0.2,https://user-content.cardcastle.co/uploads/card_user/scanned_image/1ffadff2-1c62-434d-8f16-ce24f1cb1718.jpg,,,,082026-1,,
7521200,Magic,The Lost Caverns of Ixalan,Glowcap Lantern,187,U,Near Mint,0.2,,,,,1,0.2,,0.2,https://user-content.cardcastle.co/uploads/card_user/scanned_image/c6097bb8-9e80-4076-8dd4-2cfde0c4d77d.jpg,,,,082026-1,,
4634005,Magic,Commander Legends,Natural Reclamation,245,C,Near Mint,0.2,,,,,1,0.2,,0.2,https://user-content.cardcastle.co/uploads/card_user/scanned_image/a39d9aa5-89f6-4315-acf9-588f813a8883.jpg,,,,082026-1,,
4636276,Magic,Commander Legends,"Numa, Joraga Chieftain",246,U,Near Mint,0.23,,,,,1,0.23,,0.23,https://user-content.cardcastle.co/uploads/card_user/scanned_image/73467b91-bae3-47a7-b3c7-612e0e424800.jpg,,,,082026-1,,
8179893,Magic,Duskmourn: House of Horror,Anthropede,167,C,Near Mint,0.05,,,,,2,0.05,,0.05,https://user-content.cardcastle.co/uploads/card_user/scanned_image/614b94ef-f7ef-40c1-a55d-beb54a6ad2c3.jpg,,,,082026-1,,
8175369,Magic,Duskmourn: House of Horror,Spineseeker Centipede,199,C,Near Mint,0.14,,,,,2,0.14,,0.14,https://user-content.cardcastle.co/uploads/card_user/scanned_image/70995fd8-9bac-49ce-a32a-38e3eecbe962.jpg,,,,082026-1,,
8200353,Magic,Duskmourn: House of Horror,Manifest Dread,189,C,Near Mint,0.17,,,,,2,0.17,,0.17,https://user-content.cardcastle.co/uploads/card_user/scanned_image/72a5942e-780d-4e10-805e-39551b4c1c70.jpg,,,,082026-1,,
8977652,Magic,Avatar: The Last Airbender,Invasion Tactics,183,U,Near Mint,0.17,,,,,2,0.17,,0.17,https://user-content.cardcastle.co/uploads/card_user/scanned_image/b86462ab-0839-466e-8116-e95fa989b88f.jpg,,,,082026-1,,
8980602,Magic,Avatar: The Last Airbender,Unlucky Cabbage Merchant,201,U,Near Mint,0.21,,,,,1,0.21,,0.21,https://user-content.cardcastle.co/uploads/card_user/scanned_image/f785ed58-e618-45cf-80e4-8dc22882eeb9.jpg,,,,082026-1,,
8192531,Magic,Duskmourn: House of Horror,Flesh Burrower,178,C,Near Mint,0.21,,,,,2,0.21,,0.21,https://user-content.cardcastle.co/uploads/card_user/scanned_image/3f7b6a9d-1e0e-472b-ab6b-55ddbcb6c75b.jpg,,,,082026-1,,
8180193,Magic,Duskmourn: House of Horror,Wary Watchdog,206,C,Near Mint,0.24,,,,,3,0.24,,0.24,https://user-content.cardcastle.co/uploads/card_user/scanned_image/845db614-40e3-4e33-9c20-20c3182d633f.jpg,,,,082026-1,,
8203994,Magic,Duskmourn: House of Horror,Fear of Exposure,177,U,Near Mint,0.14,,,,,1,0.14,,0.14,https://user-content.cardcastle.co/uploads/card_user/scanned_image/932e2db5-547d-4401-a557-f2db7fb95f42.jpg,,,,082026-1,,
8821033,Magic,Edge of Eternities,Hemosymbic Mite,190,U,Near Mint,0.16,,,,,1,0.16,,0.16,https://user-content.cardcastle.co/uploads/card_user/scanned_image/3aa27305-8213-4ec3-91d9-c7c64817989c.jpg,,,,082026-1,,
6808211,Magic,Dominaria Remastered,Emerald Charm,158,C,Near Mint,0.13,,,,,1,0.13,,0.13,https://user-content.cardcastle.co/uploads/card_user/scanned_image/3e84cade-7821-417f-bdc6-c663bc6a8ae1.jpg,,,,082026-1,,
6675777,Magic,The Brothers' War,Argothian Opportunist,167,C,Near Mint,0.11,,,,,1,0.11,,0.11,https://user-content.cardcastle.co/uploads/card_user/scanned_image/e0eae24b-0064-4268-971f-76b04bf78db6.jpg,,,,082026-1,,
8729165,Magic,FINAL FANTASY,"Quina, Qu Gourmet",194,U,Near Mint,0.28,,,,,1,0.28,,0.28,https://user-content.cardcastle.co/uploads/card_user/scanned_image/737c992d-acae-496a-83c0-7289a9de8d81.jpg,,,,082026-1,,
8746486,Magic,FINAL FANTASY,Gysahl Greens,190,C,Near Mint,0.16,,,,,1,0.16,,0.16,https://user-content.cardcastle.co/uploads/card_user/scanned_image/1f674427-5639-41fe-82b5-59e2ce7b54f2.jpg,,,,082026-1,,
8744300,Magic,FINAL FANTASY,Chocobo Kick,178,C,Near Mint,0.19,,,,,1,0.19,,0.19,https://user-content.cardcastle.co/uploads/card_user/scanned_image/45bcec1a-af4d-4e93-b274-e2a0fade03aa.jpg,,,,082026-1,,
9002176,Magic,Avatar: The Last Airbender: Eternal-Legal,Inspiring Call,168,U,Near Mint Foil,1.79,,,,,1,1.79,,1.79,https://user-content.cardcastle.co/uploads/card_user/scanned_image/ad490c8a-7a67-49bc-b8e9-efcfb34eb3eb.jpg,,,,082026-1,,
8912291,Magic,Marvel's Spider-Man,Terrific Team-Up,120,U,Near Mint,0.21,,,,,2,0.21,,0.21,https://user-content.cardcastle.co/uploads/card_user/scanned_image/8e5ddbd5-70cd-4d7f-8353-e453b7136fd5.jpg,,,,082026-1,,
8912226,Magic,Marvel's Spider-Man,Professional Wrestler,110,C,Near Mint,0.09,,,,,1,0.09,,0.09,https://user-content.cardcastle.co/uploads/card_user/scanned_image/0b73ed20-97a0-4787-99dd-f865c19c5566.jpg,,,,082026-1,,
8912091,Magic,Marvel's Spider-Man,Damage Control Crew,99,U,Near Mint Foil,0.24,,,,,2,0.24,,0.24,https://user-content.cardcastle.co/uploads/card_user/scanned_image/05a8fe92-ff74-4591-8831-fe69cbb27a8f.jpg,,,,082026-1,,
7213318,Magic,Universes Beyond: The Lord of the Rings: Tales of Middle-earth,Chance-Met Elves,157,C,Near Mint,0.15,,,,,3,0.15,,0.15,https://user-content.cardcastle.co/uploads/card_user/scanned_image/0a09cb35-d8b0-4303-b9cb-24e701c83dae.jpg,,,,082026-1,,
7174950,Magic,Universes Beyond: The Lord of the Rings: Tales of Middle-earth,Pippin's Bravery (Borderless),414,C,Near Mint,0.19,,,,,2,0.19,,0.19,https://user-content.cardcastle.co/uploads/card_user/scanned_image/24611cec-14a7-4da0-87fd-bebad84e6b20.jpg,,,,082026-1,,
7213078,Magic,Universes Beyond: The Lord of the Rings: Tales of Middle-earth,Enraged Huorn,162,C,Near Mint,0.16,,,,,3,0.16,,0.16,https://user-content.cardcastle.co/uploads/card_user/scanned_image/039fc40f-cd2f-4670-933f-047cef276d79.jpg,,,,082026-1,,
7179466,Magic,Universes Beyond: The Lord of the Rings: Tales of Middle-earth,Many Partings (Borderless),445,C,Near Mint,0.25,,,,,2,0.25,,0.25,https://user-content.cardcastle.co/uploads/card_user/scanned_image/449a42bb-969e-43a9-8c74-532b29ae8344.jpg,,,,082026-1,,
7212523,Magic,Universes Beyond: The Lord of the Rings: Tales of Middle-earth,Mirkwood Spider,178,C,Near Mint,0.29,,,,,3,0.29,,0.29,https://user-content.cardcastle.co/uploads/card_user/scanned_image/2b311db1-4683-4dc2-85be-bd887ce0a366.jpg,,,,082026-1,,
7170750,Magic,Universes Beyond: The Lord of the Rings: Tales of Middle-earth,Stew the Coneys,189,U,Near Mint,0.19,,,,,1,0.19,,0.19,https://user-content.cardcastle.co/uploads/card_user/scanned_image/5f904b20-ca3d-4293-9247-626b0558809c.jpg,,,,082026-1,,
7191674,Magic,Universes Beyond: The Lord of the Rings: Tales of Middle-earth,"Glorfindel, Dauntless Rescuer",171,U,Near Mint,0.21,,,,,1,0.21,,0.21,https://user-content.cardcastle.co/uploads/card_user/scanned_image/2982b73b-8983-4ead-9fab-6b28db512c64.jpg,,,,082026-1,,
7195337,Magic,Universes Beyond: The Lord of the Rings: Tales of Middle-earth,Celeborn the Wise,156,U,Near Mint,0.14,,,,,1,0.14,,0.14,https://user-content.cardcastle.co/uploads/card_user/scanned_image/52e2727c-0ea4-4472-a7f4-fb0ecebc9a94.jpg,,,,082026-1,,
7164355,Magic,Universes Beyond: The Lord of the Rings: Tales of Middle-earth,Bombadil's Song,154,C,Near Mint,0.24,,,,,1,0.24,,0.24,https://user-content.cardcastle.co/uploads/card_user/scanned_image/49af8e7a-6137-41d9-84cb-d79ada82f990.jpg,,,,082026-1,,
7169710,Magic,Universes Beyond: The Lord of the Rings: Tales of Middle-earth,"Quickbeam, Upstart Ent",183,U,Near Mint,0.2,,,,,2,0.2,,0.2,https://user-content.cardcastle.co/uploads/card_user/scanned_image/8619085f-cf25-4e33-91b6-e5954e7e7af7.jpg,,,,082026-1,,
7213158,Magic,Universes Beyond: The Lord of the Rings: Tales of Middle-earth,Galadhrim Guide,168,C,Near Mint,0.14,,,,,1,0.14,,0.14,https://user-content.cardcastle.co/uploads/card_user/scanned_image/d50d4d75-3808-403e-a398-7b6e521994bb.jpg,,,,082026-1,,
7213998,Magic,Universes Beyond: The Lord of the Rings: Tales of Middle-earth,Elven Farsight,161,C,Near Mint,0.32,,,,,1,0.32,,0.32,https://user-content.cardcastle.co/uploads/card_user/scanned_image/fbb01111-1467-4193-aeb0-a71c758ea285.jpg,,,,082026-1,,
7213758,Magic,Universes Beyond: The Lord of the Rings: Tales of Middle-earth,Shower of Arrows,188,C,Near Mint,0.23,,,,,2,0.23,,0.23,https://user-content.cardcastle.co/uploads/card_user/scanned_image/51d77852-1cae-4a94-b9cb-6dacf7b42449.jpg,,,,082026-1,,
7165735,Magic,Universes Beyond: The Lord of the Rings: Tales of Middle-earth,Galadhrim Bow,167,C,Near Mint,0.15,,,,,1,0.15,,0.15,https://user-content.cardcastle.co/uploads/card_user/scanned_image/215a98a4-a503-4703-accd-679aab90e168.jpg,,,,082026-1,,
7167405,Magic,Universes Beyond: The Lord of the Rings: Tales of Middle-earth,Many Partings,176,C,Near Mint,0.29,,,,,1,0.29,,0.29,https://user-content.cardcastle.co/uploads/card_user/scanned_image/5c0dc146-3ed8-4357-9484-30efc72373a3.jpg,,,,082026-1,,
7169470,Magic,Universes Beyond: The Lord of the Rings: Tales of Middle-earth,Pippin's Bravery,182,C,Near Mint,0.21,,,,,1,0.21,,0.21,https://user-content.cardcastle.co/uploads/card_user/scanned_image/799747b5-5dbd-4374-a344-ab2874d42ae0.jpg,,,,082026-1,,
7165155,Magic,Universes Beyond: The Lord of the Rings: Tales of Middle-earth,Ent's Fury,164,C,Near Mint,0.21,,,,,2,0.21,,0.21,https://user-content.cardcastle.co/uploads/card_user/scanned_image/8f316eca-d699-43ce-ba72-104857cfe702.jpg,,,,082026-1,,
8246786,Magic,The List Reprints,Canopy Surge,INV-184,U,Near Mint,0.13,,,,,1,0.13,,0.13,https://user-content.cardcastle.co/uploads/card_user/scanned_image/6020f178-bf00-42b4-a869-5e4dffc479d6.jpg,,,,082026-1,,
8804520,Magic,Edge of Eternities,Eusocial Engineering,181,U,Near Mint,0.33,,,,,1,0.33,,0.33,https://user-content.cardcastle.co/uploads/card_user/scanned_image/3cc1f9d1-ae7a-4cd5-a0dd-9e5e93061649.jpg,,,,082026-1,,
7189723,Magic,Universes Beyond: The Lord of the Rings: Tales of Middle-earth,Gift of Strands,170,U,Near Mint,0.15,,,,,1,0.15,,0.15,https://user-content.cardcastle.co/uploads/card_user/scanned_image/933604be-2ba0-499b-a54e-b73b0e55ff1f.jpg,,,,082026-1,,
6709470,Magic,The Brothers' War,Mask of the Jadecrafter,201,U,Near Mint,0.07,,,,,1,0.07,,0.07,https://user-content.cardcastle.co/uploads/card_user/scanned_image/b1484c75-3815-402c-840c-af1fb97971c3.jpg,,,,082026-1,,
6718060,Magic,The Brothers' War,Hoarding Recluse,186,C,Near Mint,0.26,,,,,1,0.26,,0.26,https://user-content.cardcastle.co/uploads/card_user/scanned_image/e2ae021f-4182-47a9-b84d-4e0b683f29f7.jpg,,,,082026-1,,
7168085,Magic,Universes Beyond: The Lord of the Rings: Tales of Middle-earth,Mushroom Watchdogs,180,C,Near Mint,0.17,,,,,2,0.17,,0.17,https://user-content.cardcastle.co/uploads/card_user/scanned_image/72f133d2-e65b-416f-a59e-200175e0517b.jpg,,,,082026-1,,
8248911,Magic,The List Reprints,Vivien's Grizzly,WAR-182,C,Near Mint,0.14,,,,,1,0.14,,0.14,https://user-content.cardcastle.co/uploads/card_user/scanned_image/875b7bdc-0a98-47d6-a985-4d6633291d3f.jpg,,,,082026-1,,
8248981,Magic,The List Reprints,Wirewood Guardian,SCG-132,C,Near Mint,0.08,,,,,1,0.08,,0.08,https://user-content.cardcastle.co/uploads/card_user/scanned_image/e63126ae-058b-43e7-bc8e-36d1bad57511.jpg,,,,082026-1,,
8893947,Magic,Avatar: The Last Airbender,"Flopsie, Bumi's Buddy",179,U,Near Mint,0.24,,,,,1,0.24,,0.24,https://user-content.cardcastle.co/uploads/card_user/scanned_image/31cb9d1b-3730-461c-9747-e9a087fbcbdb.jpg,,,,082026-1,,
7306589,Magic,Commander Masters,Loyal Guardian,304,U,Near Mint,0.19,,,,,1,0.19,,0.19,https://user-content.cardcastle.co/uploads/card_user/scanned_image/8acaddd9-fe8d-4ae7-937b-e14ec2302f96.jpg,,,,082026-1,,
4081129,Magic,Modern Horizons,Twin-Silk Spider,188,C,Near Mint,0.27,,,,,3,0.27,,0.27,https://user-content.cardcastle.co/uploads/card_user/scanned_image/98636238-bdf7-4c63-9dad-a7cf34d02fe6.jpg,,,,082026-1,,
4055923,Magic,Modern Horizons,Squirrel Nest,182,U,Near Mint,0.26,,,,,1,0.26,,0.26,https://user-content.cardcastle.co/uploads/card_user/scanned_image/9c1ea8af-c029-4120-bd68-07f14e40a166.jpg,,,,082026-1,,
4080249,Magic,Modern Horizons,Excavating Anurid,163,C,Near Mint,0.19,,,,,1,0.19,,0.19,https://user-content.cardcastle.co/uploads/card_user/scanned_image/f300fd8f-56d0-4abb-b9b4-d87d2e34a1b8.jpg,,,,082026-1,,
8328245,Magic,Foundations,Overrun,230,U,Near Mint,0.3,,,,,2,0.3,,0.3,https://user-content.cardcastle.co/uploads/card_user/scanned_image/719152c7-7235-46ac-bccf-7c63692fa9eb.jpg,,,,082026-1,,
8341680,Magic,Foundations,Elfsworn Giant,103,C,Near Mint,0.26,,,,,2,0.26,,0.26,https://user-content.cardcastle.co/uploads/card_user/scanned_image/f56c72e3-a49f-4c82-8e4d-7761e0c4fd33.jpg,,,,082026-1,,
8910795,Magic,Marvel's Spider-Man,"Ezekiel Sims, Spider-Totem",100,U,Near Mint,0.18,,,,,3,0.18,,0.18,https://user-content.cardcastle.co/uploads/card_user/scanned_image/dd9be77a-bb78-415c-a4d2-baed4ffb4726.jpg,,,,082026-1,,
8907625,Magic,Marvel's Spider-Man,Pictures of Spider-Man,109,U,Near Mint,0.25,,,,,1,0.25,,0.25,https://user-content.cardcastle.co/uploads/card_user/scanned_image/0e914ae6-198e-4d1b-8cfa-c9c474a8af89.jpg,,,,082026-1,,
7964039,Magic,Modern Horizons 3,Territory Culler,173,U,Near Mint,0.28,,,,,1,0.28,,0.28,https://user-content.cardcastle.co/uploads/card_user/scanned_image/d6b53e67-0e9b-49fa-8576-b9f66fb76c80.jpg,,,,082026-1,,
7938180,Magic,Modern Horizons 3,Path of Annihilation,165,U,Near Mint,0.3,,,,,1,0.3,,0.3,https://user-content.cardcastle.co/uploads/card_user/scanned_image/bb6f5232-6a6b-47ab-8678-92e4035ea8ed.jpg,,,,082026-1,,
8977832,Magic,Avatar: The Last Airbender,Sparring Dummy,197,U,Near Mint,0.12,,,,,1,0.12,,0.12,https://user-content.cardcastle.co/uploads/card_user/scanned_image/ef62285e-1a60-48bc-9cc1-1bb21894368e.jpg,,,,082026-1,,
8982429,Magic,Avatar: The Last Airbender,True Ancestry,199,U,Near Mint,0.22,,,,,1,0.22,,0.22,https://user-content.cardcastle.co/uploads/card_user/scanned_image/b2e45131-e742-40a2-8c58-1c580075c475.jpg,,,,082026-1,,
9000596,Magic,Avatar: The Last Airbender: Eternal-Legal,Bumi's Feast Lecture,133,U,Near Mint Foil,2,,,,,1,2,,2,https://user-content.cardcastle.co/uploads/card_user/scanned_image/4fa9885a-9aa9-47ab-881f-1b2b69c212f0.jpg,,,,082026-1,,
9009857,Magic,Avatar: The Last Airbender: Eternal-Legal,Earthbending Student,249,U,Near Mint Foil,23.86,,,,,1,23.86,,23.86,https://user-content.cardcastle.co/uploads/card_user/scanned_image/28f00b7d-7d0f-4d84-954c-85d101174e68.jpg,,,,082026-1,,
8180073,Magic,Duskmourn: House of Horror,Insidious Fungus,186,U,Near Mint,0.6,,,,,1,0.6,,0.6,https://user-content.cardcastle.co/uploads/card_user/scanned_image/cf3d08ef-7940-4cf7-a0d6-883d78b15743.jpg,,,,082026-1,,
8192351,Magic,Duskmourn: House of Horror,Coordinated Clobbering,173,U,Near Mint,0.22,,,,,1,0.22,,0.22,https://user-content.cardcastle.co/uploads/card_user/scanned_image/a93d3844-f800-4c06-866c-3aeb685552da.jpg,,,,082026-1,,
8192411,Magic,Duskmourn: House of Horror,Cryptid Inspector,174,C,Near Mint,0.13,,,,,2,0.13,,0.13,https://user-content.cardcastle.co/uploads/card_user/scanned_image/dce09628-887d-4946-872c-cc1f623463ca.jpg,,,,082026-1,,
8862030,Magic,Marvel's Spider-Man,Kapow!,103,C,Near Mint,0.15,,,,,1,0.15,,0.15,https://user-content.cardcastle.co/uploads/card_user/scanned_image/362ce3da-5615-473e-a5c1-b0c1bb9e6772.jpg,,,,082026-1,,
8651375,Magic,Tarkir: Dragonstorm,Sagu Pummeler,156,C,Near Mint,0.11,,,,,2,0.11,,0.11,https://user-content.cardcastle.co/uploads/card_user/scanned_image/2f615968-64d5-4bc2-9023-1773b806e48a.jpg,,,,082026-1,,
8166314,Magic,Duskmourn: House of Horror,Say Its Name,197,C,Near Mint,0.25,,,,,1,0.25,,0.25,https://user-content.cardcastle.co/uploads/card_user/scanned_image/4b9b6713-b6ee-4278-a471-59495ce99aa1.jpg,,,,082026-1,,
8200293,Magic,Duskmourn: House of Horror,Frantic Strength,179,C,Near Mint,0.17,,,,,1,0.17,,0.17,https://user-content.cardcastle.co/uploads/card_user/scanned_image/dcf93407-1b1b-4286-9a63-521d18afb9c3.jpg,,,,082026-1,,
8192471,Magic,Duskmourn: House of Horror,Defiant Survivor,175,U,Near Mint,0.15,,,,,1,0.15,,0.15,https://user-content.cardcastle.co/uploads/card_user/scanned_image/baec084d-7a6f-481d-8677-0c7de46393cd.jpg,,,,082026-1,,
8175309,Magic,Duskmourn: House of Horror,Patchwork Beastie,195,U,Near Mint,0.22,,,,,1,0.22,,0.22,https://user-content.cardcastle.co/uploads/card_user/scanned_image/5956e04d-3f47-4180-870e-c8b1fe6ba177.jpg,,,,082026-1,,
9447060,Magic,The Hobbit: Eternal-Legal,Galadhrim Guide,207,C,Near Mint,0.24,,,,,1,0.24,,0.24,https://user-content.cardcastle.co/uploads/card_user/scanned_image/ea5b9a43-1713-486f-8b57-77a7fbfa939e.jpg,,,,082026-1,,
8331670,Magic,Foundations,"Dwynen, Gilt-Leaf Daen",217,U,Near Mint,0.34,,,,,1,0.34,,0.34,https://user-content.cardcastle.co/uploads/card_user/scanned_image/406e2f9e-d759-4480-8d38-36ff51f13e8d.jpg,,,,082026-1,,
8342180,Magic,Foundations,Garruk's Uprising,220,U,Near Mint,0.49,,,,,2,0.49,,0.49,https://user-content.cardcastle.co/uploads/card_user/scanned_image/da768c3d-553d-4100-9389-e4a2b0da419a.jpg,,,,082026-1,,
8328125,Magic,Foundations,Mild-Mannered Librarian,228,U,Near Mint,0.08,,,,,1,0.08,,0.08,https://user-content.cardcastle.co/uploads/card_user/scanned_image/c85583e2-a21c-401e-b4b3-a62dab9abf3a.jpg,,,,082026-1,,
9339272,Magic,Commander: Marvel Super Heroes,Scout the City,817,C,Near Mint,0.19,,,,,1,0.19,,0.19,https://user-content.cardcastle.co/uploads/card_user/scanned_image/8408fa0f-03ba-4232-8e11-0a70605edb63.jpg,,,,082026-1,,
8343555,Magic,Foundations,Quakestrider Ceratops,110,U,Near Mint,0.23,,,,,2,0.23,,0.23,https://user-content.cardcastle.co/uploads/card_user/scanned_image/5ba1043f-115b-41b2-b47f-4e47420b24ec.jpg,,,,082026-1,,
8285660,Magic,Foundations,Giant Growth,223,C,Near Mint,0.17,,,,,2,0.17,,0.17,https://user-content.cardcastle.co/uploads/card_user/scanned_image/3ef4be46-3603-4582-878e-4d056bc9a71a.jpg,,,,082026-1,,
8331730,Magic,Foundations,Inspiring Call,226,U,Near Mint,0.36,,,,,1,0.36,,0.36,https://user-content.cardcastle.co/uploads/card_user/scanned_image/a417391c-4262-4072-b216-2464fd380e69.jpg,,,,082026-1,,
7684803,Magic,Murders at Karlov Manor,Pick Your Poison,170,C,Near Mint,0.27,,,,,1,0.27,,0.27,https://user-content.cardcastle.co/uploads/card_user/scanned_image/7f6d0218-f508-4078-af8c-ef233154a6f0.jpg,,,,082026-1,,
8650835,Magic,Tarkir: Dragonstorm,Inspirited Vanguard,146,U,Near Mint,0.07,,,,,1,0.07,,0.07,https://user-content.cardcastle.co/uploads/card_user/scanned_image/6a6480f1-188a-4fa7-bde7-487bb890271f.jpg,,,,082026-1,,
8197192,Magic,Commander: Duskmourn: House of Horror,"Yedora, Grave Gardener",209,U,Near Mint,0.31,,,,,1,0.31,,0.31,https://user-content.cardcastle.co/uploads/card_user/scanned_image/2805b3e8-1eef-4dc0-a227-c0dba149b55d.jpg,,,,082026-1,,
8651525,Magic,Tarkir: Dragonstorm,Trade Route Envoy,163,C,Near Mint,0.17,,,,,1,0.17,,0.17,https://user-content.cardcastle.co/uploads/card_user/scanned_image/231b4f4d-5c23-403e-ada0-291f2dc4b9a4.jpg,,,,082026-1,,
8201924,Magic,Duskmourn: House of Horror,Osseous Sticktwister,112,U,Near Mint Foil,0.3,,,,,1,0.3,,0.3,https://user-content.cardcastle.co/uploads/card_user/scanned_image/a721fcce-b160-4cbf-81fb-cfcf969e871e.jpg,,,,82126,,
8191301,Magic,Duskmourn: House of Horror,Innocuous Rat,103,C,Near Mint Foil,0.27,,,,,1,0.27,,0.27,https://user-content.cardcastle.co/uploads/card_user/scanned_image/8311cfaa-76b6-4ac1-b9ef-2e25368cf148.jpg,,,,82126,,
8191241,Magic,Duskmourn: House of Horror,Appendage Amalgam,83,C,Near Mint Foil,0.24,,,,,2,0.24,,0.24,https://user-content.cardcastle.co/uploads/card_user/scanned_image/47bba0b8-6b95-45f6-8f03-eab11a380092.jpg,,,,82126,,
8191421,Magic,Duskmourn: House of Horror,Resurrected Cultist,115,C,Near Mint Foil,0.13,,,,,2,0.13,,0.13,https://user-content.cardcastle.co/uploads/card_user/scanned_image/6600c416-3fd6-415c-87af-d11c4db8b464.jpg,,,,82126,,
7958864,Magic,Modern Horizons 3,Dreamdrinker Vampire,88,C,Near Mint Foil,0.27,,,,,1,0.27,,0.27,https://user-content.cardcastle.co/uploads/card_user/scanned_image/c9bee092-0584-45fb-9bc8-366fe4a69558.jpg,,,,82126,,
9347749,Magic,Commander: Marvel Super Heroes,"Tombstone, Career Criminal (0160)",160,U,Near Mint Foil,,,,,,1,,,,https://user-content.cardcastle.co/uploads/card_user/scanned_image/101b53a4-4365-4dd8-b43a-4bc2bf408006.jpg,,,,82126,,
8916719,Magic,Marvel's Spider-Man,Inner Demons Gangsters,57,C,Near Mint Foil,0.26,,,,,2,0.26,,0.26,https://user-content.cardcastle.co/uploads/card_user/scanned_image/62695336-78dc-484a-abab-97288afede61.jpg,,,,82126,,
4630844,Magic,Commander Legends,Eyeblight Cullers,124,C,Near Mint Foil,0.15,,,,,1,0.15,,0.15,https://user-content.cardcastle.co/uploads/card_user/scanned_image/fc5be6b0-6afb-42f9-84f4-8ec6775b8dee.jpg,,,,82126,,
8811837,Magic,Edge of Eternities,Umbral Collar Zealot,123,U,Near Mint Foil,0.4,,,,,1,0.4,,0.4,https://user-content.cardcastle.co/uploads/card_user/scanned_image/6808b275-2ef8-4e1a-b70a-f34adada7eba.jpg,,,,82126,,
8830761,Magic,Edge of Eternities,Dubious Delicacy,96,U,Near Mint Foil,0.3,,,,,1,0.3,,0.3,https://user-content.cardcastle.co/uploads/card_user/scanned_image/c00acb06-739b-41b3-950b-c11f3cfc408e.jpg,,,,82126,,
8995193,Magic,Avatar: The Last Airbender,Fatal Fissure,97,U,Near Mint Foil,0.27,,,,,1,0.27,,0.27,https://user-content.cardcastle.co/uploads/card_user/scanned_image/7d769545-e0a4-42c2-b813-ca7b746f6cb0.jpg,,,,82126,,
8340170,Magic,Foundations,Infestation Sage,64,C,Near Mint Foil,0.32,,,,,1,0.32,,0.32,https://user-content.cardcastle.co/uploads/card_user/scanned_image/e9484f88-58a0-4299-9967-d9db2883dc1a.jpg,,,,82126,,
8180763,Magic,Duskmourn: House of Horror,Dashing Bloodsucker,90,U,Near Mint Foil,0.19,,,,,1,0.19,,0.19,https://user-content.cardcastle.co/uploads/card_user/scanned_image/4544dcbe-1641-4f02-bdf7-f9a42bb5876e.jpg,,,,82126,,
8186679,Magic,Duskmourn: House of Horror,Give In to Violence,101,C,Near Mint Foil,0.18,,,,,1,0.18,,0.18,https://user-content.cardcastle.co/uploads/card_user/scanned_image/588cf4a6-860a-476e-b3dc-b52fc10707ae.jpg,,,,82126,,
8207850,Magic,Duskmourn: House of Horror,Cracked Skull,88,C,Near Mint Foil,0.17,,,,,1,0.17,,0.17,https://user-content.cardcastle.co/uploads/card_user/scanned_image/c5213b3b-94b5-43d5-a521-612a1317c2f0.jpg,,,,82126,,
8861355,Magic,Marvel's Spider-Man,"Tombstone, Career Criminal",70,U,Near Mint Foil,0.29,,,,,1,0.29,,0.29,https://user-content.cardcastle.co/uploads/card_user/scanned_image/5edc60fd-63ef-4d57-b324-7fdc62a95c3d.jpg,,,,82126,,
8334840,Magic,Foundations,Gutless Plunderer,60,C,Near Mint Foil,0.26,,,,,1,0.26,,0.26,https://user-content.cardcastle.co/uploads/card_user/scanned_image/c97ae005-e88e-40dd-830a-749d0f52ae28.jpg,,,,82126,,
9091912,Magic,Lorwyn Eclipsed,Wanderbrine Trapper,42,U,Near Mint Foil,0.28,,,,,1,0.28,,0.28,https://user-content.cardcastle.co/uploads/card_user/scanned_image/90bcce3a-a8b2-4547-956a-4e8fc2f16810.jpg,,,,82126,,
8203724,Magic,Duskmourn: House of Horror,Cackling Slasher,85,C,Near Mint Foil,0.24,,,,,1,0.24,,0.24,https://user-content.cardcastle.co/uploads/card_user/scanned_image/23fa86d7-f23a-401e-a053-46d937bd2dce.jpg,,,,82126,,
8174849,Magic,Duskmourn: House of Horror,Fear of the Dark,98,C,Near Mint Foil,0.27,,,,,1,0.27,,0.27,https://user-content.cardcastle.co/uploads/card_user/scanned_image/b29ead3c-c8a5-45a0-be52-8e7966cb1c11.jpg,,,,82126,,
9090982,Magic,Lorwyn Eclipsed,Scarblade's Malice,119,C,Near Mint Foil,0.26,,,,,1,0.26,,0.26,https://user-content.cardcastle.co/uploads/card_user/scanned_image/ef01de28-6a96-40e9-a5a5-f36c39bfd26e.jpg,,,,82126,,
8916779,Magic,Marvel's Spider-Man,"Madame Web, Clairvoyant",36,U,Near Mint Foil,0.23,,,,,1,0.23,,0.23,https://user-content.cardcastle.co/uploads/card_user/scanned_image/78ec52be-b405-4f2d-8dd7-b51d264f3d91.jpg,,,,82126,,
9003016,Magic,Avatar: The Last Airbender: Eternal-Legal,Fire Nation Salvagers,106,R,Near Mint Foil,0.63,,,,,1,0.63,,0.63,https://user-content.cardcastle.co/uploads/card_user/scanned_image/8656c040-9675-4065-9c01-20dff617b64f.jpg,,,,82126,,
8988776,Magic,Avatar: The Last Airbender,"June, Bounty Hunter",106,U,Near Mint Foil,0.28,,,,,1,0.28,,0.28,https://user-content.cardcastle.co/uploads/card_user/scanned_image/7f204018-5c8d-40eb-b0f9-268c89cc5d93.jpg,,,,82126,,
8861820,Magic,Marvel's Spider-Man,Scorpion's Sting,65,C,Near Mint Foil,0.28,,,,,1,0.28,,0.28,https://user-content.cardcastle.co/uploads/card_user/scanned_image/f03b45e5-649c-47a5-8772-522d9f3de153.jpg,,,,82126,,
8821568,Magic,Edge of Eternities,Virus Beetle,124,C,Near Mint Foil,0.32,,,,,1,0.32,,0.32,https://user-content.cardcastle.co/uploads/card_user/scanned_image/925ef604-cb9b-440b-a503-54631b9e7cbc.jpg,,,,82126,,
8800150,Magic,Edge of Eternities,Embrace Oblivion,98,C,Near Mint Foil,0.25,,,,,1,0.25,,0.25,https://user-content.cardcastle.co/uploads/card_user/scanned_image/7179d7f8-6a03-4c1d-875a-846741f10fc5.jpg,,,,82126,,
8203784,Magic,Duskmourn: House of Horror,Miasma Demon,109,U,Near Mint Foil,0.22,,,,,2,0.22,,0.22,https://user-content.cardcastle.co/uploads/card_user/scanned_image/c5a70d45-280d-4f6c-ba4f-89906ca3a785.jpg,,,,82126,,
8335620,Magic,Foundations,Sanguine Syphoner,68,C,Near Mint Foil,0.28,,,,,1,0.28,,0.28,https://user-content.cardcastle.co/uploads/card_user/scanned_image/8fa756e4-adbc-4d9d-a97d-074366d79157.jpg,,,,82126,,
8713104,Magic,FINAL FANTASY,Circle of Power,92,U,Near Mint Foil,0.3,,,,,1,0.3,,0.3,https://user-content.cardcastle.co/uploads/card_user/scanned_image/ee5ceab7-e29e-4c0a-80be-f4214375c8c2.jpg,,,,82126,,
8917474,Magic,Marvel's Spider-Man,Sandman's Quicksand,63,U,Near Mint Foil,0.21,,,,,2,0.21,,0.21,https://user-content.cardcastle.co/uploads/card_user/scanned_image/e8bfd6f3-0c3a-40be-9ae4-31b04070c849.jpg,,,,82126,,
8861790,Magic,Marvel's Spider-Man,Venom's Hunger,73,C,Near Mint Foil,0.24,,,,,1,0.24,,0.24,https://user-content.cardcastle.co/uploads/card_user/scanned_image/e4f99866-fb26-4400-a5e6-97aa31e42a43.jpg,,,,82126,,
7951520,Magic,Modern Horizons 3,Consuming Corruption (Retro Frame),407,U,Near Mint Foil,0.37,,,,,1,0.37,,0.37,https://user-content.cardcastle.co/uploads/card_user/scanned_image/c3679cfc-ed2c-404a-b06f-6f7b8125b231.jpg,,,,82126,,
8998250,Magic,Avatar: The Last Airbender,"Joo Dee, One of Many",105,U,Near Mint Foil,0.26,,,,,1,0.26,,0.26,https://user-content.cardcastle.co/uploads/card_user/scanned_image/d6021e0a-c006-4ba1-a555-d568c2a368cf.jpg,,,,82126,,
8994048,Magic,Avatar: The Last Airbender,Fire Navy Trebuchet,100,U,Near Mint Foil,0.32,,,,,2,0.32,,0.32,https://user-content.cardcastle.co/uploads/card_user/scanned_image/274741f6-23b1-4f28-bd0d-b0679d7c5f36.jpg,,,,82126,,
8892496,Magic,Avatar: The Last Airbender,Fire Nation Engineer,99,U,Near Mint Foil,0.21,,,,,1,0.21,,0.21,https://user-content.cardcastle.co/uploads/card_user/scanned_image/2b8759ab-8284-4f71-b32c-245264db9ab4.jpg,,,,82126,,
8891146,Magic,Avatar: The Last Airbender,Beetle-Headed Merchants,86,C,Near Mint Foil,0.19,,,,,1,0.19,,0.19,https://user-content.cardcastle.co/uploads/card_user/scanned_image/0385d1df-e1c6-447d-90b8-4cd2bae62080.jpg,,,,82126,,
8861760,Magic,Marvel's Spider-Man,Merciless Enforcers,58,C,Near Mint Foil,0.25,,,,,5,0.25,,0.25,https://user-content.cardcastle.co/uploads/card_user/scanned_image/30fb003a-eccf-4f8e-b36d-2be3380a5b74.jpg,,,,82126,,
8919544,Magic,Marvel's Spider-Man,The Spot's Portal,68,U,Near Mint Foil,0.27,,,,,1,0.27,,0.27,https://user-content.cardcastle.co/uploads/card_user/scanned_image/a91c4412-53ef-49f8-948e-cb22f36ea1ce.jpg,,,,82126,,
8821568,Magic,Edge of Eternities,Virus Beetle,124,C,Near Mint Foil,0.32,,,,,1,0.32,,0.32,https://user-content.cardcastle.co/uploads/card_user/scanned_image/2fbe6f81-71d2-4d55-a08a-554e697b6c63.jpg,,,,82126,,
7308609,Magic,Commander Masters,Dread Drone,152,C,Near Mint Foil,0.37,,,,,1,0.37,,0.37,https://user-content.cardcastle.co/uploads/card_user/scanned_image/f262a84d-80d7-4794-b4c2-ed1ac1564b0c.jpg,,,,82126,,
8340720,Magic,Foundations,Burglar Rat,170,C,Near Mint Foil,0.34,,,,,1,0.34,,0.34,https://user-content.cardcastle.co/uploads/card_user/scanned_image/f12e015a-bc2f-412f-bec9-c03744420a82.jpg,,,,82126,,
8335680,Magic,Foundations,Pilfer,181,C,Near Mint Foil,0.3,,,,,1,0.3,,0.3,https://user-content.cardcastle.co/uploads/card_user/scanned_image/caf28f7b-d68d-47a2-8c45-a0735ddfa229.jpg,,,,82126,,
9002856,Magic,Avatar: The Last Airbender: Eternal-Legal,Dai Li Censor,102,C,Near Mint Foil,0.24,,,,,1,0.24,,0.24,https://user-content.cardcastle.co/uploads/card_user/scanned_image/64344457-e02c-4916-a0ea-7c8895369090.jpg,,,,82126,,
8994613,Magic,Avatar: The Last Airbender,"The Boulder, Ready to Rumble",168,U,Near Mint Foil,0.32,,,,,1,0.32,,0.32,https://user-content.cardcastle.co/uploads/card_user/scanned_image/ab77da00-9986-43d8-a71a-db9a03b2e146.jpg,,,,82126,,
8990811,Magic,Avatar: The Last Airbender,Sold Out,119,C,Near Mint Foil,0.19,,,,,2,0.19,,0.19,https://user-content.cardcastle.co/uploads/card_user/scanned_image/1d5c128f-72a5-49df-8a79-05242355f01a.jpg,,,,82126,,
8892596,Magic,Avatar: The Last Airbender: Eternal-Legal,Gilacorn,231,C,Near Mint Foil,0.32,,,,,1,0.32,,0.32,https://user-content.cardcastle.co/uploads/card_user/scanned_image/edf9a6ba-a36d-4b02-9c36-c176d8b32d36.jpg,,,,82126,,
8207850,Magic,Duskmourn: House of Horror,Cracked Skull,88,C,Near Mint Foil,0.17,,,,,1,0.17,,0.17,https://user-content.cardcastle.co/uploads/card_user/scanned_image/e3afc45d-162c-4321-a4a4-57b7c770d67b.jpg,,,,82126,,
8614334,Magic,Tarkir: Dragonstorm,Caustic Exhale,74,C,Near Mint Foil,0.15,,,,,1,0.15,,0.15,https://user-content.cardcastle.co/uploads/card_user/scanned_image/36317036-f2e4-4fb1-bfdb-59ec75d76dbd.jpg,,,,82126,,
7214883,Magic,Universes Beyond: The Lord of the Rings: Tales of Middle-earth,Haunt of the Dead Marshes,90,C,Near Mint Foil,0.35,,,,,1,0.35,,0.35,https://user-content.cardcastle.co/uploads/card_user/scanned_image/be37a60a-4bb1-43c5-b68e-6dd3061a7624.jpg,,,,82126,,
7215123,Magic,Universes Beyond: The Lord of the Rings: Tales of Middle-earth,The Black Breath,78,C,Near Mint Foil,0.27,,,,,1,0.27,,0.27,https://user-content.cardcastle.co/uploads/card_user/scanned_image/47c08566-648a-4aba-8543-e519a5c2d124.jpg,,,,82126,,
7166530,Magic,Universes Beyond: The Lord of the Rings: Tales of Middle-earth,"Gothmog, Morgul Lieutenant",87,U,Near Mint Foil,0.37,,,,,1,0.37,,0.37,https://user-content.cardcastle.co/uploads/card_user/scanned_image/60bc067c-d654-450c-ae20-7989e185dd1b.jpg,,,,82126,,
8217403,Magic,Duskmourn: House of Horror,Derelict Attic // Widow's Walk,93,C,Near Mint Foil,0.27,,,,,2,0.27,,0.27,https://user-content.cardcastle.co/uploads/card_user/scanned_image/044fcc85-5edb-4f4e-97eb-6db7977a3535.jpg,,,,82126,,
7028427,Magic,Universes Beyond: The Lord of the Rings: Tales of Middle-earth,"Gollum, Patient Plotter (Showcase)",309,U,Near Mint Foil,0.33,,,,,1,0.33,,0.33,https://user-content.cardcastle.co/uploads/card_user/scanned_image/86d74722-fa15-4245-a44a-aaeacf023114.jpg,,,,82126,,
8000240,Magic,Universes Beyond: Assassin's Creed,Chain Assassination,23,U,Near Mint Foil,0.3,,,,,1,0.3,,0.3,https://user-content.cardcastle.co/uploads/card_user/scanned_image/c974485e-c0e3-4d84-ab24-d05d613f7d27.jpg,,,,82126,,
7992812,Magic,Universes Beyond: Assassin's Creed,Petty Larceny,28,U,Near Mint Foil,0.31,,,,,1,0.31,,0.31,https://user-content.cardcastle.co/uploads/card_user/scanned_image/130a3a73-ec86-454f-a257-7aa53565c7fa.jpg,,,,82126,,
,Magic,Assassin's Creed,Murder,208,U,Near Mint Foil,,,,,,1,,,,https://user-content.cardcastle.co/uploads/card_user/scanned_image/7c389023-a2fc-4ad6-9777-ec961e9ab86e.jpg,,,,82126,,
7992707,Magic,Universes Beyond: Assassin's Creed,Murder,92,U,Near Mint Foil,0.3,,,,,1,0.3,,0.3,https://user-content.cardcastle.co/uploads/card_user/scanned_image/59cdc4c6-d058-45c3-bd32-c29ff7b2840e.jpg,,,,82126,,
8005805,Magic,Universes Beyond: Assassin's Creed,"Roshan, Hidden Magister",32,U,Near Mint Foil,0.2,,,,,1,0.2,,0.2,https://user-content.cardcastle.co/uploads/card_user/scanned_image/6f648bbf-4729-4ece-8e67-8550d96635fe.jpg,,,,82126,,
8191301,Magic,Duskmourn: House of Horror,Innocuous Rat,103,C,Near Mint Foil,0.27,,,,,1,0.27,,0.27,https://user-content.cardcastle.co/uploads/card_user/scanned_image/be915e37-71a2-46e9-9d20-ede26ac5b36d.jpg,,,,82126,,
8203724,Magic,Duskmourn: House of Horror,Cackling Slasher,85,C,Near Mint Foil,0.24,,,,,1,0.24,,0.24,https://user-content.cardcastle.co/uploads/card_user/scanned_image/1999fe86-2390-4577-bed4-a1cdf292329f.jpg,,,,82126,,
8160464,Magic,Duskmourn: House of Horror,Fear of Lost Teeth,97,C,Near Mint Foil,0.33,,,,,1,0.33,,0.33,https://user-content.cardcastle.co/uploads/card_user/scanned_image/eb5d9e46-e6c4-432c-a2d5-89d32e812caa.jpg,,,,82126,,
8200073,Magic,Duskmourn: House of Horror,Withering Torment (Showcase),313,U,Near Mint Foil,4.11,,,,,1,4.11,,4.11,https://user-content.cardcastle.co/uploads/card_user/scanned_image/6d6c54bb-ff1d-4a89-92c6-b830deef0645.jpg,,,,82126,,
8160164,Magic,Duskmourn: House of Horror,Unwanted Remake (Showcase),306,U,Near Mint Foil,0.32,,,,,1,0.32,,0.32,https://user-content.cardcastle.co/uploads/card_user/scanned_image/45e8d08c-404f-461a-881e-8bf28ef3bfa3.jpg,,,,82126,,
8199953,Magic,Duskmourn: House of Horror,Spectral Snatcher,116,C,Near Mint Foil,0.23,,,,,1,0.23,,0.23,https://user-content.cardcastle.co/uploads/card_user/scanned_image/e2af1386-1b1e-4c1e-96f6-2d861f50f1e7.jpg,,,,82126,,
8199893,Magic,Duskmourn: House of Horror,Balemurk Leech,84,C,Near Mint Foil,0.17,,,,,1,0.17,,0.17,https://user-content.cardcastle.co/uploads/card_user/scanned_image/cd4c9d0e-8306-4161-a015-7318d745073c.jpg,,,,82126,,
8917194,Magic,Marvel's Spider-Man,Venomized Cat,72,C,Near Mint Foil,0.28,,,,,2,0.28,,0.28,https://user-content.cardcastle.co/uploads/card_user/scanned_image/ccced7c6-0afb-4301-9395-574de025be46.jpg,,,,82126,,
8919609,Magic,Marvel's Spider-Man,Alien Symbiosis,50,U,Near Mint Foil,0.28,,,,,3,0.28,,0.28,https://user-content.cardcastle.co/uploads/card_user/scanned_image/a264cf1e-dca6-4fc7-8f3b-2f1680c7ae84.jpg,,,,82126,,
8861750,Magic,Marvel's Spider-Man: Eternal-Legal,"Grendel, Spawn of Knull",9,U,Near Mint Foil,0.39,,,,,1,0.39,,0.39,https://user-content.cardcastle.co/uploads/card_user/scanned_image/49c5509d-a79e-4253-995a-295706f6df6a.jpg,,,,82126,,
8914450,Magic,Marvel's Spider-Man,Common Crook,53,C,Near Mint Foil,0.17,,,,,1,0.17,,0.17,https://user-content.cardcastle.co/uploads/card_user/scanned_image/3170aaa5-7ac2-40b5-923d-9a766cecd838.jpg,,,,82126,,
8862155,Magic,Marvel's Spider-Man,Spider-Man Noir,67,U,Near Mint Foil,0.3,,,,,2,0.3,,0.3,https://user-content.cardcastle.co/uploads/card_user/scanned_image/a8c29444-40f8-4100-8e65-0306be5deacc.jpg,,,,82126,,
8861810,Magic,Marvel's Spider-Man,Risky Research,62,C,Near Mint Foil,0.23,,,,,2,0.23,,0.23,https://user-content.cardcastle.co/uploads/card_user/scanned_image/30b72fce-21f7-4eff-8d20-730b3a0943da.jpg,,,,82126,,
8915997,Magic,Marvel's Spider-Man,"Swarm, Being of Bees",69,C,Near Mint Foil,0.25,,,,,5,0.25,,0.25,https://user-content.cardcastle.co/uploads/card_user/scanned_image/b5c814ed-ac59-4c2d-ae67-97d96ec8df34.jpg,,,,82126,,
8843141,Magic,Edge of Eternities,Beamsaw Prospector,89,C,Near Mint Foil,0.3,,,,,1,0.3,,0.3,https://user-content.cardcastle.co/uploads/card_user/scanned_image/5b6c4c14-e571-4a0a-b84e-f8666f39b847.jpg,,,,82126,,
8866212,Magic,Marvel's Spider-Man,Spider-Man Noir (Borderless),204,U,Near Mint Foil,0.38,,,,,2,0.38,,0.38,https://user-content.cardcastle.co/uploads/card_user/scanned_image/d046ebc7-c2f4-4cb2-94fc-c1f9dcc2f645.jpg,,,,82126,,
8633853,Magic,Tarkir: Dragonstorm,Dragon's Prey,79,C,Near Mint Foil,0.13,,,,,1,0.13,,0.13,https://user-content.cardcastle.co/uploads/card_user/scanned_image/d4e9a948-e2ae-41b4-bcdb-cb00ff3e970d.jpg,,,,82126,,
8647300,Magic,Tarkir: Dragonstorm,Alchemist's Assistant,71,U,Near Mint Foil,0.31,,,,,1,0.31,,0.31,https://user-content.cardcastle.co/uploads/card_user/scanned_image/567c18d1-864f-4d5c-9b39-83b64c017a38.jpg,,,,82126,,
8633973,Magic,Tarkir: Dragonstorm,Feral Deathgorger (Showcase),298,C,Near Mint Foil,0.27,,,,,1,0.27,,0.27,https://user-content.cardcastle.co/uploads/card_user/scanned_image/0a88d6b8-71c0-4b40-b2f5-458056ab49ae.jpg,,,,82126,,
8647240,Magic,Tarkir: Dragonstorm,Gurmag Rakshasa,81,U,Near Mint Foil,0.12,,,,,1,0.12,,0.12,https://user-content.cardcastle.co/uploads/card_user/scanned_image/913fbccd-a2bc-4f7c-8f67-41a7a01d6bfe.jpg,,,,82126,,
8643888,Magic,Tarkir: Dragonstorm,Worthy Cost,99,C,Near Mint Foil,0.33,,,,,1,0.33,,0.33,https://user-content.cardcastle.co/uploads/card_user/scanned_image/bbc978a5-dcdf-4e78-a806-4695187dc70b.jpg,,,,82126,,
8633913,Magic,Tarkir: Dragonstorm,Feral Deathgorger,80,C,Near Mint Foil,0.25,,,,,2,0.25,,0.25,https://user-content.cardcastle.co/uploads/card_user/scanned_image/1a2dd8db-a5df-44b1-bffa-ccdbdc72f6fa.jpg,,,,82126,,
8647420,Magic,Tarkir: Dragonstorm,Kin-Tree Nurturer,83,C,Near Mint Foil,0.06,,,,,1,0.06,,0.06,https://user-content.cardcastle.co/uploads/card_user/scanned_image/f3d7eacc-c658-487b-bed1-f5392d832c58.jpg,,,,82126,,
8623431,Magic,Tarkir: Dragonstorm,Desperate Measures,78,U,Near Mint Foil,0.33,,,,,1,0.33,,0.33,https://user-content.cardcastle.co/uploads/card_user/scanned_image/4dc0d847-740e-436b-9911-d53a207be944.jpg,,,,82126,,
8647120,Magic,Tarkir: Dragonstorm,Unburied Earthcarver,95,C,Near Mint Foil,0.12,,,,,1,0.12,,0.12,https://user-content.cardcastle.co/uploads/card_user/scanned_image/af174eff-d019-4d70-8541-aaf1474db1c1.jpg,,,,82126,,
9069199,Magic,Lorwyn Eclipsed,Lys Alana Informant,181,C,Near Mint Foil,0.15,,,,,1,0.15,,0.15,https://user-content.cardcastle.co/uploads/card_user/scanned_image/cd1c7c5f-5e50-419d-884a-6839f46ad78b.jpg,,,,82126,,
8861925,Magic,Marvel's Spider-Man,Angry Rabble,75,C,Near Mint Foil,0.12,,,,,1,0.12,,0.12,https://user-content.cardcastle.co/uploads/card_user/scanned_image/9d78c642-2117-472d-ad75-206943240091.jpg,,,,82126,,
8907630,Magic,Marvel's Spider-Man,Pictures of Spider-Man,109,U,Near Mint Foil,0.28,,,,,1,0.28,,0.28,https://user-content.cardcastle.co/uploads/card_user/scanned_image/c12bfd14-ef85-498e-84c3-1579ac3efc72.jpg,,,,82126,,
8912531,Magic,Marvel's Spider-Man,Hot Dog Cart,164,C,Near Mint Foil,0.27,,,,,1,0.27,,0.27,https://user-content.cardcastle.co/uploads/card_user/scanned_image/34ef9058-9319-45fb-ab27-e8bb37a65358.jpg,,,,82126,,
8862095,Magic,Marvel's Spider-Man,"Spider-Man, Brooklyn Visionary",115,C,Near Mint Foil,0.31,,,,,1,0.31,,0.31,https://user-content.cardcastle.co/uploads/card_user/scanned_image/85a686ac-e59a-4824-a5bd-c4c4942b677c.jpg,,,,82126,,
8913786,Magic,Marvel's Spider-Man,Pumpkin Bombardment,139,C,Near Mint Foil,0.23,,,,,1,0.23,,0.23,https://user-content.cardcastle.co/uploads/card_user/scanned_image/90681faf-dee8-4805-ba72-357e3e15c3a1.jpg,,,,82126,,
8914730,Magic,Marvel's Spider-Man,Prison Break,61,U,Near Mint Foil,0.29,,,,,2,0.29,,0.29,https://user-content.cardcastle.co/uploads/card_user/scanned_image/e5256fe0-8755-4e0b-a212-ab3c698a0553.jpg,,,,82126,,
8981477,Magic,Avatar: The Last Airbender,Northern Air Temple,111,U,Near Mint Foil,0.36,,,,,3,0.36,,0.36,https://user-content.cardcastle.co/uploads/card_user/scanned_image/f12af841-a723-43cf-8e38-11b819693ca3.jpg,,,,82126,,
8861800,Magic,Marvel's Spider-Man: Eternal-Legal,Lethal Protection,10,R,Near Mint Foil,1.95,,,,,1,1.95,,1.95,https://user-content.cardcastle.co/uploads/card_user/scanned_image/85763255-8b75-4e35-8395-58f03f58ca47.jpg,,,,82126,,
8201163,Magic,Duskmourn: House of Horror,Sporogenic Infection,117,U,Near Mint Foil,0.24,,,,,1,0.24,,0.24,https://user-content.cardcastle.co/uploads/card_user/scanned_image/19f39c43-9446-462c-a4eb-72cae9076cc0.jpg,,,,82126,,
9087615,Magic,Lorwyn Eclipsed,Boggart Cursecrafter,206,U,Near Mint Foil,0.3,,,,,1,0.3,,0.3,https://user-content.cardcastle.co/uploads/card_user/scanned_image/8c929017-7ef9-4bb7-91e1-674634a55e4f.jpg,,,,82126,,
9085286,Magic,Lorwyn Eclipsed,Kulrath Zealot,148,C,Near Mint Foil,0.24,,,,,1,0.24,,0.24,https://user-content.cardcastle.co/uploads/card_user/scanned_image/9b0a0dc7-245a-4ba7-b4ba-eddda8e78d6b.jpg,,,,82126,,
9064999,Magic,Lorwyn Eclipsed,Dream Seizer,101,C,Near Mint Foil,0.21,,,,,1,0.21,,0.21,https://user-content.cardcastle.co/uploads/card_user/scanned_image/82738eb3-3709-4a2e-a0f9-943d4e8629fc.jpg,,,,82126,,
9077943,Magic,Lorwyn Eclipsed,Liminal Hold,24,C,Near Mint Foil,0.14,,,,,1,0.14,,0.14,https://user-content.cardcastle.co/uploads/card_user/scanned_image/47bd9aad-c5cf-479b-bb94-2345d29bf69b.jpg,,,,82126,,
8906655,Magic,Marvel's Spider-Man,Spider-Suit,176,U,Near Mint Foil,0.29,,,,,1,0.29,,0.29,https://user-content.cardcastle.co/uploads/card_user/scanned_image/be9925e2-a47f-42a2-8cfa-8b24e041316d.jpg,,,,82126,,
8862105,Magic,Marvel's Spider-Man,Grow Extra Arms,101,C,Near Mint Foil,0.18,,,,,1,0.18,,0.18,https://user-content.cardcastle.co/uploads/card_user/scanned_image/89a4b426-0944-4643-926c-99ad7dbaee27.jpg,,,,82126,,
8906335,Magic,Marvel's Spider-Man,"Vulture, Scheming Scavenger",158,U,Near Mint Foil,0.32,,,,,1,0.32,,0.32,https://user-content.cardcastle.co/uploads/card_user/scanned_image/576bf1be-3bd9-4bb6-8eec-a3c4b162e16d.jpg,,,,82126,,
8891872,Magic,Avatar: The Last Airbender,Azula Always Lies,84,C,Near Mint Foil,0.29,,,,,1,0.29,,0.29,https://user-content.cardcastle.co/uploads/card_user/scanned_image/3e28c59c-7ee4-41f8-b9ce-59351468a62a.jpg,,,,82126,,
8891388,Magic,Avatar: The Last Airbender,Epic Downfall,96,U,Near Mint Foil,0.29,,,,,1,0.29,,0.29,https://user-content.cardcastle.co/uploads/card_user/scanned_image/455ad396-ffb7-4828-9659-f4f25dfc274d.jpg,,,,82126,,
8999796,Magic,Avatar: The Last Airbender,Swampsnare Trap,120,C,Near Mint Foil,0.23,,,,,1,0.23,,0.23,https://user-content.cardcastle.co/uploads/card_user/scanned_image/601028bd-0ddb-44fd-86db-85b2e6692867.jpg,,,,82126,,
8990751,Magic,Avatar: The Last Airbender,Callous Inspector,89,C,Near Mint Foil,0.2,,,,,1,0.2,,0.2,https://user-content.cardcastle.co/uploads/card_user/scanned_image/752691bd-a62e-496d-8192-000ff5f98ef4.jpg,,,,82126,,
8988261,Magic,Avatar: The Last Airbender,Deadly Precision,95,C,Near Mint Foil,0.21,,,,,1,0.21,,0.21,https://user-content.cardcastle.co/uploads/card_user/scanned_image/02ed747c-4a6f-40e0-acf6-21212ace4902.jpg,,,,82126,,
8843266,Magic,Edge of Eternities,Comet Crawler,92,C,Near Mint Foil,0.25,,,,,1,0.25,,0.25,https://user-content.cardcastle.co/uploads/card_user/scanned_image/11258aa4-33b2-449c-92ad-df6fa5da30bb.jpg,,,,82126,,
5706150,Magic,Double Masters 2022,Blood Artist,70,U,Near Mint Foil,3.38,,,,,1,3.38,,3.38,https://user-content.cardcastle.co/uploads/card_user/scanned_image/ba27df81-68f9-4445-a95a-b25f7b7827f5.jpg,,,,82126,,
8999096,Magic,Avatar: The Last Airbender,Foggy Swamp Hunters,101,C,Near Mint Foil,0.17,,,,,1,0.17,,0.17,https://user-content.cardcastle.co/uploads/card_user/scanned_image/f92d2ad9-7610-454b-be72-db165c8fa37e.jpg,,,,82126,,
9003336,Magic,Avatar: The Last Airbender: Eternal-Legal,Scarring Memories,111,U,Near Mint Foil,2.26,,,,,1,2.26,,2.26,https://user-content.cardcastle.co/uploads/card_user/scanned_image/27fb3add-ae18-497f-9ef1-88bbb01cbf24.jpg,,,,82126,,
9008450,Magic,Avatar: The Last Airbender,Pirate Peddlers,115,C,Near Mint Foil,0.25,,,,,2,0.25,,0.25,https://user-content.cardcastle.co/uploads/card_user/scanned_image/f492106c-1bac-4c4c-9f31-baea1331f607.jpg,,,,82126,,
7303714,Magic,Commander Masters,Carrier Thrall,142,C,Near Mint Foil,0.12,,,,,1,0.12,,0.12,https://user-content.cardcastle.co/uploads/card_user/scanned_image/34d7e4d5-59e8-44ab-89d8-fc7a6ee31227.jpg,,,,82126,,
8892902,Magic,Avatar: The Last Airbender,Hog-Monkey,104,C,Near Mint Foil,0.2,,,,,1,0.2,,0.2,https://user-content.cardcastle.co/uploads/card_user/scanned_image/3d0039f1-b27a-4707-8548-699a0a8d0537.jpg,,,,82126,,
8892416,Magic,Avatar: The Last Airbender: Eternal-Legal,Elephant-Rat,228,C,Near Mint Foil,0.29,,,,,1,0.29,,0.29,https://user-content.cardcastle.co/uploads/card_user/scanned_image/9a0ca370-3aeb-45ad-a6e7-44faa081ca17.jpg,,,,82126,,
8891208,Magic,Avatar: The Last Airbender,Cat-Gator,91,U,Near Mint Foil,0.2,,,,,1,0.2,,0.2,https://user-content.cardcastle.co/uploads/card_user/scanned_image/bceef78c-311e-4573-b29e-9359df4e1b2b.jpg,,,,82126,,
8844166,Magic,Edge of Eternities,Depressurize,95,C,Near Mint Foil,0.21,,,,,1,0.21,,0.21,https://user-content.cardcastle.co/uploads/card_user/scanned_image/ca4675c1-dea9-43fe-8bf7-5e025329e28e.jpg,,,,82126,,
8891328,Magic,Avatar: The Last Airbender,Dai Li Indoctrination,93,C,Near Mint Foil,0.23,,,,,1,0.23,,0.23,https://user-content.cardcastle.co/uploads/card_user/scanned_image/806d1e69-2708-4f9f-9fac-99e28fabf61f.jpg,,,,82126,,
8803385,Magic,Edge of Eternities,Temporal Intervention,120,C,Near Mint Foil,0.22,,,,,1,0.22,,0.22,https://user-content.cardcastle.co/uploads/card_user/scanned_image/c7b8bdd3-cf44-4f59-bd5a-88fbe7ff6943.jpg,,,,82126,,
8844770,Magic,Edge of Eternities,Monoist Sentry,111,U,Near Mint Foil,0.29,,,,,1,0.29,,0.29,https://user-content.cardcastle.co/uploads/card_user/scanned_image/03adb2d9-80e4-4214-91d5-b1fe97332168.jpg,,,,82126,,
8861345,Magic,Marvel's Spider-Man,"Scorpion, Seething Striker",64,U,Near Mint Foil,0.26,,,,,1,0.26,,0.26,https://user-content.cardcastle.co/uploads/card_user/scanned_image/9f3ddd76-aad9-4355-95b2-bd69e9b8b3e7.jpg,,,,82126,,
8861325,Magic,Marvel's Spider-Man: Eternal-Legal,Symbiote Spawn,11,C,Near Mint Foil,0.34,,,,,1,0.34,,0.34,https://user-content.cardcastle.co/uploads/card_user/scanned_image/9c755936-7bfe-4c4b-9dca-cb512ba5fc1f.jpg,,,,82126,,
8803260,Magic,Edge of Eternities,Insatiable Skittermaw,108,C,Near Mint Foil,0.25,,,,,1,0.25,,0.25,https://user-content.cardcastle.co/uploads/card_user/scanned_image/5317e96d-e6e7-4fc4-9f2c-65f5c2b87c47.jpg,,,,82126,,
8891649,Magic,Avatar: The Last Airbender: Eternal-Legal,Purple Pentapus,233,C,Near Mint Foil,0.32,,,,,1,0.32,,0.32,https://user-content.cardcastle.co/uploads/card_user/scanned_image/abf399aa-f748-47ef-a9f5-70c8787a8498.jpg,,,,82126,,
8199863,Magic,Duskmourn: House of Horror,Balemurk Leech,84,C,Near Mint,0.19,,,,,1,0.19,,0.19,https://user-content.cardcastle.co/uploads/card_user/scanned_image/abce03c7-8097-420a-a1ab-d3b37ef6d9c8.jpg,,,,82126,,
8203694,Magic,Duskmourn: House of Horror,Cackling Slasher,85,C,Near Mint,0.12,,,,,1,0.12,,0.12,https://user-content.cardcastle.co/uploads/card_user/scanned_image/b8584cb5-7623-4290-ba68-69a5c23782b3.jpg,,,,82126,,
8217398,Magic,Duskmourn: House of Horror,Derelict Attic // Widow's Walk,93,C,Near Mint,0.17,,,,,1,0.17,,0.17,https://user-content.cardcastle.co/uploads/card_user/scanned_image/f3f64d6e-a570-4fbb-8b60-78a5b9c895b8.jpg,,,,82126,,
7678843,Magic,Murders at Karlov Manor,Macabre Reconstruction,93,C,Near Mint,0.14,,,,,1,0.14,,0.14,https://user-content.cardcastle.co/uploads/card_user/scanned_image/909feebe-d0f1-47f9-a834-22bc14d5c8e6.jpg,,,,82126,,
8323092,Magic,Foundations,Reassembling Skeleton,182,U,Near Mint,0.27,,,,,2,0.27,,0.27,https://user-content.cardcastle.co/uploads/card_user/scanned_image/810c4b4f-d798-409a-9f1d-ab85117c0d36.jpg,,,,82126,,
8336335,Magic,Foundations,Stab,71,C,Near Mint,0.21,,,,,3,0.21,,0.21,https://user-content.cardcastle.co/uploads/card_user/scanned_image/36a80faf-3b65-405b-be39-ddc097a0e112.jpg,,,,82126,,
8336065,Magic,Foundations,Fake Your Own Death,174,C,Near Mint,0.18,,,,,3,0.18,,0.18,https://user-content.cardcastle.co/uploads/card_user/scanned_image/33f2454e-11f7-4995-84ba-f73512294029.jpg,,,,82126,,
7993162,Magic,Universes Beyond: Assassin's Creed,The Revelations of Ezio,31,U,Near Mint Foil,0.29,,,,,1,0.29,,0.29,https://user-content.cardcastle.co/uploads/card_user/scanned_image/bde76ba6-091e-4f0f-b62d-07b5e65ce23e.jpg,,,,82126,,
7689986,Magic,Murders at Karlov Manor,Rot Farm Mortipede,102,C,Near Mint,0.12,,,,,1,0.12,,0.12,https://user-content.cardcastle.co/uploads/card_user/scanned_image/998eeba0-c5bd-4cfe-8012-132a08ce716e.jpg,,,,82126,,
8186589,Magic,Duskmourn: House of Horror,Commune with Evil,87,U,Near Mint,0.2,,,,,1,0.2,,0.2,https://user-content.cardcastle.co/uploads/card_user/scanned_image/a7a28782-e61f-4271-8aa3-d09a405372f9.jpg,,,,82126,,
8643883,Magic,Tarkir: Dragonstorm,Worthy Cost,99,C,Near Mint,0.17,,,,,1,0.17,,0.17,https://user-content.cardcastle.co/uploads/card_user/scanned_image/9effe557-e6b3-4b40-9399-499c9c3f3874.jpg,,,,82126,,
8647115,Magic,Tarkir: Dragonstorm,Unburied Earthcarver,95,C,Near Mint,0.08,,,,,4,0.08,,0.08,https://user-content.cardcastle.co/uploads/card_user/scanned_image/df7ab984-6f55-4d4b-aa73-d16c190a0c46.jpg,,,,82126,,
7180966,Magic,Universes Beyond: The Lord of the Rings: Tales of Middle-earth,Morgul-Knife Wound,98,C,Near Mint,0.11,,,,,3,0.11,,0.11,https://user-content.cardcastle.co/uploads/card_user/scanned_image/8e9c29cb-6c7a-4afd-aa68-4fe50be0a5d7.jpg,,,,82126,,
7185706,Magic,Universes Beyond: The Lord of the Rings: Tales of Middle-earth,Bitter Downfall,77,U,Near Mint,0.15,,,,,2,0.15,,0.15,https://user-content.cardcastle.co/uploads/card_user/scanned_image/a6d0202d-4640-4bc4-8385-f132a21c4433.jpg,,,,82126,,
7166525,Magic,Universes Beyond: The Lord of the Rings: Tales of Middle-earth,"Gothmog, Morgul Lieutenant",87,U,Near Mint,0.24,,,,,2,0.24,,0.24,https://user-content.cardcastle.co/uploads/card_user/scanned_image/71d0c70d-c71c-4c51-8b90-09c624785a6c.jpg,,,,82126,,
1139754,Magic,Commander 2013,Marrow Bats,82,U,Near Mint,0.33,,,,,1,0.33,,0.33,https://user-content.cardcastle.co/uploads/card_user/scanned_image/65904c1b-b1f7-4bca-afff-511c8619bc49.jpg,,,,82126,,
6714975,Magic,The Brothers' War,Emergency Weld,93,C,Near Mint,0.14,,,,,1,0.14,,0.14,https://user-content.cardcastle.co/uploads/card_user/scanned_image/7253b582-60b7-45aa-b592-0e74af550ebd.jpg,,,,82126,,
7198490,Magic,Universes Beyond: The Lord of the Rings: Tales of Middle-earth,Gorbag of Minas Morgul,86,U,Near Mint,0.16,,,,,2,0.16,,0.16,https://user-content.cardcastle.co/uploads/card_user/scanned_image/c72fd988-5e2e-499c-a58e-fa3d23cd89d2.jpg,,,,82126,,
8245231,Magic,The List Reprints,Bone Shards,MH2-76,C,Near Mint,0.19,,,,,1,0.19,,0.19,https://user-content.cardcastle.co/uploads/card_user/scanned_image/40cb2914-fdcd-4464-bbe5-20848bdf8606.jpg,,,,82126,,
8244996,Magic,The List Reprints,Blessing of Leeches,BOK-62,C,Near Mint,0.34,,,,,1,0.34,,0.34,https://user-content.cardcastle.co/uploads/card_user/scanned_image/58828325-e892-4adf-84dc-c618f7775341.jpg,,,,82126,,
8892897,Magic,Avatar: The Last Airbender,Hog-Monkey,104,C,Near Mint,0.13,,,,,5,0.13,,0.13,https://user-content.cardcastle.co/uploads/card_user/scanned_image/079f1b03-1396-40dc-af4f-b7dba65c7dc0.jpg,,,,82126,,
8995253,Magic,Avatar: The Last Airbender,Wolfbat,122,U,Near Mint,0.19,,,,,1,0.19,,0.19,https://user-content.cardcastle.co/uploads/card_user/scanned_image/bbb838a9-cd23-4495-943f-3a0c8a843b0f.jpg,,,,82126,,
8990746,Magic,Avatar: The Last Airbender,Callous Inspector,89,C,Near Mint,0.1,,,,,5,0.1,,0.1,https://user-content.cardcastle.co/uploads/card_user/scanned_image/0e6a1b57-cd9f-41a0-89b2-1df102142159.jpg,,,,82126,,
8892491,Magic,Avatar: The Last Airbender,Fire Nation Engineer,99,U,Near Mint,0.12,,,,,1,0.12,,0.12,https://user-content.cardcastle.co/uploads/card_user/scanned_image/a7b671f3-8610-4165-ab5c-7a602fb47a39.jpg,,,,82126,,
8891867,Magic,Avatar: The Last Airbender,Azula Always Lies,84,C,Near Mint,0.11,,,,,4,0.11,,0.11,https://user-content.cardcastle.co/uploads/card_user/scanned_image/8aa6b4ac-a6ab-4289-9314-d2ab636813cd.jpg,,,,82126,,
8999091,Magic,Avatar: The Last Airbender,Foggy Swamp Hunters,101,C,Near Mint,0.1,,,,,4,0.1,,0.1,https://user-content.cardcastle.co/uploads/card_user/scanned_image/546da17c-923c-430b-895f-4be459886694.jpg,,,,82126,,
6713905,Magic,The Brothers' War,Trench Stalker,116,C,Near Mint,0.11,,,,,2,0.11,,0.11,https://user-content.cardcastle.co/uploads/card_user/scanned_image/2ffd7242-4531-4aa8-9e82-0a298d72e504.jpg,,,,82126,,
9008325,Magic,Avatar: The Last Airbender,"Lo and Li, Twin Tutors",108,U,Near Mint,0.13,,,,,3,0.13,,0.13,https://user-content.cardcastle.co/uploads/card_user/scanned_image/6b977e1f-95a9-4e20-b3ab-a1c7bcac5db4.jpg,,,,82126,,
7215278,Magic,Universes Beyond: The Lord of the Rings: Tales of Middle-earth,Cirith Ungol Patrol,80,C,Near Mint,0.14,,,,,2,0.14,,0.14,https://user-content.cardcastle.co/uploads/card_user/scanned_image/9ce179c3-84bc-4f63-8f72-7b94d619f045.jpg,,,,82126,,
6668156,Magic,The Brothers' War,Ashnod's Harvester,117,U,Near Mint,0.15,,,,,1,0.15,,0.15,https://user-content.cardcastle.co/uploads/card_user/scanned_image/27a67f9b-4617-4425-909a-ebeeeb5dfad5.jpg,,,,82126,,
6711375,Magic,The Brothers' War,Ravenous Gigamole,113,C,Near Mint,0.17,,,,,2,0.17,,0.17,https://user-content.cardcastle.co/uploads/card_user/scanned_image/80fb22d0-5776-4f53-91ea-827b722cd7ce.jpg,,,,82126,,
6683558,Magic,The Brothers' War,Gix's Caress,96,C,Near Mint,0.08,,,,,1,0.08,,0.08,https://user-content.cardcastle.co/uploads/card_user/scanned_image/1ddf2ebf-a29c-4141-939d-3d627b9d3610.jpg,,,,82126,,
6704771,Magic,The Brothers' War,Gnawing Vermin,101,U,Near Mint,0.21,,,,,2,0.21,,0.21,https://user-content.cardcastle.co/uploads/card_user/scanned_image/161ffebb-d120-4a87-985e-3a6742b14756.jpg,,,,82126,,
8999791,Magic,Avatar: The Last Airbender,Swampsnare Trap,120,C,Near Mint,0.12,,,,,5,0.12,,0.12,https://user-content.cardcastle.co/uploads/card_user/scanned_image/8b90af89-d7c6-45d4-854d-04fe4c4e7dc0.jpg,,,,82126,,
8891323,Magic,Avatar: The Last Airbender,Dai Li Indoctrination,93,C,Near Mint,0.14,,,,,3,0.14,,0.14,https://user-content.cardcastle.co/uploads/card_user/scanned_image/873af3ff-f847-4ee2-adfb-f64c89d744ce.jpg,,,,82126,,
7214878,Magic,Universes Beyond: The Lord of the Rings: Tales of Middle-earth,Haunt of the Dead Marshes,90,C,Near Mint,0.24,,,,,2,0.24,,0.24,https://user-content.cardcastle.co/uploads/card_user/scanned_image/2949931c-8d07-424f-9312-62845c533ca3.jpg,,,,82126,,
8340535,Magic,Foundations,Vampire Soulcaller (0075),75,C,Near Mint,0.18,,,,,1,0.18,,0.18,https://user-content.cardcastle.co/uploads/card_user/scanned_image/435f9907-b0bb-4164-8a6b-9b1358d30b1f.jpg,,,,82126,,
8339035,Magic,Foundations,Infernal Vessel,63,U,Near Mint,0.21,,,,,5,0.21,,0.21,https://user-content.cardcastle.co/uploads/card_user/scanned_image/512b3770-2480-4586-a7d7-217ba5f4c3cd.jpg,,,,82126,,
8337355,Magic,Foundations,Hungry Ghoul,62,C,Near Mint,0.16,,,,,4,0.16,,0.16,https://user-content.cardcastle.co/uploads/card_user/scanned_image/3f59b550-df4d-4e02-a339-1f4f79d59b3f.jpg,,,,82126,,
4078149,Magic,Modern Horizons,Gluttonous Slug,93,C,Near Mint,0.13,,,,,1,0.13,,0.13,https://user-content.cardcastle.co/uploads/card_user/scanned_image/1bd03e6c-1fa6-481d-ae9b-abc5a48562ca.jpg,,,,82126,,
8340715,Magic,Foundations,Burglar Rat,170,C,Near Mint,0.24,,,,,3,0.24,,0.24,https://user-content.cardcastle.co/uploads/card_user/scanned_image/711a88e4-a9bf-4c31-b48c-9bc1a9dae9ac.jpg,,,,82126,,
8990806,Magic,Avatar: The Last Airbender,Sold Out,119,C,Near Mint,0.08,,,,,4,0.08,,0.08,https://user-content.cardcastle.co/uploads/card_user/scanned_image/bd5df3b2-ae90-417f-a224-0b72be66fd4a.jpg,,,,82126,,
9006353,Magic,Avatar: The Last Airbender,Canyon Crawler,90,C,Near Mint,0.17,,,,,4,0.17,,0.17,https://user-content.cardcastle.co/uploads/card_user/scanned_image/fffdd2ec-b7d0-4aa0-b8ff-0854b66c5397.jpg,,,,82126,,
8861360,Magic,Marvel's Spider-Man,"Venom, Evil Unleashed",71,C,Near Mint,0.16,,,,,4,0.16,,0.16,https://user-content.cardcastle.co/uploads/card_user/scanned_image/069fe3fc-3006-4fb3-95a9-efa256263441.jpg,,,,82126,,
8891684,Magic,Avatar: The Last Airbender,Merchant of Many Hats,110,C,Near Mint,0.07,,,,,6,0.07,,0.07,https://user-content.cardcastle.co/uploads/card_user/scanned_image/d7c11fc7-b30f-4ec7-bfdb-6ec27456e37f.jpg,,,,82126,,
8981472,Magic,Avatar: The Last Airbender,Northern Air Temple,111,U,Near Mint,0.27,,,,,2,0.27,,0.27,https://user-content.cardcastle.co/uploads/card_user/scanned_image/5a89d503-89a9-4d96-bc3c-1edd7ed304a0.jpg,,,,82126,,
8988256,Magic,Avatar: The Last Airbender,Deadly Precision,95,C,Near Mint,0.17,,,,,5,0.17,,0.17,https://user-content.cardcastle.co/uploads/card_user/scanned_image/33131864-1670-4166-a611-1d719e126412.jpg,,,,82126,,
9006413,Magic,Avatar: The Last Airbender,Ruinous Waterbending,118,U,Near Mint,0.19,,,,,1,0.19,,0.19,https://user-content.cardcastle.co/uploads/card_user/scanned_image/1a4839a5-2cf5-428f-9a60-56d2c1a7f916.jpg,,,,82126,,
8891263,Magic,Avatar: The Last Airbender,Corrupt Court Official,92,C,Near Mint,0.13,,,,,3,0.13,,0.13,https://user-content.cardcastle.co/uploads/card_user/scanned_image/c10708c4-05bb-470d-a04c-ee6fb03b383e.jpg,,,,82126,,
8893027,Magic,Avatar: The Last Airbender,Ozai's Cruelty,113,U,Near Mint,0.22,,,,,2,0.22,,0.22,https://user-content.cardcastle.co/uploads/card_user/scanned_image/2f56084d-7e31-4fc4-b877-107d89ccaa36.jpg,,,,82126,,
8891141,Magic,Avatar: The Last Airbender,Beetle-Headed Merchants,86,C,Near Mint,0.09,,,,,1,0.09,,0.09,https://user-content.cardcastle.co/uploads/card_user/scanned_image/47db6f70-8ab2-4f35-8140-26450e5f5605.jpg,,,,82126,,
8100658,Magic,Foundations,Stromkirk Bloodthief,185,U,Near Mint,0.23,,,,,1,0.23,,0.23,https://user-content.cardcastle.co/uploads/card_user/scanned_image/1192c3fd-9c32-4c5e-8ed1-4b8db0922b3b.jpg,,,,82126,,
8337985,Magic,Foundations,Soul-Shackled Zombie,70,C,Near Mint,0.16,,,,,5,0.16,,0.16,https://user-content.cardcastle.co/uploads/card_user/scanned_image/0d98b152-2617-40b3-a0ec-dbbe0216818e.jpg,,,,82126,,
8322972,Magic,Foundations,Billowing Shriekmass,56,U,Near Mint,0.17,,,,,1,0.17,,0.17,https://user-content.cardcastle.co/uploads/card_user/scanned_image/1f112594-9d90-432a-8479-ba5718181d27.jpg,,,,82126,,
8338825,Magic,Foundations,Bake into a Pie,169,C,Near Mint,0.24,,,,,5,0.24,,0.24,https://user-content.cardcastle.co/uploads/card_user/scanned_image/dac28c1c-7020-49c5-9d33-b712ba95d470.jpg,,,,82126,,
8294985,Magic,Foundations,Vampire Gourmand,74,U,Near Mint,0.23,,,,,2,0.23,,0.23,https://user-content.cardcastle.co/uploads/card_user/scanned_image/6c06440f-9a29-4073-8ae8-cc5ecab21ec4.jpg,,,,82126,,
8335615,Magic,Foundations,Sanguine Syphoner,68,C,Near Mint,0.2,,,,,4,0.2,,0.2,https://user-content.cardcastle.co/uploads/card_user/scanned_image/b3446b61-7a76-4b84-86f1-284767d97d78.jpg,,,,82126,,
8340165,Magic,Foundations,Infestation Sage,64,C,Near Mint,0.23,,,,,5,0.23,,0.23,https://user-content.cardcastle.co/uploads/card_user/scanned_image/9203f83e-b5a8-4378-ad5b-0aec0c9e663d.jpg,,,,82126,,
8294925,Magic,Foundations,Midnight Snack,65,U,Near Mint,0.27,,,,,3,0.27,,0.27,https://user-content.cardcastle.co/uploads/card_user/scanned_image/89f32916-1cca-49ff-b677-9e866ac6d937.jpg,,,,82126,,
8338465,Magic,Foundations,Marauding Blight-Priest,178,C,Near Mint,0.27,,,,,2,0.27,,0.27,https://user-content.cardcastle.co/uploads/card_user/scanned_image/c7bc5272-a4d8-4bef-8834-e526804287b4.jpg,,,,82126,,
8247056,Magic,The List Reprints,Twisted Abomination,SCG-76,C,Near Mint,0.06,,,,,1,0.06,,0.06,https://user-content.cardcastle.co/uploads/card_user/scanned_image/0ebfd589-05a7-4e99-b6bf-833c154a6a7c.jpg,,,,82126,,
8246531,Magic,The List Reprints,Sengir Autocrat,EMA-105,U,Near Mint,0.28,,,,,1,0.28,,0.28,https://user-content.cardcastle.co/uploads/card_user/scanned_image/13e522e0-8fea-47a3-bab4-2e00c744e20f.jpg,,,,82126,,
8245941,Magic,The List Reprints,Liliana's Devotee,M21-109,U,Near Mint,0.26,,,,,1,0.26,,0.26,https://user-content.cardcastle.co/uploads/card_user/scanned_image/dcc7f241-84ab-4c87-a77a-27f2d67099ed.jpg,,,,82126,,
8245966,Magic,The List Reprints,Marsh Flitter,LRW-125,U,Near Mint,0.13,,,,,1,0.13,,0.13,https://user-content.cardcastle.co/uploads/card_user/scanned_image/f9896f7f-1a2e-4e28-94b6-14b4eaa90379.jpg,,,,82126,,
8246106,Magic,The List Reprints,Order of Midnight,ELD-99,U,Near Mint,0.12,,,,,1,0.12,,0.12,https://user-content.cardcastle.co/uploads/card_user/scanned_image/67752775-171c-402c-8d91-486d24354b57.jpg,,,,82126,,
8245431,Magic,The List Reprints,Dauthi Embrace,TMP-120,U,Near Mint,1.29,,,,,1,1.29,,1.29,https://user-content.cardcastle.co/uploads/card_user/scanned_image/e87c752e-0fc1-4618-a1f6-388c40112bea.jpg,,,,82126,,
6677597,Magic,The Brothers' War,Disfigure,91,C,Near Mint,0.05,,,,,1,0.05,,0.05,https://user-content.cardcastle.co/uploads/card_user/scanned_image/dfca0358-546e-4224-97e1-e96487cbc50a.jpg,,,,82126,,
7300919,Magic,Commander Masters,Priest of the Blood Rite,179,U,Near Mint,0.27,,,,,1,0.27,,0.27,https://user-content.cardcastle.co/uploads/card_user/scanned_image/ebd501b6-d593-45bd-bad8-cb6d19da2880.jpg,,,,82126,,
8633848,Magic,Tarkir: Dragonstorm,Dragon's Prey,79,C,Near Mint,0.13,,,,,5,0.13,,0.13,https://user-content.cardcastle.co/uploads/card_user/scanned_image/9fbd1dc9-1d81-43f9-88d7-21efa51e3f18.jpg,,,,82126,,
8628225,Magic,Tarkir: Dragonstorm,Abzan Devotee,68,C,Near Mint,0.07,,,,,1,0.07,,0.07,https://user-content.cardcastle.co/uploads/card_user/scanned_image/38774067-c084-4c84-9501-21eefe9460ef.jpg,,,,82126,,
7212123,Magic,Universes Beyond: The Lord of the Rings: Tales of Middle-earth,Lash of the Balrog (Borderless),408,C,Near Mint,0.23,,,,,1,0.23,,0.23,https://user-content.cardcastle.co/uploads/card_user/scanned_image/595e4c42-92e4-4343-b61b-7e51f5b70bb6.jpg,,,,82126,,
7196752,Magic,Universes Beyond: The Lord of the Rings: Tales of Middle-earth,Claim the Precious,81,C,Near Mint,0.27,,,,,2,0.27,,0.27,https://user-content.cardcastle.co/uploads/card_user/scanned_image/d2e15401-0f9f-4a67-8701-8dad7862518d.jpg,,,,82126,,
6711535,Magic,The Brothers' War,Gixian Skullflayer,100,C,Near Mint,0.2,,,,,2,0.2,,0.2,https://user-content.cardcastle.co/uploads/card_user/scanned_image/fb5b9e8e-3ac7-4582-875d-151ed173d2f0.jpg,,,,82126,,
6675137,Magic,The Brothers' War,Clay Revenant,118,C,Near Mint,0.09,,,,,1,0.09,,0.09,https://user-content.cardcastle.co/uploads/card_user/scanned_image/403f0b73-fdbb-42d2-996f-b06e73a36718.jpg,,,,82126,,
6714685,Magic,The Brothers' War,Goring Warplow,120,C,Near Mint,0.13,,,,,1,0.13,,0.13,https://user-content.cardcastle.co/uploads/card_user/scanned_image/d431a8dc-df67-4be9-8c17-76ad068d206a.jpg,,,,82126,,
8981907,Magic,Avatar: The Last Airbender,Tundra Tank,121,U,Near Mint,0.16,,,,,2,0.16,,0.16,https://user-content.cardcastle.co/uploads/card_user/scanned_image/62c82e3f-b612-487a-9c8f-dd1f2ed03d5a.jpg,,,,82126,,
8891383,Magic,Avatar: The Last Airbender,Epic Downfall,96,U,Near Mint,0.25,,,,,1,0.25,,0.25,https://user-content.cardcastle.co/uploads/card_user/scanned_image/5adca975-ddf4-4910-9fc5-1e186d34e98a.jpg,,,,82126,,
9008445,Magic,Avatar: The Last Airbender,Pirate Peddlers,115,C,Near Mint,0.12,,,,,2,0.12,,0.12,https://user-content.cardcastle.co/uploads/card_user/scanned_image/88626a63-e7d0-42b9-bc46-fe96dbbbcdf1.jpg,,,,82126,,
8614449,Magic,Tarkir: Dragonstorm,Cruel Truths,76,C,Near Mint,0.13,,,,,3,0.13,,0.13,https://user-content.cardcastle.co/uploads/card_user/scanned_image/40e76d4c-8fdd-4364-a0f9-f7684347fa59.jpg,,,,82126,,
8614329,Magic,Tarkir: Dragonstorm,Caustic Exhale,74,C,Near Mint,0.1,,,,,2,0.1,,0.1,https://user-content.cardcastle.co/uploads/card_user/scanned_image/dab41400-5889-4eca-9e6c-e05eb2456c85.jpg,,,,82126,,
8623606,Magic,Tarkir: Dragonstorm,Venerated Stormsinger,97,U,Near Mint,0.27,,,,,2,0.27,,0.27,https://user-content.cardcastle.co/uploads/card_user/scanned_image/bc6bd978-334f-46ee-b96f-9a8a837aee6e.jpg,,,,82126,,
8648490,Magic,Tarkir: Dragonstorm,Nightblade Brigade,85,C,Near Mint,0.19,,,,,4,0.19,,0.19,https://user-content.cardcastle.co/uploads/card_user/scanned_image/0366aa87-41e4-41b8-adb5-e60d3cf3fe67.jpg,,,,82126,,
8647175,Magic,Tarkir: Dragonstorm,Sandskitter Outrider,89,C,Near Mint,0.14,,,,,3,0.14,,0.14,https://user-content.cardcastle.co/uploads/card_user/scanned_image/e6008e80-4fda-463a-844f-44238a63fb5d.jpg,,,,82126,,
8647235,Magic,Tarkir: Dragonstorm,Gurmag Rakshasa,81,U,Near Mint,0.1,,,,,2,0.1,,0.1,https://user-content.cardcastle.co/uploads/card_user/scanned_image/4520d844-5917-4f5b-80e4-35baebfbc910.jpg,,,,82126,,
8647295,Magic,Tarkir: Dragonstorm,Alchemist's Assistant,71,U,Near Mint,0.26,,,,,1,0.26,,0.26,https://user-content.cardcastle.co/uploads/card_user/scanned_image/2c3d3c15-c9c7-4872-829f-bbce1c291ae2.jpg,,,,82126,,
8633908,Magic,Tarkir: Dragonstorm,Feral Deathgorger,80,C,Near Mint,0.19,,,,,2,0.19,,0.19,https://user-content.cardcastle.co/uploads/card_user/scanned_image/991b7e83-9d52-463b-8c2a-112880c5c5e5.jpg,,,,82126,,
8179653,Magic,Duskmourn: House of Horror,Popular Egotist,114,U,Near Mint,0.29,,,,,2,0.29,,0.29,https://user-content.cardcastle.co/uploads/card_user/scanned_image/35266366-4859-463b-92ca-05929fee5af4.jpg,,,,82126,,
7164995,Magic,Universes Beyond: The Lord of the Rings: Tales of Middle-earth,Easterling Vanguard,83,C,Near Mint,0.14,,,,,1,0.14,,0.14,https://user-content.cardcastle.co/uploads/card_user/scanned_image/c3a80e26-3752-4e39-a04b-0582ea8dfea8.jpg,,,,82126,,
7178397,Magic,Universes Beyond: The Lord of the Rings: Tales of Middle-earth,March from the Black Gate,94,U,Near Mint,0.34,,,,,1,0.34,,0.34,https://user-content.cardcastle.co/uploads/card_user/scanned_image/fb211c28-6d6a-4fce-b472-ff11eb16c079.jpg,,,,82126,,
7187594,Magic,Universes Beyond: The Lord of the Rings: Tales of Middle-earth,Grima Wormtongue,88,U,Near Mint,0.2,,,,,2,0.2,,0.2,https://user-content.cardcastle.co/uploads/card_user/scanned_image/80bbbd47-7e97-477e-9a8d-8e3325cca135.jpg,,,,82126,,
7164835,Magic,Universes Beyond: The Lord of the Rings: Tales of Middle-earth,Dunland Crebain,82,C,Near Mint,0.19,,,,,1,0.19,,0.19,https://user-content.cardcastle.co/uploads/card_user/scanned_image/af2002c8-b7d4-4866-996d-e773ae76463c.jpg,,,,82126,,
7028422,Magic,Universes Beyond: The Lord of the Rings: Tales of Middle-earth,"Gollum, Patient Plotter (Showcase)",309,U,Near Mint,0.22,,,,,1,0.22,,0.22,https://user-content.cardcastle.co/uploads/card_user/scanned_image/ac009b19-c981-49f4-8a0c-34672e089aa4.jpg,,,,82126,,
7170670,Magic,Universes Beyond: The Lord of the Rings: Tales of Middle-earth,Snarling Warg,109,C,Near Mint,0.11,,,,,1,0.11,,0.11,https://user-content.cardcastle.co/uploads/card_user/scanned_image/d2508d01-aa50-4e78-92d0-bf8352455b3c.jpg,,,,82126,,
7189487,Magic,Universes Beyond: The Lord of the Rings: Tales of Middle-earth,Oath of the Grey Host,101,U,Near Mint,0.24,,,,,1,0.24,,0.24,https://user-content.cardcastle.co/uploads/card_user/scanned_image/626c4f1e-3e58-4ac2-93e6-16c9a18c18af.jpg,,,,82126,,
7171200,Magic,Universes Beyond: The Lord of the Rings: Tales of Middle-earth,Voracious Fell Beast,113,U,Near Mint,0.12,,,,,1,0.12,,0.12,https://user-content.cardcastle.co/uploads/card_user/scanned_image/65b00a8b-7ba5-40a1-93b7-66fff6a95fd5.jpg,,,,82126,,
7173300,Magic,Universes Beyond: The Lord of the Rings: Tales of Middle-earth,Voracious Fell Beast (Borderless),422,U,Near Mint,0.24,,,,,1,0.24,,0.24,https://user-content.cardcastle.co/uploads/card_user/scanned_image/9ac32323-0701-4599-9097-848daa4f01e9.jpg,,,,82126,,
7181936,Magic,Universes Beyond: The Lord of the Rings: Tales of Middle-earth,One Ring to Rule Them All,102,R,Near Mint,2.47,,,,,1,2.47,,2.47,https://user-content.cardcastle.co/uploads/card_user/scanned_image/f9c8585e-6acb-48e9-a75d-269a6091b5d1.jpg,,,,82126,,
7173990,Magic,Universes Beyond: The Lord of the Rings: Tales of Middle-earth,Nasty End (Borderless),416,C,Near Mint,0.26,,,,,3,0.26,,0.26,https://user-content.cardcastle.co/uploads/card_user/scanned_image/0e77727b-69a5-4be4-af0a-dc8364beafd5.jpg,,,,82126,,
7027827,Magic,Universes Beyond: The Lord of the Rings: Tales of Middle-earth,"Gollum, Patient Plotter",84,U,Near Mint,0.2,,,,,1,0.2,,0.2,https://user-content.cardcastle.co/uploads/card_user/scanned_image/592ca315-5804-4d3b-8423-2d671d57d4b5.jpg,,,,82126,,
7177997,Magic,Universes Beyond: The Lord of the Rings: Tales of Middle-earth,The Torment of Gollum,110,C,Near Mint,0.23,,,,,1,0.23,,0.23,https://user-content.cardcastle.co/uploads/card_user/scanned_image/46cdad03-98c8-4a32-8947-fa920ff4d808.jpg,,,,82126,,
7214638,Magic,Universes Beyond: The Lord of the Rings: Tales of Middle-earth,Mordor Muster,96,C,Near Mint,0.17,,,,,2,0.17,,0.17,https://user-content.cardcastle.co/uploads/card_user/scanned_image/fd7a0680-c70e-4fb0-b745-9367cd376745.jpg,,,,82126,,
7174070,Magic,Universes Beyond: The Lord of the Rings: Tales of Middle-earth,Dunland Crebain (Borderless),411,C,Near Mint,0.26,,,,,1,0.26,,0.26,https://user-content.cardcastle.co/uploads/card_user/scanned_image/adda667f-561a-4b7e-8d7a-ee130e434515.jpg,,,,82126,,
7178077,Magic,Universes Beyond: The Lord of the Rings: Tales of Middle-earth,Gollum's Bite,85,U,Near Mint,0.18,,,,,1,0.18,,0.18,https://user-content.cardcastle.co/uploads/card_user/scanned_image/09be4ce8-3586-40f6-9548-468c061a45f0.jpg,,,,82126,,
7215488,Magic,Universes Beyond: The Lord of the Rings: Tales of Middle-earth,Sam's Desperate Rescue,105,C,Near Mint,0.2,,,,,3,0.2,,0.2,https://user-content.cardcastle.co/uploads/card_user/scanned_image/c62a853a-b6df-4966-a2e2-d1747466b53c.jpg,,,,82126,,
7168165,Magic,Universes Beyond: The Lord of the Rings: Tales of Middle-earth,Nasty End,99,C,Near Mint,0.22,,,,,1,0.22,,0.22,https://user-content.cardcastle.co/uploads/card_user/scanned_image/d35706d8-51f9-4fc7-9bd9-7dc408515fb6.jpg,,,,82126,,
7212043,Magic,Universes Beyond: The Lord of the Rings: Tales of Middle-earth,Lash of the Balrog,92,C,Near Mint,0.24,,,,,1,0.24,,0.24,https://user-content.cardcastle.co/uploads/card_user/scanned_image/a24be7f2-af9e-48b9-8b78-8a2cf763c31c.jpg,,,,82126,,
8207820,Magic,Duskmourn: House of Horror,Cracked Skull,88,C,Near Mint,0.13,,,,,1,0.13,,0.13,https://user-content.cardcastle.co/uploads/card_user/scanned_image/160fb352-ed52-48c3-a624-cbf58e9e45ff.jpg,,,,82126,,
8199923,Magic,Duskmourn: House of Horror,Spectral Snatcher,116,C,Near Mint,0.15,,,,,1,0.15,,0.15,https://user-content.cardcastle.co/uploads/card_user/scanned_image/b0a11e44-0c3c-45bd-ba5e-4f7fbdde144c.jpg,,,,82126,,
7959159,Magic,Modern Horizons 3,Fetid Gargantua,94,C,Near Mint,0.15,,,,,1,0.15,,0.15,https://user-content.cardcastle.co/uploads/card_user/scanned_image/cd4bab85-d3e3-40c1-84b4-2ea243735815.jpg,,,,82126,,
8811997,Magic,Edge of Eternities,Hullcarver,105,C,Near Mint,0.21,,,,,5,0.21,,0.21,https://user-content.cardcastle.co/uploads/card_user/scanned_image/4c8feec4-9efe-413e-9797-c540789984b3.jpg,,,,82126,,
8843201,Magic,Edge of Eternities,Blade of the Swarm,90,U,Near Mint,0.14,,,,,1,0.14,,0.14,https://user-content.cardcastle.co/uploads/card_user/scanned_image/0691be48-d8d7-4e5c-ab18-ea17628df58e.jpg,,,,82126,,
8916714,Magic,Marvel's Spider-Man,Inner Demons Gangsters,57,C,Near Mint,0.12,,,,,6,0.12,,0.12,https://user-content.cardcastle.co/uploads/card_user/scanned_image/e8874129-8b53-4943-a870-78593213c40b.jpg,,,,82126,,
8917189,Magic,Marvel's Spider-Man,Venomized Cat,72,C,Near Mint,0.2,,,,,2,0.2,,0.2,https://user-content.cardcastle.co/uploads/card_user/scanned_image/034e67a5-41f2-4ee7-8e21-e67000a33036.jpg,,,,82126,,
8919539,Magic,Marvel's Spider-Man,The Spot's Portal,68,U,Near Mint,0.21,,,,,2,0.21,,0.21,https://user-content.cardcastle.co/uploads/card_user/scanned_image/690deeb8-b604-4ea7-99d6-ae2ec4f7e688.jpg,,,,82126,,
8844281,Magic,Edge of Eternities,Vote Out,126,U,Near Mint,0.13,,,,,3,0.13,,0.13,https://user-content.cardcastle.co/uploads/card_user/scanned_image/48ea66cc-a6be-4dde-99a7-93f7c3e6e127.jpg,,,,82126,,
8844081,Magic,Edge of Eternities,Swarm Culler,119,C,Near Mint,0.19,,,,,5,0.19,,0.19,https://user-content.cardcastle.co/uploads/card_user/scanned_image/1d64706a-7ff5-434d-893a-c76fe62bf643.jpg,,,,82126,,
8844905,Magic,Edge of Eternities,Perigee Beckoner,112,C,Near Mint,0.18,,,,,4,0.18,,0.18,https://user-content.cardcastle.co/uploads/card_user/scanned_image/18d45f69-cfef-4c5e-930a-785a4f3d6d2d.jpg,,,,82126,,
8800145,Magic,Edge of Eternities,Embrace Oblivion,98,C,Near Mint,0.19,,,,,4,0.19,,0.19,https://user-content.cardcastle.co/uploads/card_user/scanned_image/1f89c0ba-36b2-4c37-b906-96af45c84b00.jpg,,,,82126,,
8843136,Magic,Edge of Eternities,Beamsaw Prospector,89,C,Near Mint,0.14,,,,,4,0.14,,0.14,https://user-content.cardcastle.co/uploads/card_user/scanned_image/16f8c630-9571-446a-80ff-7faa20e54070.jpg,,,,82126,,
8844161,Magic,Edge of Eternities,Depressurize,95,C,Near Mint,0.08,,,,,4,0.08,,0.08,https://user-content.cardcastle.co/uploads/card_user/scanned_image/d9a69660-4858-478a-b87e-47b64306444b.jpg,,,,82126,,
8844765,Magic,Edge of Eternities,Monoist Sentry,111,U,Near Mint,0.21,,,,,2,0.21,,0.21,https://user-content.cardcastle.co/uploads/card_user/scanned_image/705c269a-dd4c-49a2-b643-6da4810b90e6.jpg,,,,82126,,
8843681,Magic,Edge of Eternities,Dark Endurance,93,C,Near Mint,0.1,,,,,4,0.1,,0.1,https://user-content.cardcastle.co/uploads/card_user/scanned_image/be8fda07-2995-4c0a-af12-a1f70479310b.jpg,,,,82126,,
4079479,Magic,Modern Horizons,Ransack the Lab,103,C,Near Mint,0.16,,,,,1,0.16,,0.16,https://user-content.cardcastle.co/uploads/card_user/scanned_image/ce08fb71-60c9-444f-842b-f426969e9e12.jpg,,,,82126,,
8334835,Magic,Foundations,Gutless Plunderer,60,C,Near Mint,0.14,,,,,3,0.14,,0.14,https://user-content.cardcastle.co/uploads/card_user/scanned_image/f6047863-0880-4d73-8ef5-c06ada508181.jpg,,,,82126,,
8336185,Magic,Foundations,Macabre Waltz,177,C,Near Mint,0.21,,,,,5,0.21,,0.21,https://user-content.cardcastle.co/uploads/card_user/scanned_image/dead6726-29b1-49f5-805a-16dae5ab723e.jpg,,,,82126,,
8323152,Magic,Foundations,Seeker's Folly,69,U,Near Mint,0.11,,,,,1,0.11,,0.11,https://user-content.cardcastle.co/uploads/card_user/scanned_image/91ff895d-434c-488d-bdf6-9f1d7aae32a7.jpg,,,,82126,,
8335885,Magic,Foundations,Eaten Alive,172,C,Near Mint,0.25,,,,,2,0.25,,0.25,https://user-content.cardcastle.co/uploads/card_user/scanned_image/72ebfd9c-2716-4a0b-bf10-67b93d4dbb4d.jpg,,,,82126,,
8803195,Magic,Edge of Eternities,Decode Transmissions,94,C,Near Mint,0.13,,,,,5,0.13,,0.13,https://user-content.cardcastle.co/uploads/card_user/scanned_image/3cc6addd-b204-4ba3-ac5e-42d697634e2b.jpg,,,,82126,,
8327625,Magic,Foundations,Arbiter of Woe,55,U,Near Mint,0.22,,,,,1,0.22,,0.22,https://user-content.cardcastle.co/uploads/card_user/scanned_image/2ba93100-9c3b-4b76-a65e-fc2b0ac75913.jpg,,,,82126,,
7170510,Magic,Universes Beyond: The Lord of the Rings: Tales of Middle-earth,Shelob's Ambush,108,C,Near Mint,0.23,,,,,2,0.23,,0.23,https://user-content.cardcastle.co/uploads/card_user/scanned_image/d7dea252-75ba-4f9a-ad8c-201926ade8e4.jpg,,,,82126,,
8988771,Magic,Avatar: The Last Airbender,"June, Bounty Hunter",106,U,Near Mint,0.18,,,,,3,0.18,,0.18,https://user-content.cardcastle.co/uploads/card_user/scanned_image/a728145a-53bd-492d-90fb-865a23e33fc4.jpg,,,,82126,,
3044086,Magic,Oath of the Gatewatch,Corpse Churn,83,C,Near Mint,0.08,,,,,1,0.08,,0.08,https://user-content.cardcastle.co/uploads/card_user/scanned_image/045c59fa-f5e1-46ff-bcad-90a52084f6a5.jpg,,,,82126,,
4666460,Magic,Commander Legends,Maalfeld Twins,132,C,Near Mint,0.2,,,,,1,0.2,,0.2,https://user-content.cardcastle.co/uploads/card_user/scanned_image/2e29cc62-da81-4cfd-ba24-a8e55d8d3484.jpg,,,,82126,,
8339895,Magic,Foundations,Diregraf Ghoul,171,U,Near Mint,0.22,,,,,1,0.22,,0.22,https://user-content.cardcastle.co/uploads/card_user/scanned_image/7c633767-7466-46c2-ade5-0a228ada4b98.jpg,,,,82126,,
8645434,Magic,Tarkir: Dragonstorm,Delta Bloodflies,77,C,Near Mint,0.16,,,,,4,0.16,,0.16,https://user-content.cardcastle.co/uploads/card_user/scanned_image/f3565e34-70b4-498a-804d-ff10283d74f5.jpg,,,,82126,,
8647415,Magic,Tarkir: Dragonstorm,Kin-Tree Nurturer,83,C,Near Mint,0.09,,,,,6,0.09,,0.09,https://user-content.cardcastle.co/uploads/card_user/scanned_image/d69d0698-0d5a-4a99-9748-0216cb755998.jpg,,,,82126,,
8633728,Magic,Tarkir: Dragonstorm,Alesha's Legacy,72,C,Near Mint,0.21,,,,,2,0.21,,0.21,https://user-content.cardcastle.co/uploads/card_user/scanned_image/8dd7f26b-52fa-413d-80f7-49a55a36837e.jpg,,,,82126,,
8647355,Magic,Tarkir: Dragonstorm,Aggressive Negotiations,70,C,Near Mint,0.13,,,,,3,0.13,,0.13,https://user-content.cardcastle.co/uploads/card_user/scanned_image/1f409720-1dee-48b1-92e7-41af97c4b84b.jpg,,,,82126,,
8633968,Magic,Tarkir: Dragonstorm,Feral Deathgorger (Showcase),298,C,Near Mint,0.24,,,,,1,0.24,,0.24,https://user-content.cardcastle.co/uploads/card_user/scanned_image/c2b0eb1f-a9e8-4eec-8adc-719b2653e67a.jpg,,,,82126,,
8647595,Magic,Tarkir: Dragonstorm,Strategic Betrayal,94,U,Near Mint,0.72,,,,,1,0.72,,0.72,https://user-content.cardcastle.co/uploads/card_user/scanned_image/2f893c15-d5a7-4d79-9076-ee04a13a0ae4.jpg,,,,82126,,
8648850,Magic,Tarkir: Dragonstorm,Salt Road Skirmish,88,U,Near Mint,0.13,,,,,1,0.13,,0.13,https://user-content.cardcastle.co/uploads/card_user/scanned_image/49d527f8-1a57-43d3-b17c-8a8d3529d018.jpg,,,,82126,,
4079259,Magic,Modern Horizons,Rank Officer,102,C,Near Mint,0.16,,,,,1,0.16,,0.16,https://user-content.cardcastle.co/uploads/card_user/scanned_image/2fecd424-6d44-4a84-81bc-17df5d24915c.jpg,,,,82126,,
4056713,Magic,Modern Horizons,Umezawa's Charm,111,C,Near Mint,0.12,,,,,1,0.12,,0.12,https://user-content.cardcastle.co/uploads/card_user/scanned_image/3a6b7b15-dc6e-4e3c-aba4-8d6454823905.jpg,,,,82126,,
7992702,Magic,Universes Beyond: Assassin's Creed,Murder,92,U,Near Mint,0.23,,,,,1,0.23,,0.23,https://user-content.cardcastle.co/uploads/card_user/scanned_image/e631b5d7-f65e-44e6-a731-d0e828b646bf.jpg,,,,82126,,
7215118,Magic,Universes Beyond: The Lord of the Rings: Tales of Middle-earth,The Black Breath,78,C,Near Mint,0.2,,,,,2,0.2,,0.2,https://user-content.cardcastle.co/uploads/card_user/scanned_image/3c91ee2e-4dad-47f9-8d3d-213743524983.jpg,,,,82126,,
8335675,Magic,Foundations,Pilfer,181,C,Near Mint,0.25,,,,,2,0.25,,0.25,https://user-content.cardcastle.co/uploads/card_user/scanned_image/0992ca40-feb3-4347-a8bf-09fee46dc4b7.jpg,,,,82126,,
7550702,Magic,The Lost Caverns of Ixalan,Deep Goblin Skulltaker,101,C,Near Mint,0.17,,,,,1,0.17,,0.17,https://user-content.cardcastle.co/uploads/card_user/scanned_image/5f5e6ac7-77aa-4b3b-87b0-7ba0b038677d.jpg,,,,82126,,
7548212,Magic,The Lost Caverns of Ixalan,Greedy Freebooter,109,C,Near Mint,0.46,,,,,1,0.46,,0.46,https://user-content.cardcastle.co/uploads/card_user/scanned_image/beba9cf0-98b6-443b-ba40-ae0d501190f9.jpg,,,,82126,,
8647475,Magic,Tarkir: Dragonstorm,Adorned Crocodile,69,C,Near Mint,0.13,,,,,1,0.13,,0.13,https://user-content.cardcastle.co/uploads/card_user/scanned_image/1107551b-7bb2-4cb0-89f7-c3b063e98197.jpg,,,,82126,,
8623546,Magic,Tarkir: Dragonstorm,Unrooted Ancestor,96,U,Near Mint,0.09,,,,,1,0.09,,0.09,https://user-content.cardcastle.co/uploads/card_user/scanned_image/9ea53129-e331-4579-8ce5-501ec876e6ed.jpg,,,,82126,,
8643823,Magic,Tarkir: Dragonstorm,Wail of War,98,U,Near Mint,0.16,,,,,1,0.16,,0.16,https://user-content.cardcastle.co/uploads/card_user/scanned_image/05396255-d4cb-46f1-b306-82e627f6ea0d.jpg,,,,82126,,
8339745,Magic,Foundations,Revenge of the Rats,67,U,Near Mint,0.25,,,,,1,0.25,,0.25,https://user-content.cardcastle.co/uploads/card_user/scanned_image/6d508b82-ecc8-4b21-a06a-fb178eb75acf.jpg,,,,82126,,
4993325,Magic,Modern Horizons 2,Sinister Starfish,99,C,Near Mint,0.18,,,,,1,0.18,,0.18,https://user-content.cardcastle.co/uploads/card_user/scanned_image/0b876b67-c59f-49a6-9d29-bac8d0c113fd.jpg,,,,82126,,
4980735,Magic,Modern Horizons 2,Clattering Augur,79,U,Near Mint,0.24,,,,,1,0.24,,0.24,https://user-content.cardcastle.co/uploads/card_user/scanned_image/ace7ce8d-29f8-41ee-9a2e-baee42c8f060.jpg,,,,82126,,
4070820,Magic,Modern Horizons,Mind Rake,96,C,Near Mint,0.25,,,,,1,0.25,,0.25,https://user-content.cardcastle.co/uploads/card_user/scanned_image/38a1a009-01d5-4970-afe2-6cb712c8ae06.jpg,,,,82126,,
4080579,Magic,Modern Horizons,Silumgar Scavenger,107,C,Near Mint,0.15,,,,,2,0.15,,0.15,https://user-content.cardcastle.co/uploads/card_user/scanned_image/064a36bf-2cd4-4171-aec0-ec0ca9c7daa5.jpg,,,,82126,,
4274005,Magic,The List Reprints,Macabre Waltz,SOI-121,C,Near Mint,0.31,,,,,1,0.31,,0.31,https://user-content.cardcastle.co/uploads/card_user/scanned_image/5a78d3c9-2146-4ba5-bacc-d15e940c587b.jpg,,,,82126,,
8327865,Magic,Foundations,Tragic Banshee,73,U,Near Mint,0.17,,,,,1,0.17,,0.17,https://user-content.cardcastle.co/uploads/card_user/scanned_image/1e7c615f-7e1b-4389-a0b2-b55e1e02827a.jpg,,,,82126,,
15957,Magic,Fourth Edition,Lord of the Pit,144,R,Near Mint,0.92,,,,,1,0.92,,0.92,https://user-content.cardcastle.co/uploads/card_user/scanned_image/44615274-7ed1-4dc9-bee7-e9743208835d.jpg,,,,82126,,
4646456,Magic,Commander Legends,Bitter Revelation,109,C,Near Mint,0.22,,,,,1,0.22,,0.22,https://user-content.cardcastle.co/uploads/card_user/scanned_image/4641a57d-8f57-4391-98d7-dffdf74cff62.jpg,,,,82126,,
2900366,Magic,Magic Origins,Eyeblight Massacre,96,U,Near Mint,0.1,,,,,1,0.1,,0.1,https://user-content.cardcastle.co/uploads/card_user/scanned_image/852c43d1-9eb3-49ef-93da-ab83dd564cd2.jpg,,,,82126,,
8748070,Magic,FINAL FANTASY,Summon: G.F. Ifrit (Borderless),369,C,Near Mint,0.37,,,,,1,0.37,,0.37,https://user-content.cardcastle.co/uploads/card_user/scanned_image/14da0302-d048-46a5-8a6d-80a2800e8437.jpg,,,,82126,,
6717350,Magic,The Brothers' War,Transmogrant Altar,124,U,Near Mint,0.17,,,,,2,0.17,,0.17,https://user-content.cardcastle.co/uploads/card_user/scanned_image/d6489ff1-efaf-428b-8599-bf7879bc5952.jpg,,,,82126,,
6711455,Magic,The Brothers' War,Thraxodemon,115,C,Near Mint,0.12,,,,,1,0.12,,0.12,https://user-content.cardcastle.co/uploads/card_user/scanned_image/f1e7f57d-4919-4419-a88b-5535de44183e.jpg,,,,82126,,
6711295,Magic,The Brothers' War,Kill-Zone Acrobat,106,C,Near Mint,0.05,,,,,1,0.05,,0.05,https://user-content.cardcastle.co/uploads/card_user/scanned_image/7f301c3a-f7b3-4c26-b3d8-078d13e258d8.jpg,,,,82126,,
8843261,Magic,Edge of Eternities,Comet Crawler,92,C,Near Mint,0.11,,,,,5,0.11,,0.11,https://user-content.cardcastle.co/uploads/card_user/scanned_image/9965075b-befe-4577-9d3a-313f378b4a44.jpg,,,,82126,,
8803255,Magic,Edge of Eternities,Insatiable Skittermaw,108,C,Near Mint,0.17,,,,,5,0.17,,0.17,https://user-content.cardcastle.co/uploads/card_user/scanned_image/a622a205-d186-44d1-b40e-a90118882657.jpg,,,,82126,,
7506454,Magic,The Lost Caverns of Ixalan,Rampaging Spiketail,116,C,Near Mint,0.15,,,,,1,0.15,,0.15,https://user-content.cardcastle.co/uploads/card_user/scanned_image/99c5ab41-cef2-4217-b5d8-b3ddd3578be3.jpg,,,,82126,,
8891203,Magic,Avatar: The Last Airbender,Cat-Gator,91,U,Near Mint,0.12,,,,,2,0.12,,0.12,https://user-content.cardcastle.co/uploads/card_user/scanned_image/bd5084b0-2b36-423f-a9bb-fe9e585add23.jpg,,,,82126,,
8861103,Magic,Marvel's Spider-Man,Selfless Police Captain,12,C,Near Mint,0.08,,,,,2,0.08,,0.08,https://user-content.cardcastle.co/uploads/card_user/scanned_image/15a00aca-e830-4185-b39f-33460fdba194.jpg,,,,82126,,
9339232,Magic,Commander: Marvel Super Heroes,Lurking Lizards,816,C,Near Mint,0.26,,,,,2,0.26,,0.26,https://user-content.cardcastle.co/uploads/card_user/scanned_image/65afb5b9-fa35-4ac4-bcbc-9377791f2215.jpg,,,,82126,,
8862060,Magic,Marvel's Spider-Man,"Spider-Rex, Daring Dino",116,C,Near Mint,0.13,,,,,2,0.13,,0.13,https://user-content.cardcastle.co/uploads/card_user/scanned_image/20702168-7a65-4526-a394-684c9f783a8b.jpg,,,,82126,,
8861910,Magic,Marvel's Spider-Man,"Spider-Gwen, Free Spirit",90,C,Near Mint,0.13,,,,,3,0.13,,0.13,https://user-content.cardcastle.co/uploads/card_user/scanned_image/1603f6e1-3eb7-4c8e-a61a-04fcb9cbc50a.jpg,,,,82126,,
8917649,Magic,Marvel's Spider-Man,Mysterio's Phantasm,38,C,Near Mint,0.17,,,,,2,0.17,,0.17,https://user-content.cardcastle.co/uploads/card_user/scanned_image/73048a39-2165-44ea-90b4-693544a67bf9.jpg,,,,82126,,
8861855,Magic,Marvel's Spider-Man,Spider-Islanders,91,C,Near Mint,0.13,,,,,1,0.13,,0.13,https://user-content.cardcastle.co/uploads/card_user/scanned_image/ed253fbd-8c58-47ac-8c53-09f1e060fe70.jpg,,,,82126,,
8918439,Magic,Marvel's Spider-Man,Spider-Man No More,45,C,Near Mint,0.19,,,,,2,0.19,,0.19,https://user-content.cardcastle.co/uploads/card_user/scanned_image/dac6d5df-b74d-4bf6-8aa3-3031f6c5bb03.jpg,,,,82126,,
8861350,Magic,Marvel's Spider-Man,"Tombstone, Career Criminal",70,U,Near Mint,0.32,,,,,2,0.32,,0.32,https://user-content.cardcastle.co/uploads/card_user/scanned_image/66c294f6-affb-4b33-96da-7f38b86e3c9b.jpg,,,,82126,,
8862120,Magic,Marvel's Spider-Man,"SP//dr, Piloted by Peni",147,U,Near Mint,0.3,,,,,1,0.3,,0.3,https://user-content.cardcastle.co/uploads/card_user/scanned_image/c37deaa2-b9d4-4625-925c-ea7f14358440.jpg,,,,82126,,
,Magic,Marvel's Spider-Man,Treasure,7,C,Near Mint,,,,,,3,,,,https://user-content.cardcastle.co/uploads/card_user/scanned_image/8c0d86f0-4aea-4190-9254-0b37f34ced24.jpg,,,,82126,,
8915527,Magic,Marvel's Spider-Man,Skyward Spider,146,C,Near Mint,0.2,,,,,2,0.2,,0.2,https://user-content.cardcastle.co/uploads/card_user/scanned_image/248ab21a-81ec-406d-a3fb-9e972746493f.jpg,,,,82126,,
8862090,Magic,Marvel's Spider-Man,"Spider-Man, Brooklyn Visionary",115,C,Near Mint,0.18,,,,,2,0.18,,0.18,https://user-content.cardcastle.co/uploads/card_user/scanned_image/f6077565-36b7-4499-bb0f-b797e73f84f3.jpg,,,,82126,,
8861125,Magic,Marvel's Spider-Man,Thwip!,20,C,Near Mint,0.18,,,,,1,0.18,,0.18,https://user-content.cardcastle.co/uploads/card_user/scanned_image/59dc3606-6f0b-4c92-8c69-a137ff11fbf3.jpg,,,,82126,,
8861280,Magic,Marvel's Spider-Man,Whoosh!,48,C,Near Mint,0.12,,,,,2,0.12,,0.12,https://user-content.cardcastle.co/uploads/card_user/scanned_image/b5cb9208-08aa-440c-abf8-87a7100addaa.jpg,,,,82126,,
8911346,Magic,Marvel's Spider-Man,Steel Wrecking Ball,177,C,Near Mint,0.11,,,,,2,0.11,,0.11,https://user-content.cardcastle.co/uploads/card_user/scanned_image/1a828c42-794e-487e-8167-a0d5c9140beb.jpg,,,,82126,,
8861197,Magic,Marvel's Spider-Man,Oscorp Research Team,40,C,Near Mint,0.16,,,,,1,0.16,,0.16,https://user-content.cardcastle.co/uploads/card_user/scanned_image/fdc0cff7-4ddb-47f8-9878-4edb25b4b5aa.jpg,,,,82126,,
8913048,Magic,Marvel's Spider-Man,Bagel and Schmear,161,C,Near Mint,0.18,,,,,2,0.18,,0.18,https://user-content.cardcastle.co/uploads/card_user/scanned_image/38e1bf47-22e2-42c8-b316-d79d9d13b14e.jpg,,,,82126,,
8910795,Magic,Marvel's Spider-Man,"Ezekiel Sims, Spider-Totem",100,U,Near Mint,0.16,,,,,1,0.16,,0.16,https://user-content.cardcastle.co/uploads/card_user/scanned_image/88edb7f3-450b-4f66-bf1b-27b300f1c4e2.jpg,,,,82126,,
8921268,Magic,Marvel's Spider-Man,Sudden Strike,19,U,Near Mint,0.23,,,,,1,0.23,,0.23,https://user-content.cardcastle.co/uploads/card_user/scanned_image/5538c8d8-5841-4ab1-9c35-01953e991d4c.jpg,,,,82126,,
8917469,Magic,Marvel's Spider-Man,Sandman's Quicksand,63,U,Near Mint,0.21,,,,,4,0.21,,0.21,https://user-content.cardcastle.co/uploads/card_user/scanned_image/0b4f078f-1420-4431-b954-0b965c42c2f6.jpg,,,,82126,,
,Magic,Marvel's Spider-Man,Robot,6,C,Near Mint,,,,,,3,,,,https://user-content.cardcastle.co/uploads/card_user/scanned_image/4fc40d67-767e-43df-ad70-e2982aecc92c.jpg,,,,82126,,
8862050,Magic,Marvel's Spider-Man,Scout the City,113,C,Near Mint,0.13,,,,,1,0.13,,0.13,https://user-content.cardcastle.co/uploads/card_user/scanned_image/053548e1-84e8-471d-961a-29a36a7558a0.jpg,,,,82126,,
8862020,Magic,Marvel's Spider-Man,Kraven's Cats,104,C,Near Mint,0.13,,,,,2,0.13,,0.13,https://user-content.cardcastle.co/uploads/card_user/scanned_image/76df22e9-1c79-45ce-912a-a579ebc2f792.jpg,,,,82126,,
8913108,Magic,Marvel's Spider-Man,News Helicopter,169,C,Near Mint,0.12,,,,,2,0.12,,0.12,https://user-content.cardcastle.co/uploads/card_user/scanned_image/a313ba6e-86f6-42b5-af05-fff9f4713c39.jpg,,,,82126,,
8861885,Magic,Marvel's Spider-Man,Stegron the Dinosaur Man,95,C,Near Mint,0.15,,,,,1,0.15,,0.15,https://user-content.cardcastle.co/uploads/card_user/scanned_image/17f8a523-c049-4245-86f9-36f2e1841df8.jpg,,,,82126,,
8861228,Magic,Marvel's Spider-Man,"Doc Ock, Sinister Scientist",29,C,Near Mint,0.13,,,,,1,0.13,,0.13,https://user-content.cardcastle.co/uploads/card_user/scanned_image/e0489183-f168-4c0c-854c-964d9cf38937.jpg,,,,82126,,
8912526,Magic,Marvel's Spider-Man,Hot Dog Cart,164,C,Near Mint,0.2,,,,,1,0.2,,0.2,https://user-content.cardcastle.co/uploads/card_user/scanned_image/b55e416a-8d92-4eec-bf99-385667b2f2d4.jpg,,,,82126,,
8917709,Magic,Marvel's Spider-Man,"Molten Man, Inferno Incarnate",84,U,Near Mint,0.19,,,,,1,0.19,,0.19,https://user-content.cardcastle.co/uploads/card_user/scanned_image/82c51302-3438-4a7a-81cb-a215bdfac40e.jpg,,,,82126,,
8915467,Magic,Marvel's Spider-Man,School Daze,42,U,Near Mint,0.18,,,,,1,0.18,,0.18,https://user-content.cardcastle.co/uploads/card_user/scanned_image/157216f6-bc1f-4ec1-a55f-85a6d44d6c08.jpg,,,,82126,,
8862150,Magic,Marvel's Spider-Man,Spider-Man Noir,67,U,Near Mint,0.26,,,,,2,0.26,,0.26,https://user-content.cardcastle.co/uploads/card_user/scanned_image/02223775-a6cf-48ba-95ab-d9afdff9b7aa.jpg,,,,82126,,
8912461,Magic,Marvel's Spider-Man,Gallant Citizen,129,C,Near Mint,0.1,,,,,1,0.1,,0.1,https://user-content.cardcastle.co/uploads/card_user/scanned_image/87a4c845-e5dc-4bc0-8cdf-019f8dcebe50.jpg,,,,82126,,
8861815,Magic,Marvel's Spider-Man,Scorpion's Sting,65,C,Near Mint,0.13,,,,,3,0.13,,0.13,https://user-content.cardcastle.co/uploads/card_user/scanned_image/301f5a9f-a7a9-4643-ab93-2a4c15b48055.jpg,,,,82126,,
8861062,Magic,Marvel's Spider-Man,"Starling, Aerial Ally",18,C,Near Mint,0.06,,,,,2,0.06,,0.06,https://user-content.cardcastle.co/uploads/card_user/scanned_image/24d51fb6-7983-4fb4-82dd-1277d7f53262.jpg,,,,82126,,
8861785,Magic,Marvel's Spider-Man,Venom's Hunger,73,C,Near Mint,0.17,,,,,2,0.17,,0.17,https://user-content.cardcastle.co/uploads/card_user/scanned_image/bb8999fc-df03-4f2a-8f4b-b4437a1c97dd.jpg,,,,82126,,
9332237,Magic,Commander: Marvel Super Heroes,Unstable Experiment,789,C,Near Mint,0.26,,,,,2,0.26,,0.26,https://user-content.cardcastle.co/uploads/card_user/scanned_image/9b8761dc-1f87-45a0-af14-f292de10e7b1.jpg,,,,82126,,
8917529,Magic,Marvel's Spider-Man,"Living Brain, Mechanical Marvel",167,U,Near Mint,0.19,,,,,1,0.19,,0.19,https://user-content.cardcastle.co/uploads/card_user/scanned_image/82631060-3d88-4751-adcd-03e7278808d5.jpg,,,,82126,,
8919474,Magic,Marvel's Spider-Man,"Sun-Spider, Nimble Webber",154,U,Near Mint,0.23,,,,,1,0.23,,0.23,https://user-content.cardcastle.co/uploads/card_user/scanned_image/e6570e04-5753-4f4a-9a23-2a7ef4d68fe7.jpg,,,,82126,,
8912156,Magic,Marvel's Spider-Man,Supportive Parents,119,U,Near Mint,0.25,,,,,1,0.25,,0.25,https://user-content.cardcastle.co/uploads/card_user/scanned_image/98d88476-3f70-40b2-a6e5-5bc3df07e21a.jpg,,,,82126,,
8915687,Magic,Marvel's Spider-Man,Spider Manifestation,148,C,Near Mint,0.29,,,,,1,0.29,,0.29,https://user-content.cardcastle.co/uploads/card_user/scanned_image/5de9db86-eb6b-4773-92dc-3b241b50fa48.jpg,,,,82126,,
8861145,Magic,Marvel's Spider-Man,Web Up,21,C,Near Mint,0.1,,,,,1,0.1,,0.1,https://user-content.cardcastle.co/uploads/card_user/scanned_image/bc1cc6ac-9bb4-4469-9e4d-bed17b8d3066.jpg,,,,82126,,
8912226,Magic,Marvel's Spider-Man,Professional Wrestler,110,C,Near Mint,0.09,,,,,1,0.09,,0.09,https://user-content.cardcastle.co/uploads/card_user/scanned_image/ab20d901-0fae-4a85-8fc5-c5c6f437419f.jpg,,,,82126,,
8861135,Magic,Marvel's Spider-Man,Spectacular Tactics,15,C,Near Mint,0.21,,,,,2,0.21,,0.21,https://user-content.cardcastle.co/uploads/card_user/scanned_image/842f3dc1-918e-4e53-9c86-b7dc02680b94.jpg,,,,82126,,
9340232,Magic,Commander: Marvel Super Heroes,Eerie Gravestone,824,C,Near Mint,0.26,,,,,1,0.26,,0.26,https://user-content.cardcastle.co/uploads/card_user/scanned_image/0f617f7d-51d0-469a-bee0-0ea2897f853b.jpg,,,,82126,,
9336872,Magic,Commander: Marvel Super Heroes,Shock,809,C,Near Mint,0.26,,,,,1,0.26,,0.26,https://user-content.cardcastle.co/uploads/card_user/scanned_image/5208af44-6b38-4c00-8a39-dfd925ee8fa6.jpg,,,,82126,,
8861805,Magic,Marvel's Spider-Man,Risky Research,62,C,Near Mint,0.26,,,,,3,0.26,,0.26,https://user-content.cardcastle.co/uploads/card_user/scanned_image/117f4139-2d1b-4346-9731-999e7c0f9e5d.jpg,,,,82126,,
8921858,Magic,Marvel's Spider-Man,"Hobgoblin, Mantled Marauder",80,U,Near Mint,0.23,,,,,1,0.23,,0.23,https://user-content.cardcastle.co/uploads/card_user/scanned_image/f03201a6-2c55-4a87-a792-8e8b6b205066.jpg,,,,82126,,
8918504,Magic,Marvel's Spider-Man,Wall Crawl,121,U,Near Mint,0.21,,,,,1,0.21,,0.21,https://user-content.cardcastle.co/uploads/card_user/scanned_image/b4fff416-af76-408f-b479-50601b987292.jpg,,,,82126,,
8917349,Magic,Marvel's Spider-Man,Robotics Mastery,41,U,Near Mint,0.17,,,,,1,0.17,,0.17,https://user-content.cardcastle.co/uploads/card_user/scanned_image/2d31b663-f5e2-4eb8-b59d-09b2590ae9eb.jpg,,,,82126,,
8915287,Magic,Marvel's Spider-Man,Subway Train,178,C,Near Mint,0.09,,,,,1,0.09,,0.09,https://user-content.cardcastle.co/uploads/card_user/scanned_image/373c7ea8-d6f6-4d0a-a1b8-63dbbf60538c.jpg,,,,82126,,
8861093,Magic,Marvel's Spider-Man,Daily Bugle Reporters,6,C,Near Mint,0.1,,,,,1,0.1,,0.1,https://user-content.cardcastle.co/uploads/card_user/scanned_image/a52c85a9-ce08-47fb-a97a-13f7148a8bca.jpg,,,,82126,,
8862100,Magic,Marvel's Spider-Man,Grow Extra Arms,101,C,Near Mint,0.17,,,,,2,0.17,,0.17,https://user-content.cardcastle.co/uploads/card_user/scanned_image/39307ae2-8859-42d0-b7f2-bb5c0e5d7225.jpg,,,,82126,,
8861037,Magic,Marvel's Spider-Man,Wild Pack Squad,23,C,Near Mint,0.12,,,,,1,0.12,,0.12,https://user-content.cardcastle.co/uploads/card_user/scanned_image/89f5833c-8959-497e-9c8e-564d1cf8de89.jpg,,,,82126,,
8861920,Magic,Marvel's Spider-Man,Angry Rabble,75,C,Near Mint,0.11,,,,,1,0.11,,0.11,https://user-content.cardcastle.co/uploads/card_user/scanned_image/caf4bb34-8603-470b-93ff-7203b8a12be9.jpg,,,,82126,,
8861248,Magic,Marvel's Spider-Man,"Beetle, Legacy Criminal",26,C,Near Mint,0.13,,,,,1,0.13,,0.13,https://user-content.cardcastle.co/uploads/card_user/scanned_image/eae8bfbf-1bd4-4232-a7f6-aad769caf4b9.jpg,,,,82126,,
8861755,Magic,Marvel's Spider-Man,Merciless Enforcers,58,C,Near Mint,0.19,,,,,1,0.19,,0.19,https://user-content.cardcastle.co/uploads/card_user/scanned_image/1ea08ae8-6a70-46e5-af40-e6d222899fcb.jpg,,,,82126,,
8919604,Magic,Marvel's Spider-Man,Alien Symbiosis,50,U,Near Mint,0.19,,,,,1,0.19,,0.19,https://user-content.cardcastle.co/uploads/card_user/scanned_image/e6482886-78a5-495d-a269-4530391c4bbb.jpg,,,,82126,,
8861875,Magic,Marvel's Spider-Man,"Shocker, Unshakable",89,U,Near Mint,0.19,,,,,1,0.19,,0.19,https://user-content.cardcastle.co/uploads/card_user/scanned_image/d8b82d90-c1f0-4c84-8840-d9bfa0aa2ffb.jpg,,,,82126,,
8861238,Magic,Marvel's Spider-Man,"Spider-Byte, Web Warden",44,U,Near Mint,0.17,,,,,1,0.17,,0.17,https://user-content.cardcastle.co/uploads/card_user/scanned_image/63b067ac-56e5-42f6-b02c-182bd44902af.jpg,,,,82126,,
8916834,Magic,Marvel's Spider-Man,Mob Lookout,136,C,Near Mint,0.16,,,,,2,0.16,,0.16,https://user-content.cardcastle.co/uploads/card_user/scanned_image/6d490d63-5fa6-4bba-a0bb-0db8cd888cfd.jpg,,,,82126,,
8861970,Magic,Marvel's Spider-Man,Electro's Bolt,77,C,Near Mint,0.18,,,,,1,0.18,,0.18,https://user-content.cardcastle.co/uploads/card_user/scanned_image/b112ee93-701b-4c77-824e-2ca3fb1762ae.jpg,,,,82126,,
8861930,Magic,Marvel's Spider-Man,Masked Meower,82,C,Near Mint,0.2,,,,,2,0.2,,0.2,https://user-content.cardcastle.co/uploads/card_user/scanned_image/bf465e9b-eb05-4c1f-8256-6c7bf056c2db.jpg,,,,82126,,
8914445,Magic,Marvel's Spider-Man,Common Crook,53,C,Near Mint,0.11,,,,,3,0.11,,0.11,https://user-content.cardcastle.co/uploads/card_user/scanned_image/535ca52a-86c0-4b60-bf0f-477f9793559f.jpg,,,,82126,,
9336952,Magic,Commander: Marvel Super Heroes,Taxi Driver,811,C,Near Mint,0.14,,,,,1,0.14,,0.14,https://user-content.cardcastle.co/uploads/card_user/scanned_image/fa234394-c8f8-4d59-8412-c604b472138e.jpg,,,,82126,,
8005800,Magic,Universes Beyond: Assassin's Creed,"Roshan, Hidden Magister",32,U,Near Mint,0.28,,,,,1,0.28,,0.28,https://user-content.cardcastle.co/uploads/card_user/scanned_image/7360154f-b939-48cf-a12b-878cca61b93f.jpg,,,,82126,,
8714733,Magic,The List Reprints,Graveshifter (MH1),MH1-94,U,Near Mint,0.35,,,,,1,0.35,,0.35,https://user-content.cardcastle.co/uploads/card_user/scanned_image/987ab503-5517-46b9-a3d1-8656baee393b.jpg,,,,82126,,
7958359,Magic,Modern Horizons 3,Accursed Marauder,80,C,Near Mint,0.46,,,,,1,0.46,,0.46,https://user-content.cardcastle.co/uploads/card_user/scanned_image/980b4b07-30b7-4080-9a27-51d5beb6b458.jpg,,,,82126,,
7965854,Magic,Commander: Modern Horizons 3,Syphon Mind,206,C,Near Mint,0.36,,,,,1,0.36,,0.36,https://user-content.cardcastle.co/uploads/card_user/scanned_image/9b782194-f7ad-448e-b5d8-c69dd0980bd5.jpg,,,,82126,,
7312634,Magic,Commander Masters,Read the Bones,182,C,Near Mint,0.36,,,,,2,0.36,,0.36,https://user-content.cardcastle.co/uploads/card_user/scanned_image/135e7ca5-0b55-4472-8909-67f79bf6fb2a.jpg,,,,82126,,
9089712,Magic,Lorwyn Eclipsed,Noggle the Mind,60,U,Near Mint,0.27,,,,,1,0.27,,0.27,https://user-content.cardcastle.co/uploads/card_user/scanned_image/e8f9169f-8b56-4b7e-aff5-c5aca3e44c82.jpg,,,,82126,,
9091277,Magic,Lorwyn Eclipsed,Boulder Dash,127,U,Near Mint,0.16,,,,,1,0.16,,0.16,https://user-content.cardcastle.co/uploads/card_user/scanned_image/6abc0d70-38a8-49bc-970c-38bf1d378dd9.jpg,,,,82126,,
9087190,Magic,Lorwyn Eclipsed,Prismatic Undercurrents,189,U,Near Mint,0.34,,,,,1,0.34,,0.34,https://user-content.cardcastle.co/uploads/card_user/scanned_image/d129908f-3df8-44ba-be25-24ba7e8652cf.jpg,,,,82126,,
9077878,Magic,Lorwyn Eclipsed,Kinsbaile Aspirant,21,U,Near Mint,0.18,,,,,1,0.18,,0.18,https://user-content.cardcastle.co/uploads/card_user/scanned_image/06425d7c-60ad-4f20-900f-72f95fda37a0.jpg,,,,82126,,
9093902,Magic,Lorwyn Eclipsed,Foraging Wickermaw,256,C,Near Mint,0.14,,,,,3,0.14,,0.14,https://user-content.cardcastle.co/uploads/card_user/scanned_image/dc13ba09-1ff2-43a0-a5ab-dd956fca5213.jpg,,,,82126,,
9084023,Magic,Lorwyn Eclipsed,Tributary Vaulter,40,C,Near Mint,0.13,,,,,2,0.13,,0.13,https://user-content.cardcastle.co/uploads/card_user/scanned_image/56a51223-7da2-4f61-81f5-61adff321402.jpg,,,,82126,,
9078298,Magic,Lorwyn Eclipsed,Kulrath Mystic,56,C,Near Mint,0.07,,,,,2,0.07,,0.07,https://user-content.cardcastle.co/uploads/card_user/scanned_image/6b7223c3-c907-4002-90e8-cf7cb1ade6a5.jpg,,,,82126,,
9086830,Magic,Lorwyn Eclipsed,Blight Rot,89,C,Near Mint,0.25,,,,,2,0.25,,0.25,https://user-content.cardcastle.co/uploads/card_user/scanned_image/ea59ea0c-8e59-455f-ab3b-63336bf38cf4.jpg,,,,82126,,
9066144,Magic,Lorwyn Eclipsed,Elder Auntie,133,C,Near Mint,0.16,,,,,2,0.16,,0.16,https://user-content.cardcastle.co/uploads/card_user/scanned_image/28c55eb6-e41d-4496-a672-8e08e624f804.jpg,,,,82126,,
9092702,Magic,Lorwyn Eclipsed,Safewright Cavalry,191,C,Near Mint,0.1,,,,,1,0.1,,0.1,https://user-content.cardcastle.co/uploads/card_user/scanned_image/86c968a5-ae4a-478f-ad6b-b2001f44544e.jpg,,,,82126,,
,Magic,Lorwyn Eclipsed,Kithkin,7,C,Near Mint,,,,,,1,,,,https://user-content.cardcastle.co/uploads/card_user/scanned_image/739b89ef-0f86-4c13-a2a8-aacda7bc60ca.jpg,,,,82126,,
9068519,Magic,Lorwyn Eclipsed,Island (0270),270,C,Near Mint,0.16,,,,,1,0.16,,0.16,https://user-content.cardcastle.co/uploads/card_user/scanned_image/9505ff6b-70d6-482b-8677-a2666effe7e5.jpg,,,,82126,,
9069854,Magic,Lorwyn Eclipsed,Wanderwine Farewell,83,U,Near Mint,0.21,,,,,1,0.21,,0.21,https://user-content.cardcastle.co/uploads/card_user/scanned_image/010828ed-14d2-4e5c-9945-ffdd27436ab4.jpg,,,,82126,,
9083803,Magic,Lorwyn Eclipsed,Meanders Guide,25,U,Near Mint,0.19,,,,,1,0.19,,0.19,https://user-content.cardcastle.co/uploads/card_user/scanned_image/9a1618e1-08f5-4e0c-a549-5cba45fba202.jpg,,,,82126,,
9081912,Magic,Lorwyn Eclipsed,Bristlebane Outrider,169,U,Near Mint,0.14,,,,,1,0.14,,0.14,https://user-content.cardcastle.co/uploads/card_user/scanned_image/bc6baaae-b2de-4cfd-94cb-063f97d1ce08.jpg,,,,82126,,
9086097,Magic,Lorwyn Eclipsed,Merrow Skyswimmer,234,C,Near Mint,0.17,,,,,2,0.17,,0.17,https://user-content.cardcastle.co/uploads/card_user/scanned_image/cc3bce20-9b87-48b3-8ddd-d6f470fd31af.jpg,,,,82126,,
9089652,Magic,Lorwyn Eclipsed,Glamermite,50,C,Near Mint,0.2,,,,,2,0.2,,0.2,https://user-content.cardcastle.co/uploads/card_user/scanned_image/fc3aa683-767f-42d1-96b8-739a49fabd10.jpg,,,,82126,,
9079320,Magic,Lorwyn Eclipsed,Heirloom Auntie,107,C,Near Mint,0.11,,,,,2,0.11,,0.11,https://user-content.cardcastle.co/uploads/card_user/scanned_image/63bcede5-4a25-4ad2-8d60-ce30c99f525f.jpg,,,,82126,,
9079770,Magic,Lorwyn Eclipsed,Flame-Chain Mauler,138,C,Near Mint,0.06,,,,,1,0.06,,0.06,https://user-content.cardcastle.co/uploads/card_user/scanned_image/49499c01-74bf-4e50-b2c3-cbf3f2254b31.jpg,,,,82126,,
9080130,Magic,Lorwyn Eclipsed,Great Forest Druid,178,C,Near Mint,0.24,,,,,1,0.24,,0.24,https://user-content.cardcastle.co/uploads/card_user/scanned_image/d61e8146-cdac-45fe-a114-62aa0b04aa82.jpg,,,,82126,,
9064744,Magic,Lorwyn Eclipsed,Sun-Dappled Celebrant,37,C,Near Mint,0.16,,,,,2,0.16,,0.16,https://user-content.cardcastle.co/uploads/card_user/scanned_image/8a0d0286-b96a-4474-aea0-0a506805fb61.jpg,,,,82126,,
9078418,Magic,Lorwyn Eclipsed,Silvergill Peddler,70,C,Near Mint,0.15,,,,,2,0.15,,0.15,https://user-content.cardcastle.co/uploads/card_user/scanned_image/2a765655-14fd-4dc1-a4aa-66a7447e10e8.jpg,,,,82126,,
9068399,Magic,Lorwyn Eclipsed,Plains (0269),269,C,Near Mint,0.21,,,,,1,0.21,,0.21,https://user-content.cardcastle.co/uploads/card_user/scanned_image/fe7f26bc-5f03-4904-a84e-8abe52aed8a5.jpg,,,,82126,,
9087250,Magic,Lorwyn Eclipsed,Eclipsed Merrow (Showcase),339,U,Near Mint,0.23,,,,,2,0.23,,0.23,https://user-content.cardcastle.co/uploads/card_user/scanned_image/484855f8-5282-46de-85f8-1eb5d13bfe45.jpg,,,,82126,,
9092982,Magic,Lorwyn Eclipsed,Eclipsed Boggart,217,U,Near Mint,0.27,,,,,2,0.27,,0.27,https://user-content.cardcastle.co/uploads/card_user/scanned_image/a77bae5e-a980-4cb7-89b4-86d0f6b63e34.jpg,,,,82126,,
9078338,Magic,Lorwyn Eclipsed,Omni-Changeling,62,U,Near Mint,0.33,,,,,2,0.33,,0.33,https://user-content.cardcastle.co/uploads/card_user/scanned_image/fb09c8b3-3976-4ba6-b45b-48324038a213.jpg,,,,82126,,
9087910,Magic,Lorwyn Eclipsed,Morcant's Loyalist,236,U,Near Mint,0.36,,,,,1,0.36,,0.36,https://user-content.cardcastle.co/uploads/card_user/scanned_image/050a3e47-8518-49a8-8d0e-b463b690424b.jpg,,,,82126,,
9085281,Magic,Lorwyn Eclipsed,Kulrath Zealot,148,C,Near Mint,0.2,,,,,5,0.2,,0.2,https://user-content.cardcastle.co/uploads/card_user/scanned_image/4b2713cd-22f9-4480-aa39-bc1f514e5663.jpg,,,,82126,,
9078058,Magic,Lorwyn Eclipsed,Shore Lurker,34,C,Near Mint,0.1,,,,,2,0.1,,0.1,https://user-content.cardcastle.co/uploads/card_user/scanned_image/e1bd19c1-9099-47cf-982f-49dbb7455a6c.jpg,,,,82126,,
9084140,Magic,Lorwyn Eclipsed,Aquitect's Defenses,44,C,Near Mint,0.15,,,,,2,0.15,,0.15,https://user-content.cardcastle.co/uploads/card_user/scanned_image/7349aeab-be05-4e7e-9c7c-5a91cfbf6eee.jpg,,,,82126,,
9084981,Magic,Lorwyn Eclipsed,Scarblade Scout,118,C,Near Mint,0.17,,,,,1,0.17,,0.17,https://user-content.cardcastle.co/uploads/card_user/scanned_image/ae8e0b47-f565-4192-acd5-d6d424baf2fd.jpg,,,,82126,,
9091657,Magic,Lorwyn Eclipsed,Reckless Ransacking,152,C,Near Mint,0.31,,,,,1,0.31,,0.31,https://user-content.cardcastle.co/uploads/card_user/scanned_image/5c71a606-f27d-4853-bbf6-c9e8ee398715.jpg,,,,82126,,
9085871,Magic,Lorwyn Eclipsed,Unforgiving Aim,200,C,Near Mint,0.16,,,,,2,0.16,,0.16,https://user-content.cardcastle.co/uploads/card_user/scanned_image/d957c9af-a03b-4caa-98fb-b70643c363a5.jpg,,,,82126,,
8861330,Magic,Marvel's Spider-Man,Mechanical Mobster,168,C,Near Mint,0.13,,,,,1,0.13,,0.13,https://user-content.cardcastle.co/uploads/card_user/scanned_image/98ea8fbb-1fd2-45f5-9ade-bd5bc6155707.jpg,,,,82126,,
8915407,Magic,Marvel's Spider-Man,Rhino's Rampage,141,U,Near Mint,0.21,,,,,1,0.21,,0.21,https://user-content.cardcastle.co/uploads/card_user/scanned_image/a108a416-b062-485d-a1cb-aac27f02e7c1.jpg,,,,82126,,
8912826,Magic,Marvel's Spider-Man,"Wraith, Vicious Vigilante",160,U,Near Mint,0.26,,,,,1,0.26,,0.26,https://user-content.cardcastle.co/uploads/card_user/scanned_image/c3dafa9a-15c9-43be-8c53-7381321daffe.jpg,,,,82126,,
8861083,Magic,Marvel's Spider-Man,"Spider-Man, Web-Slinger",16,C,Near Mint,0.18,,,,,1,0.18,,0.18,https://user-content.cardcastle.co/uploads/card_user/scanned_image/0241c5c7-968e-42ce-ade5-06e2e7ae573c.jpg,,,,82126,,
8862010,Magic,Marvel's Spider-Man,Guy in the Chair,102,C,Near Mint,0.12,,,,,1,0.12,,0.12,https://user-content.cardcastle.co/uploads/card_user/scanned_image/5303e30f-284c-4eb1-94dd-0692f68847fd.jpg,,,,82126,,
8917409,Magic,Marvel's Spider-Man,Amazing Acrobatics,25,C,Near Mint,0.27,,,,,1,0.27,,0.27,https://user-content.cardcastle.co/uploads/card_user/scanned_image/9a596edb-f6d2-45f2-9dc2-ddad2aabdec2.jpg,,,,82126,,
8907865,Magic,Marvel's Spider-Man,"Spiders-Man, Heroic Horde",117,U,Near Mint,0.27,,,,,1,0.27,,0.27,https://user-content.cardcastle.co/uploads/card_user/scanned_image/5915e29b-b2ed-48f7-8ccd-ae2896751d2f.jpg,,,,82126,,
8920434,Magic,Marvel's Spider-Man,"Silver Sable, Mercenary Leader",13,U,Near Mint,0.26,,,,,1,0.26,,0.26,https://user-content.cardcastle.co/uploads/card_user/scanned_image/b2a1dcab-32dc-4d3d-af94-5a90c76bfe57.jpg,,,,82126,,
8861340,Magic,Marvel's Spider-Man,"Scorpion, Seething Striker",64,U,Near Mint,0.2,,,,,3,0.2,,0.2,https://user-content.cardcastle.co/uploads/card_user/scanned_image/ac5b9274-c2e3-4f96-811d-5b5bfa89077e.jpg,,,,82126,,
8915227,Magic,Marvel's Spider-Man,Passenger Ferry,170,C,Near Mint,0.1,,,,,1,0.1,,0.1,https://user-content.cardcastle.co/uploads/card_user/scanned_image/b614bbb1-06b2-4874-bdf0-052b4cdd2c70.jpg,,,,82126,,
8915992,Magic,Marvel's Spider-Man,"Swarm, Being of Bees",69,C,Near Mint,0.18,,,,,2,0.18,,0.18,https://user-content.cardcastle.co/uploads/card_user/scanned_image/dd2c0615-56dc-48f9-afeb-54e0e1be0a19.jpg,,,,82126,,
8917589,Magic,Marvel's Spider-Man,"Spider-Slayer, Hatred Honed",175,U,Near Mint,0.17,,,,,1,0.17,,0.17,https://user-content.cardcastle.co/uploads/card_user/scanned_image/d16c79f8-d887-4f43-8b30-c5d57fe932e4.jpg,,,,82126,,
8905750,Magic,Marvel's Spider-Man,Raging Goblinoids,85,U,Near Mint,0.17,,,,,1,0.17,,0.17,https://user-content.cardcastle.co/uploads/card_user/scanned_image/ec57747b-5e4c-4426-9fa5-bdd10ce86f17.jpg,,,,82126,,
8920374,Magic,Marvel's Spider-Man,"Spider-Girl, Legacy Hero",149,U,Near Mint,0.21,,,,,1,0.21,,0.21,https://user-content.cardcastle.co/uploads/card_user/scanned_image/7b654869-9045-4d77-8c8d-0f36ca5e9090.jpg,,,,82126,,
9374384,Magic,Commander: Marvel Super Heroes,Pumpkin Bombardment,822,C,Near Mint,0.19,,,,,1,0.19,,0.19,https://user-content.cardcastle.co/uploads/card_user/scanned_image/0313463a-269c-484e-803d-b8530ffe537a.jpg,,,,82126,,
8861187,Magic,Marvel's Spider-Man,Doc Ock's Henchmen,30,C,Near Mint,0.14,,,,,1,0.14,,0.14,https://user-content.cardcastle.co/uploads/card_user/scanned_image/439b8fea-54f0-490a-a86f-57713ca53f4a.jpg,,,,82126,,
8869034,Magic,Marvel's Spider-Man,Web-Warriors,159,U,Near Mint,0.28,,,,,1,0.28,,0.28,https://user-content.cardcastle.co/uploads/card_user/scanned_image/e67ac3b9-04ed-48f2-8d7e-80a8b2198897.jpg,,,,82126,,
8919149,Magic,Marvel's Spider-Man,Superior Foes of Spider-Man,96,U,Near Mint,0.2,,,,,1,0.2,,0.2,https://user-content.cardcastle.co/uploads/card_user/scanned_image/0da03923-57d2-46d5-8a86-fa3caf019198.jpg,,,,82126,,
8905870,Magic,Marvel's Spider-Man,"Prowler, Clawed Thief",138,U,Near Mint,0.3,,,,,1,0.3,,0.3,https://user-content.cardcastle.co/uploads/card_user/scanned_image/4846218d-4bbe-4404-8cc7-c35fed83db5d.jpg,,,,82126,,
9089772,Magic,Lorwyn Eclipsed,Rime Chill,64,U,Near Mint,0.13,,,,,2,0.13,,0.13,https://user-content.cardcastle.co/uploads/card_user/scanned_image/7d38f078-5902-4038-a44c-8dfc2e0db2d2.jpg,,,,82126,,
9085101,Magic,Lorwyn Eclipsed,Boldwyr Aggressor,125,U,Near Mint,0.24,,,,,1,0.24,,0.24,https://user-content.cardcastle.co/uploads/card_user/scanned_image/9e8edd5a-f980-44bf-89f6-69c6b584174e.jpg,,,,82126,,
9090697,Magic,Lorwyn Eclipsed,Creakwood Safewright,96,U,Near Mint,0.17,,,,,1,0.17,,0.17,https://user-content.cardcastle.co/uploads/card_user/scanned_image/122e7d11-6704-4ac7-b250-09f8be1d28a6.jpg,,,,82126,,
9083913,Magic,Lorwyn Eclipsed,Spiral into Solitude,36,C,Near Mint,0.16,,,,,1,0.16,,0.16,https://user-content.cardcastle.co/uploads/card_user/scanned_image/9f66ff7f-047f-4404-8868-c41ebb0dc5a1.jpg,,,,82126,,
9092502,Magic,Lorwyn Eclipsed,Moon-Vigil Adherents,184,U,Near Mint,0.23,,,,,1,0.23,,0.23,https://user-content.cardcastle.co/uploads/card_user/scanned_image/5e5adee0-77be-4319-8cf5-c9f3a7edc4b6.jpg,,,,82126,,
9071877,Magic,Lorwyn Eclipsed,Crib Swap,11,U,Near Mint,0.26,,,,,1,0.26,,0.26,https://user-content.cardcastle.co/uploads/card_user/scanned_image/aecb25d0-c010-4867-b297-a9a4d26a758c.jpg,,,,82126,,
9078258,Magic,Lorwyn Eclipsed,Glamer Gifter,49,U,Near Mint,0.26,,,,,1,0.26,,0.26,https://user-content.cardcastle.co/uploads/card_user/scanned_image/80952c09-cd7c-4771-98af-44154fceefac.jpg,,,,82126,,
9073213,Magic,Lorwyn Eclipsed,Flamebraider,139,U,Near Mint,0.23,,,,,1,0.23,,0.23,https://user-content.cardcastle.co/uploads/card_user/scanned_image/eae1c542-2b9f-479c-87c7-3e92b622c235.jpg,,,,82126,,
9078658,Magic,Lorwyn Eclipsed,Wanderwine Distracter,82,C,Near Mint,0.09,,,,,2,0.09,,0.09,https://user-content.cardcastle.co/uploads/card_user/scanned_image/9450de9a-5188-4b47-8041-5e532f601098.jpg,,,,82126,,
9064994,Magic,Lorwyn Eclipsed,Dream Seizer,101,C,Near Mint,0.12,,,,,2,0.12,,0.12,https://user-content.cardcastle.co/uploads/card_user/scanned_image/26dedcd8-c556-4f9f-a64d-ee4c492a34d4.jpg,,,,82126,,
9086950,Magic,Lorwyn Eclipsed,Brambleback Brute,128,C,Near Mint,0.17,,,,,1,0.17,,0.17,https://user-content.cardcastle.co/uploads/card_user/scanned_image/fd15ed23-b129-44fc-9296-6ec27f4eb13e.jpg,,,,82126,,
9079950,Magic,Lorwyn Eclipsed,Assert Perfection,164,C,Near Mint,0.14,,,,,1,0.14,,0.14,https://user-content.cardcastle.co/uploads/card_user/scanned_image/0c8254c0-6a8c-42b6-8a75-4cb46488e8c6.jpg,,,,82126,,
9090637,Magic,Lorwyn Eclipsed,Evershrike's Gift,15,U,Near Mint,0.25,,,,,1,0.25,,0.25,https://user-content.cardcastle.co/uploads/card_user/scanned_image/0124eebb-afe3-46a1-b058-079caec76377.jpg,,,,82126,,
9084441,Magic,Lorwyn Eclipsed,Tanufel Rimespeaker,77,U,Near Mint,0.24,,,,,1,0.24,,0.24,https://user-content.cardcastle.co/uploads/card_user/scanned_image/b4ad8d8d-f9e5-40d0-bc1e-6996ddc6f596.jpg,,,,82126,,
9091537,Magic,Lorwyn Eclipsed,Giantfall,141,U,Near Mint,0.21,,,,,1,0.21,,0.21,https://user-content.cardcastle.co/uploads/card_user/scanned_image/9f3b91bd-ce3a-4231-80aa-78d8b0c29f8c.jpg,,,,82126,,
9093242,Magic,Lorwyn Eclipsed,Mischievous Sneakling,235,C,Near Mint,0.2,,,,,2,0.2,,0.2,https://user-content.cardcastle.co/uploads/card_user/scanned_image/883465dd-979c-4a91-9340-8a9af6fc4050.jpg,,,,82126,,
9051960,Magic,Lorwyn Eclipsed,Unexpected Assistance,80,C,Near Mint,0.26,,,,,1,0.26,,0.26,https://user-content.cardcastle.co/uploads/card_user/scanned_image/c293e9da-b595-40b3-b1c6-60f4c83aa43b.jpg,,,,82126,,
9084621,Magic,Lorwyn Eclipsed,Blighted Blackthorn,90,C,Near Mint,0.12,,,,,1,0.12,,0.12,https://user-content.cardcastle.co/uploads/card_user/scanned_image/019c5956-c655-456d-9b5b-4a9f7676c84c.jpg,,,,82126,,
9080010,Magic,Lorwyn Eclipsed,Tweeze,162,C,Near Mint,0.12,,,,,1,0.12,,0.12,https://user-content.cardcastle.co/uploads/card_user/scanned_image/3e5ca43d-0bdf-476a-8f08-2e458e33f4a2.jpg,,,,82126,,
9092262,Magic,Lorwyn Eclipsed,Gilt-Leaf's Embrace,177,C,Near Mint,0.13,,,,,1,0.13,,0.13,https://user-content.cardcastle.co/uploads/card_user/scanned_image/692c0bde-2db5-4bba-9795-854e42ecd186.jpg,,,,82126,,
9068894,Magic,Lorwyn Eclipsed,Mountain (0272),272,C,Near Mint,0.18,,,,,1,0.18,,0.18,https://user-content.cardcastle.co/uploads/card_user/scanned_image/34b2a2ed-6f43-487c-9302-58f4f1c28c58.jpg,,,,82126,,
385297,Magic,Rise of the Eldrazi,Reinforced Bulwark,223,C,Near Mint,0.08,,,,,1,0.08,,0.08,https://user-content.cardcastle.co/uploads/card_user/scanned_image/444f2890-61f9-40a3-81f3-f4a346bc4d29.jpg,,,,82126,,
385222,Magic,Rise of the Eldrazi,Skywatcher Adept,88,C,Near Mint,0.09,,,,,1,0.09,,0.09,https://user-content.cardcastle.co/uploads/card_user/scanned_image/cb3ce071-ac59-4417-aa1d-699dc274ccaa.jpg,,,,82126,,
385433,Magic,Rise of the Eldrazi,Wildheart Invoker,213,C,Near Mint,0.07,,,,,1,0.07,,0.07,https://user-content.cardcastle.co/uploads/card_user/scanned_image/b2f68ad6-dd65-4d31-ac9b-c52909f8aa99.jpg,,,,82126,,
385458,Magic,Rise of the Eldrazi,Merfolk Observer,76,C,Near Mint,0.16,,,,,1,0.16,,0.16,https://user-content.cardcastle.co/uploads/card_user/scanned_image/c101cd76-80a7-464c-a657-129395e78037.jpg,,,,82126,,
385414,Magic,Rise of the Eldrazi,Kozilek's Predator,193,C,Near Mint,0.1,,,,,1,0.1,,0.1,https://user-content.cardcastle.co/uploads/card_user/scanned_image/b8566210-98f0-4637-ac06-29845b90c725.jpg,,,,82126,,
385320,Magic,Rise of the Eldrazi,Zof Shade,132,C,Near Mint,0.05,,,,,1,0.05,,0.05,https://user-content.cardcastle.co/uploads/card_user/scanned_image/3c503144-ad66-4682-99ad-abb1205e7261.jpg,,,,82126,,
385410,Magic,Rise of the Eldrazi,Totem-Guide Hartebeest,50,C,Near Mint,0.11,,,,,1,0.11,,0.11,https://user-content.cardcastle.co/uploads/card_user/scanned_image/0b4dbde2-c1a5-49b7-b37c-150da293596d.jpg,,,,82126,,
385398,Magic,Rise of the Eldrazi,Snake Umbra,207,C,Near Mint,1,,,,,1,1,,1,https://user-content.cardcastle.co/uploads/card_user/scanned_image/05c726ff-b88c-4b5a-9d53-f3afc06e0ccf.jpg,,,,82126,,
385323,Magic,Rise of the Eldrazi,Enclave Cryptologist,66,U,Near Mint,0.21,,,,,1,0.21,,0.21,https://user-content.cardcastle.co/uploads/card_user/scanned_image/1588b825-ee8a-480e-bba5-10b74c25dbff.jpg,,,,82126,,
385375,Magic,Rise of the Eldrazi,Broodwarden,181,U,Near Mint,0.18,,,,,1,0.18,,0.18,https://user-content.cardcastle.co/uploads/card_user/scanned_image/97980251-dbda-48ae-a521-dea7168e0fd8.jpg,,,,82126,,
385352,Magic,Rise of the Eldrazi,Guul Draz Assassin,112,R,Near Mint,2.82,,,,,1,2.82,,2.82,https://user-content.cardcastle.co/uploads/card_user/scanned_image/a30e57bc-9b74-4ba6-9638-82a88cf5636e.jpg,,,,82126,,
385234,Magic,Rise of the Eldrazi,Hand of Emrakul,5,C,Near Mint,0.42,,,,,1,0.42,,0.42,https://user-content.cardcastle.co/uploads/card_user/scanned_image/4966e0b5-8aa2-411d-9954-41bb44f89a02.jpg,,,,82126,,
385371,Magic,Rise of the Eldrazi,Pathrazer of Ulamog,9,U,Near Mint,1.69,,,,,1,1.69,,1.69,https://user-content.cardcastle.co/uploads/card_user/scanned_image/b399a18b-4edb-41b9-8ed5-10fe37a3aea7.jpg,,,,82126,,
9085806,Magic,Lorwyn Eclipsed,Thoughtweft Charge,198,U,Near Mint,0.14,,,,,1,0.14,,0.14,https://user-content.cardcastle.co/uploads/card_user/scanned_image/00cf6673-a391-4330-81e0-105396e1f3d7.jpg,,,,82126,,
9087970,Magic,Lorwyn Eclipsed,Morcant's Loyalist (Showcase),341,U,Near Mint,0.3,,,,,1,0.3,,0.3,https://user-content.cardcastle.co/uploads/card_user/scanned_image/30a9095a-5f95-46cc-b204-dc864c9d4589.jpg,,,,82126,,
9084861,Magic,Lorwyn Eclipsed,Nameless Inversion,113,U,Near Mint,0.27,,,,,1,0.27,,0.27,https://user-content.cardcastle.co/uploads/card_user/scanned_image/5fe5f22e-c893-459a-97b3-372109ac5c5a.jpg,,,,82126,,
9080910,Magic,Lorwyn Eclipsed,Wary Farmer,251,C,Near Mint,0.13,,,,,2,0.13,,0.13,https://user-content.cardcastle.co/uploads/card_user/scanned_image/f987f5e2-9413-4f36-8a78-5944cc725091.jpg,,,,82126,,
9078218,Magic,Lorwyn Eclipsed,Blossombind,45,C,Near Mint,0.13,,,,,1,0.13,,0.13,https://user-content.cardcastle.co/uploads/card_user/scanned_image/cdbfd4f4-7a9e-4a02-ab8b-febd9cb3ef96.jpg,,,,82126,,
9090977,Magic,Lorwyn Eclipsed,Scarblade's Malice,119,C,Near Mint,0.07,,,,,1,0.07,,0.07,https://user-content.cardcastle.co/uploads/card_user/scanned_image/31c8589c-4984-45a8-802a-dd6ffeb1b2e6.jpg,,,,82126,,
9073153,Magic,Lorwyn Eclipsed,Burning Curiosity,129,C,Near Mint,0.19,,,,,1,0.19,,0.19,https://user-content.cardcastle.co/uploads/card_user/scanned_image/53a93317-a028-4f18-bdde-2de715257922.jpg,,,,82126,,
9085471,Magic,Lorwyn Eclipsed,Dawn's Light Archer,174,C,Near Mint,0.15,,,,,1,0.15,,0.15,https://user-content.cardcastle.co/uploads/card_user/scanned_image/c6e303f1-499a-442f-9180-0c4ade781362.jpg,,,,82126,,
9077938,Magic,Lorwyn Eclipsed,Liminal Hold,24,C,Near Mint,0.1,,,,,1,0.1,,0.1,https://user-content.cardcastle.co/uploads/card_user/scanned_image/f3360667-b519-4022-9ea1-5ec34bf1f0b8.jpg,,,,82126,,
9088030,Magic,Lorwyn Eclipsed,Encumbered Reejerey,14,U,Near Mint,0.11,,,,,1,0.11,,0.11,https://user-content.cardcastle.co/uploads/card_user/scanned_image/f61d7660-2b5f-4ff0-88c5-ab55748729bc.jpg,,,,82126,,
9066644,Magic,Lorwyn Eclipsed,Voracious Tome-Skimmer,250,U,Near Mint,0.3,,,,,3,0.3,,0.3,https://user-content.cardcastle.co/uploads/card_user/scanned_image/35850be1-78c5-4940-9ae7-600af1f22149.jpg,,,,82126,,
9092642,Magic,Lorwyn Eclipsed,Pummeler for Hire,190,U,Near Mint,0.09,,,,,1,0.09,,0.09,https://user-content.cardcastle.co/uploads/card_user/scanned_image/f2983f98-1709-44d7-8c96-5355c3317f92.jpg,,,,82126,,
9090857,Magic,Lorwyn Eclipsed,Riverguard's Reflexes,33,C,Near Mint,0.17,,,,,1,0.17,,0.17,https://user-content.cardcastle.co/uploads/card_user/scanned_image/dae30b01-3909-440d-b9bc-b30023476bf2.jpg,,,,82126,,
9078578,Magic,Lorwyn Eclipsed,Temporal Cleansing,78,C,Near Mint,0.12,,,,,1,0.12,,0.12,https://user-content.cardcastle.co/uploads/card_user/scanned_image/b6837303-66ca-41f3-9a6d-05137309de7a.jpg,,,,82126,,
9090567,Magic,Lorwyn Eclipsed,Bogslither's Embrace,94,C,Near Mint,0.21,,,,,1,0.21,,0.21,https://user-content.cardcastle.co/uploads/card_user/scanned_image/fbefa9e5-70d5-4ef9-aac4-fb047b348368.jpg,,,,82126,,
9079650,Magic,Lorwyn Eclipsed,Boneclub Berserker,126,C,Near Mint,0.16,,,,,1,0.16,,0.16,https://user-content.cardcastle.co/uploads/card_user/scanned_image/0ea98889-6e82-48d1-a0ec-af8bf98ed40e.jpg,,,,82126,,
9069194,Magic,Lorwyn Eclipsed,Lys Alana Informant,181,C,Near Mint,0.13,,,,,1,0.13,,0.13,https://user-content.cardcastle.co/uploads/card_user/scanned_image/489e7454-cc36-44f9-82f3-7fa2ea8dffa4.jpg,,,,82126,,
9083858,Magic,Lorwyn Eclipsed,Reluctant Dounguard,31,C,Near Mint,0.08,,,,,1,0.08,,0.08,https://user-content.cardcastle.co/uploads/card_user/scanned_image/f3237ac3-87cd-4104-8ed2-d4b443f47f91.jpg,,,,82126,,
9091457,Magic,Lorwyn Eclipsed,Feed the Flames,137,C,Near Mint,0.11,,,,,1,0.11,,0.11,https://user-content.cardcastle.co/uploads/card_user/scanned_image/19625336-dd65-498a-9552-e0d8c4e5c674.jpg,,,,82126,,
9080310,Magic,Lorwyn Eclipsed,Midnight Tilling,182,C,Near Mint,0.22,,,,,1,0.22,,0.22,https://user-content.cardcastle.co/uploads/card_user/scanned_image/d43440a0-d72b-4d1a-9125-e8d9669b45fe.jpg,,,,82126,,
9078118,Magic,Lorwyn Eclipsed,Wanderbrine Preacher,41,C,Near Mint,0.13,,,,,1,0.13,,0.13,https://user-content.cardcastle.co/uploads/card_user/scanned_image/01696398-1a55-4741-b765-49a8768cfefe.jpg,,,,82126,,
385409,Magic,Rise of the Eldrazi,Island (233),233,C,Near Mint,0.29,,,,,1,0.29,,0.29,https://user-content.cardcastle.co/uploads/card_user/scanned_image/edc024da-3919-4fbb-98f9-401ec3069b24.jpg,,,,82126,,
8199983,Magic,Duskmourn: House of Horror,Withering Torment,124,U,Near Mint,2.38,,,,,1,2.38,,2.38,https://user-content.cardcastle.co/uploads/card_user/scanned_image/26ea66d7-1371-4572-8361-87fd4d570891.jpg,,,,82126,,
8803440,Magic,Edge of Eternities,Timeline Culler,121,U,Near Mint,0.36,,,,,2,0.36,,0.36,https://user-content.cardcastle.co/uploads/card_user/scanned_image/0a135a80-4917-4677-a3f8-06f2646337af.jpg,,,,82126,,
8803560,Magic,Edge of Eternities,Voidforged Titan,125,U,Near Mint,0.19,,,,,1,0.19,,0.19,https://user-content.cardcastle.co/uploads/card_user/scanned_image/bcd631dd-6685-41b5-9a71-24ac58a2e14e.jpg,,,,82126,,
8742940,Magic,FINAL FANTASY,Resentful Revelation,114,C,Near Mint,0.25,,,,,1,0.25,,0.25,https://user-content.cardcastle.co/uploads/card_user/scanned_image/8e182c7b-6257-4e7e-a661-18e3ff40cb9a.jpg,,,,82126,,
8724515,Magic,FINAL FANTASY,Poison the Waters,111,U,Near Mint,0.19,,,,,1,0.19,,0.19,https://user-content.cardcastle.co/uploads/card_user/scanned_image/ca2b02f2-a678-4fc9-a938-68853beaa592.jpg,,,,82126,,
8716705,Magic,FINAL FANTASY,Undercity Dire Rat,123,C,Near Mint,0.2,,,,,1,0.2,,0.2,https://user-content.cardcastle.co/uploads/card_user/scanned_image/8d4c1353-cd6f-4b4b-a342-f41f284e5241.jpg,,,,82126,,
8844705,Magic,Edge of Eternities,Gravpack Monoist,104,C,Near Mint,0.13,,,,,3,0.13,,0.13,https://user-content.cardcastle.co/uploads/card_user/scanned_image/84fe3504-fa5c-4256-a4c9-291c13c1bbec.jpg,,,,82126,,
8825391,Magic,Edge of Eternities,Hylderblade,106,U,Near Mint,0.16,,,,,1,0.16,,0.16,https://user-content.cardcastle.co/uploads/card_user/scanned_image/291330a3-c912-4717-87a2-b9e9461fda84.jpg,,,,82126,,
8811832,Magic,Edge of Eternities,Umbral Collar Zealot,123,U,Near Mint,0.38,,,,,1,0.38,,0.38,https://user-content.cardcastle.co/uploads/card_user/scanned_image/22980309-c703-47a5-a7f2-924be672e6d1.jpg,,,,82126,,
8288070,Magic,Foundations,"Zul Ashur, Lich Lord",77,R,Near Mint,0.9,,,,,1,0.9,,0.9,https://user-content.cardcastle.co/uploads/card_user/scanned_image/45375941-76d9-47fd-8a09-db1ad5b9f3c8.jpg,,,,82126,,
8843761,Magic,Edge of Eternities,Scrounge for Eternity,114,U,Near Mint,0.22,,,,,2,0.22,,0.22,https://user-content.cardcastle.co/uploads/card_user/scanned_image/9e2daa54-a84c-44e5-8006-c90fc2c4905d.jpg,,,,82126,,
8803380,Magic,Edge of Eternities,Temporal Intervention,120,C,Near Mint,0.13,,,,,4,0.13,,0.13,https://user-content.cardcastle.co/uploads/card_user/scanned_image/4238e7f5-7a9e-42f1-a607-addc0d3d694b.jpg,,,,82126,,
8844525,Magic,Edge of Eternities,Gravkill,103,C,Near Mint,0.14,,,,,4,0.14,,0.14,https://user-content.cardcastle.co/uploads/card_user/scanned_image/6e8c47e0-b1ef-4062-b80a-0d882ef225e3.jpg,,,,82126,,
7178740,Magic,Universes Beyond: The Lord of the Rings: Tales of Middle-earth,"Grond, the Gatebreaker",89,U,Near Mint,0.21,,,,,1,0.21,,0.21,https://user-content.cardcastle.co/uploads/card_user/scanned_image/fcf65ca8-d93e-4437-a475-624cde4c261c.jpg,,,,82126,,
7168005,Magic,Universes Beyond: The Lord of the Rings: Tales of Middle-earth,Mordor Trebuchet,97,C,Near Mint,0.22,,,,,1,0.22,,0.22,https://user-content.cardcastle.co/uploads/card_user/scanned_image/b61c3c01-1ad2-4e9e-91a9-a0a5df72ca87.jpg,,,,82126,,
7191889,Magic,Universes Beyond: The Lord of the Rings: Tales of Middle-earth,Uruk-hai Berserker,112,C,Near Mint,0.19,,,,,1,0.19,,0.19,https://user-content.cardcastle.co/uploads/card_user/scanned_image/a415a109-c3b9-4270-8001-824c632b425e.jpg,,,,82126,,
8844464,Magic,Edge of Eternities,Gravblade Heavy,102,C,Near Mint,0.09,,,,,4,0.09,,0.09,https://user-content.cardcastle.co/uploads/card_user/scanned_image/4012c069-3ff0-4bb9-8a07-7e578239666b.jpg,,,,82126,,
8843861,Magic,Edge of Eternities,Susurian Dirgecraft,117,U,Near Mint,0.14,,,,,2,0.14,,0.14,https://user-content.cardcastle.co/uploads/card_user/scanned_image/26313b9b-1df9-422b-85bc-29de9618fc29.jpg,,,,82126,,
8821563,Magic,Edge of Eternities,Virus Beetle,124,C,Near Mint,0.19,,,,,3,0.19,,0.19,https://user-content.cardcastle.co/uploads/card_user/scanned_image/e2125daf-4689-484b-ada2-6454c5a1c1bf.jpg,,,,82126,,
6934829,Magic,Phyrexia: All Will Be One,Sheoldred's Edict,108,U,Near Mint,1.48,,,,,1,1.48,,1.48,https://user-content.cardcastle.co/uploads/card_user/scanned_image/96cbb458-7189-45d3-9df4-ceb48f2d89cf.jpg,,,,82126,,
9008505,Magic,Avatar: The Last Airbender,Zuko's Conviction,123,U,Near Mint,0.2,,,,,1,0.2,,0.2,https://user-content.cardcastle.co/uploads/card_user/scanned_image/b6f74014-217d-4fb2-bc03-35603386b6f6.jpg,,,,82126,,
8825516,Magic,Edge of Eternities,Monoist Circuit-Feeder,110,U,Near Mint,0.14,,,,,1,0.14,,0.14,https://user-content.cardcastle.co/uploads/card_user/scanned_image/97160504-cc7b-4dc3-9858-397ae5fea723.jpg,,,,82126,,
8825452,Magic,Edge of Eternities,Lightless Evangel,109,U,Near Mint,0.18,,,,,2,0.18,,0.18,https://user-content.cardcastle.co/uploads/card_user/scanned_image/d632791c-7dec-47ff-818d-f033a4774ccd.jpg,,,,82126,,
8821398,Magic,Edge of Eternities,Fell Gravship,101,U,Near Mint,0.22,,,,,1,0.22,,0.22,https://user-content.cardcastle.co/uploads/card_user/scanned_image/1ed97150-c990-4a10-96e7-945ff04cdd00.jpg,,,,82126,,
9334402,Magic,Commander: Marvel Super Heroes,Venomized Cat,801,C,Near Mint,0.21,,,,,1,0.21,,0.21,https://user-content.cardcastle.co/uploads/card_user/scanned_image/a1af32e8-185c-406e-b446-27feaa88f6a7.jpg,,,,82126,,
8802505,Magic,Edge of Eternities,Tragic Trajectory,122,U,Near Mint,0.28,,,,,2,0.28,,0.28,https://user-content.cardcastle.co/uploads/card_user/scanned_image/fdd78ca8-517c-41fc-88db-5d8950f264c4.jpg,,,,82126,,
8843941,Magic,Edge of Eternities,Susurian Voidborn,118,U,Near Mint,0.23,,,,,2,0.23,,0.23,https://user-content.cardcastle.co/uploads/card_user/scanned_image/4b4e6ded-e93d-4c4f-82ea-16c8a2e6d011.jpg,,,,82126,,
8835999,Magic,Edge of Eternities,Hymn of the Faller,107,U,Near Mint,0.22,,,,,1,0.22,,0.22,https://user-content.cardcastle.co/uploads/card_user/scanned_image/f1fe8c7c-751e-4dd9-bb24-c07d5bef3195.jpg,,,,82126,,
8994043,Magic,Avatar: The Last Airbender,Fire Navy Trebuchet,100,U,Near Mint,0.2,,,,,1,0.2,,0.2,https://user-content.cardcastle.co/uploads/card_user/scanned_image/54e46cb8-0c55-4e7f-835c-5e86bda92b17.jpg,,,,82126,,
8988321,Magic,Avatar: The Last Airbender,Bumi Bash,125,C,Near Mint Foil,0.22,,,,,1,0.22,,0.22,https://user-content.cardcastle.co/uploads/card_user/scanned_image/aa7ee585-a209-4dde-ae12-0e80d90d8500.jpg,,,,82026-2,,
8861935,Magic,Marvel's Spider-Man,Masked Meower,82,C,Near Mint Foil,0.23,,,,,1,0.23,,0.23,https://user-content.cardcastle.co/uploads/card_user/scanned_image/a75aee83-c089-47cb-bfca-59dbdcaf01be.jpg,,,,82026-2,,
8861915,Magic,Marvel's Spider-Man,"Spider-Gwen, Free Spirit",90,C,Near Mint Foil,0.24,,,,,1,0.24,,0.24,https://user-content.cardcastle.co/uploads/card_user/scanned_image/06de5c00-4c94-4932-a33e-701731bef33f.jpg,,,,82026-2,,
8861965,Magic,Marvel's Spider-Man,Shock,88,C,Near Mint Foil,0.3,,,,,2,0.3,,0.3,https://user-content.cardcastle.co/uploads/card_user/scanned_image/cd86e78a-5b68-421b-b6d3-9fd21c597489.jpg,,,,82026-2,,
8919154,Magic,Marvel's Spider-Man,Superior Foes of Spider-Man,96,U,Near Mint Foil,0.21,,,,,1,0.21,,0.21,https://user-content.cardcastle.co/uploads/card_user/scanned_image/99f9f7d9-e787-449e-9f2b-8d504b2c7401.jpg,,,,82026-2,,
8175029,Magic,Duskmourn: House of Horror,Glassworks // Shattered Yard,137,C,Near Mint Foil,0.25,,,,,1,0.25,,0.25,https://user-content.cardcastle.co/uploads/card_user/scanned_image/c0ea85cf-f69e-408b-ba90-8e8825829e65.jpg,,,,82026-2,,
8179743,Magic,Duskmourn: House of Horror,Betrayer's Bargain,126,U,Near Mint Foil,0.16,,,,,1,0.16,,0.16,https://user-content.cardcastle.co/uploads/card_user/scanned_image/803e25d2-6933-4e03-b9fd-437a6761f4a6.jpg,,,,82026-2,,
8208120,Magic,Duskmourn: House of Horror,Bedhead Beastie,125,C,Near Mint Foil,0.11,,,,,1,0.11,,0.11,https://user-content.cardcastle.co/uploads/card_user/scanned_image/1db87399-755e-4196-804c-96f1b1b6d349.jpg,,,,82026-2,,
8175279,Magic,Duskmourn: House of Horror,Vicious Clown,163,C,Near Mint Foil,0.22,,,,,1,0.22,,0.22,https://user-content.cardcastle.co/uploads/card_user/scanned_image/ec949c2e-5cec-4f53-817c-73c9abf1e74e.jpg,,,,82026-2,,
8217313,Magic,Duskmourn: House of Horror,Underwater Tunnel // Slimy Aquarium,79,C,Near Mint Foil,0.26,,,,,1,0.26,,0.26,https://user-content.cardcastle.co/uploads/card_user/scanned_image/292d54fd-a294-4b1b-b32f-a686ee544616.jpg,,,,82026-2,,
8822233,Magic,Edge of Eternities,Remnant Elemental,155,U,Near Mint Foil,0.21,,,,,1,0.21,,0.21,https://user-content.cardcastle.co/uploads/card_user/scanned_image/985be85d-b1cb-42b8-8464-74118dd920f9.jpg,,,,82026-2,,
8841331,Magic,Edge of Eternities,Molecular Modifier,146,U,Near Mint Foil,0.17,,,,,1,0.17,,0.17,https://user-content.cardcastle.co/uploads/card_user/scanned_image/a77c8253-78d7-434f-a29a-fa11d26ab78c.jpg,,,,82026-2,,
8861890,Magic,Marvel's Spider-Man,Stegron the Dinosaur Man,95,C,Near Mint Foil,0.26,,,,,1,0.26,,0.26,https://user-content.cardcastle.co/uploads/card_user/scanned_image/2e6c1f65-9b2a-4a5f-be49-ca58dd54bf69.jpg,,,,82026-2,,
8861880,Magic,Marvel's Spider-Man,"Shocker, Unshakable",89,U,Near Mint Foil,0.31,,,,,1,0.31,,0.31,https://user-content.cardcastle.co/uploads/card_user/scanned_image/1b45c565-73d2-469f-8213-4e9ff30d140f.jpg,,,,82026-2,,
8921863,Magic,Marvel's Spider-Man,"Hobgoblin, Mantled Marauder",80,U,Near Mint Foil,0.34,,,,,1,0.34,,0.34,https://user-content.cardcastle.co/uploads/card_user/scanned_image/f6f053ca-4c48-49fb-ae22-74c9d4f3e495.jpg,,,,82026-2,,
7192134,Magic,Universes Beyond: The Lord of the Rings: Tales of Middle-earth,Warbeast of Gorgoroth,152,C,Near Mint Foil,0.29,,,,,1,0.29,,0.29,https://user-content.cardcastle.co/uploads/card_user/scanned_image/640900cc-37c3-4a63-bfd2-000521d65002.jpg,,,,82026-2,,
8893602,Magic,Avatar: The Last Airbender,Yuyan Archers,161,C,Near Mint Foil,0.16,,,,,2,0.16,,0.16,https://user-content.cardcastle.co/uploads/card_user/scanned_image/9128e7a1-afcb-461a-9c14-7266a31e5401.jpg,,,,82026-2,,
8893722,Magic,Avatar: The Last Airbender,"Zuko, Exiled Prince",163,U,Near Mint Foil,0.3,,,,,1,0.3,,0.3,https://user-content.cardcastle.co/uploads/card_user/scanned_image/77f03353-ba78-4fb2-8ec1-d014b4037dde.jpg,,,,82026-2,,
8888905,Magic,Avatar: The Last Airbender: Eternal-Legal,"Zhao, the Seething Flame (0245)",245,U,Near Mint Foil,0.27,,,,,1,0.27,,0.27,https://user-content.cardcastle.co/uploads/card_user/scanned_image/5e1e6085-960d-4aec-a05d-bcd4b276d507.jpg,,,,82026-2,,
9065709,Magic,Lorwyn Eclipsed,Goatnap,142,U,Near Mint Foil,0.22,,,,,1,0.22,,0.22,https://user-content.cardcastle.co/uploads/card_user/scanned_image/cbe35fdb-03aa-4973-9d55-5d2bd3998fe3.jpg,,,,82026-2,,
9069799,Magic,Lorwyn Eclipsed,Tend the Sprigs,197,C,Near Mint Foil,0.26,,,,,1,0.26,,0.26,https://user-content.cardcastle.co/uploads/card_user/scanned_image/fff506cc-e849-439d-af10-d09cc5ffe2ee.jpg,,,,82026-2,,
8889305,Magic,Avatar: The Last Airbender,Jeong Jeong's Deserters,25,C,Near Mint Foil,0.21,,,,,1,0.21,,0.21,https://user-content.cardcastle.co/uploads/card_user/scanned_image/8e22f4e5-b304-4098-bbe5-16250f7f4cc5.jpg,,,,82026-2,,
,Magic,Avatar: the Last Airbender Art Series,"Joo Dee, One of Many",8,C,Near Mint Foil,,,,,,1,,,,https://user-content.cardcastle.co/uploads/card_user/scanned_image/77374a8a-a0b5-42f2-9b43-e9037453df05.jpg,,,,82026-2,,
8978597,Magic,Avatar: The Last Airbender,Zuko's Exile,3,C,Near Mint Foil,0.33,,,,,1,0.33,,0.33,https://user-content.cardcastle.co/uploads/card_user/scanned_image/a0fa41bc-5932-42a4-a636-7a90003f94d0.jpg,,,,82026-2,,
8991696,Magic,Avatar: The Last Airbender,Foggy Bottom Swamp,269,C,Near Mint Foil,0.24,,,,,1,0.24,,0.24,https://user-content.cardcastle.co/uploads/card_user/scanned_image/cfdf81b4-6221-4c18-897f-613b92a5024e.jpg,,,,82026-2,,
8883290,Magic,Avatar: The Last Airbender,Plains (0287),287,C,Near Mint Foil,0.44,,,,,1,0.44,,0.44,https://user-content.cardcastle.co/uploads/card_user/scanned_image/7be3c579-4be6-42e6-ac1b-be764e215f4c.jpg,,,,82026-2,,
9084206,Magic,Lorwyn Eclipsed,Gravelgill Scoundrel,53,C,Near Mint Foil,0.17,,,,,1,0.17,,0.17,https://user-content.cardcastle.co/uploads/card_user/scanned_image/37b35683-0505-494c-863f-51dbbfa7f1fb.jpg,,,,82026-2,,
9078423,Magic,Lorwyn Eclipsed,Silvergill Peddler,70,C,Near Mint Foil,0.15,,,,,1,0.15,,0.15,https://user-content.cardcastle.co/uploads/card_user/scanned_image/fb0414f0-6afe-47e7-8ef8-d6e5187775f1.jpg,,,,82026-2,,
9079385,Magic,Lorwyn Eclipsed,Requiting Hex,116,U,Near Mint Foil,0.93,,,,,1,0.93,,0.93,https://user-content.cardcastle.co/uploads/card_user/scanned_image/91d8ac79-5e60-4743-abca-f976c601bea7.jpg,,,,82026-2,,
9084506,Magic,Lorwyn Eclipsed,Wild Unraveling,84,C,Near Mint Foil,0.25,,,,,1,0.25,,0.25,https://user-content.cardcastle.co/uploads/card_user/scanned_image/2dcd7e50-11b9-4da0-be17-8adfaea90e62.jpg,,,,82026-2,,
8342125,Magic,Foundations,Involuntary Employment,203,C,Near Mint Foil,0.27,,,,,1,0.27,,0.27,https://user-content.cardcastle.co/uploads/card_user/scanned_image/f4ef76f0-ed52-4453-aece-761480fb9db0.jpg,,,,82026-2,,
8203964,Magic,Duskmourn: House of Horror,Ripchain Razorkin,154,C,Near Mint Foil,0.18,,,,,1,0.18,,0.18,https://user-content.cardcastle.co/uploads/card_user/scanned_image/2aab975e-0cf8-4479-8bab-f3cb7afb82f8.jpg,,,,82026-2,,
8831001,Magic,Edge of Eternities,Invasive Maneuvers,137,U,Near Mint Foil,0.22,,,,,1,0.22,,0.22,https://user-content.cardcastle.co/uploads/card_user/scanned_image/7b40372d-0c7a-44b5-9386-e42b5bb7366c.jpg,,,,82026-2,,
8801455,Magic,Edge of Eternities,Kav Landseeker,138,C,Near Mint Foil,0.11,,,,,1,0.11,,0.11,https://user-content.cardcastle.co/uploads/card_user/scanned_image/672af820-6eb1-4649-8ff7-788774dabe08.jpg,,,,82026-2,,
8976346,Magic,Avatar: The Last Airbender,Cunning Maneuver,130,C,Near Mint Foil,0.2,,,,,1,0.2,,0.2,https://user-content.cardcastle.co/uploads/card_user/scanned_image/e99cced6-e1b0-4fdd-a222-3926f050d6fe.jpg,,,,82026-2,,
8905755,Magic,Marvel's Spider-Man,Raging Goblinoids,85,U,Near Mint Foil,0.25,,,,,1,0.25,,0.25,https://user-content.cardcastle.co/uploads/card_user/scanned_image/21fd792d-f6b8-4528-97ba-7cee64ae795a.jpg,,,,82026-2,,
8861985,Magic,Marvel's Spider-Man,Romantic Rendezvous,86,C,Near Mint Foil,0.28,,,,,4,0.28,,0.28,https://user-content.cardcastle.co/uploads/card_user/scanned_image/f5b8a360-da2c-462d-8cb8-85ed01fc0832.jpg,,,,82026-2,,
8861975,Magic,Marvel's Spider-Man,Electro's Bolt,77,C,Near Mint Foil,0.23,,,,,4,0.23,,0.23,https://user-content.cardcastle.co/uploads/card_user/scanned_image/8ce65525-c769-4136-b378-acf99e55beff.jpg,,,,82026-2,,
8914390,Magic,Marvel's Spider-Man,Heroes' Hangout,79,U,Near Mint Foil,0.29,,,,,2,0.29,,0.29,https://user-content.cardcastle.co/uploads/card_user/scanned_image/81aa4322-8aba-46fa-9167-06f3111a59a7.jpg,,,,82026-2,,
8919154,Magic,Marvel's Spider-Man,Superior Foes of Spider-Man,96,U,Near Mint Foil,0.21,,,,,1,0.21,,0.21,https://user-content.cardcastle.co/uploads/card_user/scanned_image/9ca44efe-608a-45cf-97a7-cb5a9538d191.jpg,,,,82026-2,,
8861965,Magic,Marvel's Spider-Man,Shock,88,C,Near Mint Foil,0.3,,,,,2,0.3,,0.3,https://user-content.cardcastle.co/uploads/card_user/scanned_image/1379a99f-110e-41b1-b61c-7f89122ac64c.jpg,,,,82026-2,,
8861905,Magic,Marvel's Spider-Man: Eternal-Legal,The Mary Janes,15,U,Near Mint Foil,0.29,,,,,2,0.29,,0.29,https://user-content.cardcastle.co/uploads/card_user/scanned_image/7ca87cd4-a504-4e25-8eb4-7ac9e14f089d.jpg,,,,82026-2,,
8920259,Magic,Marvel's Spider-Man,Wisecrack,98,U,Near Mint Foil,0.26,,,,,2,0.26,,0.26,https://user-content.cardcastle.co/uploads/card_user/scanned_image/cee6e906-7296-4834-9e30-82d97d6c1494.jpg,,,,82026-2,,
8861860,Magic,Marvel's Spider-Man,Spider-Islanders,91,C,Near Mint Foil,0.23,,,,,3,0.23,,0.23,https://user-content.cardcastle.co/uploads/card_user/scanned_image/c8d7ba22-08b4-48b9-9017-ba185b9b9cc3.jpg,,,,82026-2,,
8861925,Magic,Marvel's Spider-Man,Angry Rabble,75,C,Near Mint Foil,0.12,,,,,2,0.12,,0.12,https://user-content.cardcastle.co/uploads/card_user/scanned_image/eacec7a4-fed3-4161-a974-cede58a265e5.jpg,,,,82026-2,,
8000745,Magic,Universes Beyond: Assassin's Creed,Overpowering Attack,37,U,Near Mint Foil,1.46,,,,,1,1.46,,1.46,https://user-content.cardcastle.co/uploads/card_user/scanned_image/a375d584-96ca-4984-99dc-d019607e18df.jpg,,,,82026-2,,
4299327,Magic,Theros Beyond Death,"Anax, Hardened in the Forge (Showcase)",264,U,Near Mint Foil,0.32,,,,,1,0.32,,0.32,https://user-content.cardcastle.co/uploads/card_user/scanned_image/23f5740a-2f4c-4831-9248-3f2f1ec33291.jpg,,,,82026-2,,
8988501,Magic,Avatar: The Last Airbender,Fire Nation Cadets,134,C,Near Mint Foil,0.26,,,,,2,0.26,,0.26,https://user-content.cardcastle.co/uploads/card_user/scanned_image/0d656181-d6f3-4eda-92f5-14594195d55d.jpg,,,,82026-2,,
8160724,Magic,Duskmourn: House of Horror,"Norin, Swift Survivalist (0145)",145,U,Near Mint Foil,0.23,,,,,1,0.23,,0.23,https://user-content.cardcastle.co/uploads/card_user/scanned_image/3533e9a0-3e9b-4ba5-8746-6ebe028812b4.jpg,,,,82026-2,,
8164561,Magic,Duskmourn: House of Horror,Turn Inside Out,160,C,Near Mint Foil,0.2,,,,,1,0.2,,0.2,https://user-content.cardcastle.co/uploads/card_user/scanned_image/16503c28-fe3a-4358-990d-6079896bd7f9.jpg,,,,82026-2,,
8179803,Magic,Duskmourn: House of Horror,Fear of Burning Alive,135,U,Near Mint Foil,0.31,,,,,1,0.31,,0.31,https://user-content.cardcastle.co/uploads/card_user/scanned_image/2187f316-cbd3-4cca-95e2-02eb50cd1f84.jpg,,,,82026-2,,
8217493,Magic,Duskmourn: House of Horror,Boilerbilges Ripper,127,C,Near Mint Foil,0.11,,,,,2,0.11,,0.11,https://user-content.cardcastle.co/uploads/card_user/scanned_image/498e2cf4-eaed-41e0-97b2-99265b161b75.jpg,,,,82026-2,,
8295370,Magic,Foundations,Firespitter Whelp (0197),197,U,Near Mint Foil,0.35,,,,,1,0.35,,0.35,https://user-content.cardcastle.co/uploads/card_user/scanned_image/8b0a4de5-624c-46ce-bec2-9d4ace2cb3f8.jpg,,,,82026-2,,
7175645,Magic,Universes Beyond: The Lord of the Rings: Tales of Middle-earth,Foray of Orcs (Borderless),417,U,Near Mint Foil,0.29,,,,,1,0.29,,0.29,https://user-content.cardcastle.co/uploads/card_user/scanned_image/04d9b519-0544-41c3-85fe-fb3d925dab7b.jpg,,,,82026-2,,
8861890,Magic,Marvel's Spider-Man,Stegron the Dinosaur Man,95,C,Near Mint Foil,0.26,,,,,2,0.26,,0.26,https://user-content.cardcastle.co/uploads/card_user/scanned_image/2c6a50be-b5f5-4056-becf-bfefdae391e1.jpg,,,,82026-2,,
8861850,Magic,Marvel's Spider-Man: Eternal-Legal,Rampaging Classmate,16,C,Near Mint Foil,0.28,,,,,2,0.28,,0.28,https://user-content.cardcastle.co/uploads/card_user/scanned_image/51637c28-14c9-401a-be52-668de74cd9d4.jpg,,,,82026-2,,
8841391,Magic,Edge of Eternities,Nebula Dragon,147,C,Near Mint Foil,0.21,,,,,2,0.21,,0.21,https://user-content.cardcastle.co/uploads/card_user/scanned_image/52166506-a3f7-4697-b8e0-375da1f5b4ba.jpg,,,,82026-2,,
8830881,Magic,Edge of Eternities,Full Bore,135,U,Near Mint Foil,0.28,,,,,1,0.28,,0.28,https://user-content.cardcastle.co/uploads/card_user/scanned_image/e213dec4-93fd-4ac1-b804-8e71e6db91d2.jpg,,,,82026-2,,
8825581,Magic,Edge of Eternities,Cut Propulsion,130,U,Near Mint Foil,0.25,,,,,1,0.25,,0.25,https://user-content.cardcastle.co/uploads/card_user/scanned_image/0d96f643-ed9a-4be1-b126-797758aa68c5.jpg,,,,82026-2,,
8840851,Magic,Edge of Eternities,Kavaron Turbodrone,141,C,Near Mint Foil,0.2,,,,,2,0.2,,0.2,https://user-content.cardcastle.co/uploads/card_user/scanned_image/1a4ebbf0-5ba8-45b5-82fd-6a0109e455a2.jpg,,,,82026-2,,
8839471,Magic,Edge of Eternities,Bombard,129,C,Near Mint Foil,0.15,,,,,2,0.15,,0.15,https://user-content.cardcastle.co/uploads/card_user/scanned_image/cc1a619d-0c1e-4d0f-bb4b-bcdda9571f76.jpg,,,,82026-2,,
8208240,Magic,Duskmourn: House of Horror,Violent Urge,164,U,Near Mint Foil,0.41,,,,,1,0.41,,0.41,https://user-content.cardcastle.co/uploads/card_user/scanned_image/2ab2b828-33f6-4b50-ae91-cf1f73b0370d.jpg,,,,82026-2,,
8192201,Magic,Duskmourn: House of Horror,Vengeful Possession,162,U,Near Mint Foil,0.37,,,,,2,0.37,,0.37,https://user-content.cardcastle.co/uploads/card_user/scanned_image/18ae6ed5-405f-4cf5-9328-0b18ccddc7b5.jpg,,,,82026-2,,
8208180,Magic,Duskmourn: House of Horror,Scorching Dragonfire,156,C,Near Mint Foil,0.23,,,,,1,0.23,,0.23,https://user-content.cardcastle.co/uploads/card_user/scanned_image/a03db868-a9c3-4947-894a-781aeb37829c.jpg,,,,82026-2,,
8203964,Magic,Duskmourn: House of Horror,Ripchain Razorkin,154,C,Near Mint Foil,0.18,,,,,2,0.18,,0.18,https://user-content.cardcastle.co/uploads/card_user/scanned_image/15c795d7-6ee6-4177-98b0-30193e0c5a2f.jpg,,,,82026-2,,
8921863,Magic,Marvel's Spider-Man,"Hobgoblin, Mantled Marauder",80,U,Near Mint Foil,0.34,,,,,1,0.34,,0.34,https://user-content.cardcastle.co/uploads/card_user/scanned_image/9685bb7c-ce7e-4102-b582-33e621e215d8.jpg,,,,82026-2,,
7198575,Magic,Universes Beyond: The Lord of the Rings: Tales of Middle-earth,Ranger's Firebrand,143,U,Near Mint Foil,0.31,,,,,1,0.31,,0.31,https://user-content.cardcastle.co/uploads/card_user/scanned_image/0da0c98c-85b4-42ce-b60c-51c4913602f1.jpg,,,,82026-2,,
7165480,Magic,Universes Beyond: The Lord of the Rings: Tales of Middle-earth,Fire of Orthanc,127,C,Near Mint Foil,0.25,,,,,1,0.25,,0.25,https://user-content.cardcastle.co/uploads/card_user/scanned_image/8394b09e-95c5-4a68-955f-ce8ecc569a91.jpg,,,,82026-2,,
7166690,Magic,Universes Beyond: The Lord of the Rings: Tales of Middle-earth,"Grishnakh, Brash Instigator",134,U,Near Mint Foil,0.39,,,,,1,0.39,,0.39,https://user-content.cardcastle.co/uploads/card_user/scanned_image/580e6577-8593-477b-8988-f3b94504eaee.jpg,,,,82026-2,,
8192141,Magic,Duskmourn: House of Horror,Trial of Agony,159,U,Near Mint Foil,0.23,,,,,1,0.23,,0.23,https://user-content.cardcastle.co/uploads/card_user/scanned_image/a463ede1-5b47-4845-ab9d-a747e4e5b804.jpg,,,,82026-2,,
8191961,Magic,Duskmourn: House of Horror,Piggy Bank,148,U,Near Mint Foil,0.29,,,,,1,0.29,,0.29,https://user-content.cardcastle.co/uploads/card_user/scanned_image/20ec2ace-afe2-407b-a9a4-b1559d4d5ee1.jpg,,,,82026-2,,
8191901,Magic,Duskmourn: House of Horror,Most Valuable Slayer,144,C,Near Mint Foil,0.12,,,,,1,0.12,,0.12,https://user-content.cardcastle.co/uploads/card_user/scanned_image/b5fe9a98-4321-44e5-8de2-6ffe6800aef4.jpg,,,,82026-2,,
8200263,Magic,Duskmourn: House of Horror,Rampaging Soulrager,151,C,Near Mint Foil,0.07,,,,,1,0.07,,0.07,https://user-content.cardcastle.co/uploads/card_user/scanned_image/018e2242-ba1e-44ec-a428-23921e8348c7.jpg,,,,82026-2,,
8977072,Magic,Avatar: The Last Airbender,Fire Nation Attacks (Borderless),299,U,Near Mint Foil,0.41,,,,,1,0.41,,0.41,https://user-content.cardcastle.co/uploads/card_user/scanned_image/d285d4d1-182d-433a-befe-f89ae5a9dff0.jpg,,,,82026-2,,
8888585,Magic,Avatar: The Last Airbender: Eternal-Legal,Dragon Moose (0235),235,C,Near Mint Foil,0.27,,,,,1,0.27,,0.27,https://user-content.cardcastle.co/uploads/card_user/scanned_image/1068c4ee-1031-4fc3-9458-9adb7031fae3.jpg,,,,82026-2,,
8861880,Magic,Marvel's Spider-Man,"Shocker, Unshakable",89,U,Near Mint Foil,0.31,,,,,1,0.31,,0.31,https://user-content.cardcastle.co/uploads/card_user/scanned_image/5ea34db0-a82d-49ee-82cc-f5160e000b85.jpg,,,,82026-2,,
9336972,Magic,Commander: Marvel Super Heroes,Taxi Driver,811,C,Near Mint Foil,0.19,,,,,1,0.19,,0.19,https://user-content.cardcastle.co/uploads/card_user/scanned_image/9ecd0a5d-b4a1-4f3a-b08f-024995b8cbbf.jpg,,,,82026-2,,
9006478,Magic,Avatar: The Last Airbender,Boar-q-pine,124,C,Near Mint Foil,0.26,,,,,2,0.26,,0.26,https://user-content.cardcastle.co/uploads/card_user/scanned_image/953c4016-edc3-455d-aa13-8d760d31219b.jpg,,,,82026-2,,
8989046,Magic,Avatar: The Last Airbender,Jet's Brainwashing,143,U,Near Mint Foil,0.23,,,,,2,0.23,,0.23,https://user-content.cardcastle.co/uploads/card_user/scanned_image/664a8515-edce-47cf-a9fb-281fd9b51818.jpg,,,,82026-2,,
8893442,Magic,Avatar: The Last Airbender,Mongoose Lizard,148,C,Near Mint Foil,0.16,,,,,1,0.16,,0.16,https://user-content.cardcastle.co/uploads/card_user/scanned_image/4b138d4f-e398-4692-9b44-101226529a8e.jpg,,,,82026-2,,
8893502,Magic,Avatar: The Last Airbender,Rough Rhino Cavalry,152,C,Near Mint Foil,0.17,,,,,2,0.17,,0.17,https://user-content.cardcastle.co/uploads/card_user/scanned_image/ad236b7b-670b-4b9c-9fee-1220857974d8.jpg,,,,82026-2,,
8634754,Magic,Tarkir: Dragonstorm,Channeled Dragonfire,102,U,Near Mint Foil,0.29,,,,,1,0.29,,0.29,https://user-content.cardcastle.co/uploads/card_user/scanned_image/f251c021-81d8-47c1-aa57-1f10795cafeb.jpg,,,,82026-2,,
7213643,Magic,Universes Beyond: The Lord of the Rings: Tales of Middle-earth,Erebor Flamesmith,122,C,Near Mint Foil,0.97,,,,,1,0.97,,0.97,https://user-content.cardcastle.co/uploads/card_user/scanned_image/f23b18a4-2c67-4ad0-afc8-702944350747.jpg,,,,82026-2,,
8917714,Magic,Marvel's Spider-Man,"Molten Man, Inferno Incarnate",84,U,Near Mint Foil,0.25,,,,,1,0.25,,0.25,https://user-content.cardcastle.co/uploads/card_user/scanned_image/3551cb8e-d2cd-406d-8646-66e0682b09ff.jpg,,,,82026-2,,
9078303,Magic,Lorwyn Eclipsed,Kulrath Mystic,56,C,Near Mint Foil,0.09,,,,,1,0.09,,0.09,https://user-content.cardcastle.co/uploads/card_user/scanned_image/6b63565c-6e0b-49fa-9e4d-9a529fc05f89.jpg,,,,82026-2,,
9068589,Magic,Lorwyn Eclipsed,Swamp (0271),271,C,Near Mint Foil,0.29,,,,,1,0.29,,0.29,https://user-content.cardcastle.co/uploads/card_user/scanned_image/39ebcd97-1759-4f14-94cb-570dd99b9042.jpg,,,,82026-2,,
9083588,Magic,Lorwyn Eclipsed,Clachan Festival,10,U,Near Mint Foil,0.26,,,,,1,0.26,,0.26,https://user-content.cardcastle.co/uploads/card_user/scanned_image/feed0d9e-e90e-4d3b-b47f-d105d59cdfb4.jpg,,,,82026-2,,
9078263,Magic,Lorwyn Eclipsed,Glamer Gifter,49,U,Near Mint Foil,0.31,,,,,2,0.31,,0.31,https://user-content.cardcastle.co/uploads/card_user/scanned_image/bd19fad5-0ae2-47e3-b12c-74987773be17.jpg,,,,82026-2,,
9079655,Magic,Lorwyn Eclipsed,Boneclub Berserker,126,C,Near Mint Foil,0.27,,,,,1,0.27,,0.27,https://user-content.cardcastle.co/uploads/card_user/scanned_image/e6784761-6d9c-4200-b0d8-6f83c0c7eceb.jpg,,,,82026-2,,
9064028,Magic,Lorwyn Eclipsed,Appeal to Eirdu,5,C,Near Mint Foil,0.14,,,,,2,0.14,,0.14,https://user-content.cardcastle.co/uploads/card_user/scanned_image/1acf5a9a-6bef-46b4-990e-07aea14eb587.jpg,,,,82026-2,,
9079955,Magic,Lorwyn Eclipsed,Assert Perfection,164,C,Near Mint Foil,0.19,,,,,1,0.19,,0.19,https://user-content.cardcastle.co/uploads/card_user/scanned_image/65253057-bcd6-437b-97dd-eb8c6b9b1b95.jpg,,,,82026-2,,
9068899,Magic,Lorwyn Eclipsed,Mountain (0272),272,C,Near Mint Foil,0.24,,,,,1,0.24,,0.24,https://user-content.cardcastle.co/uploads/card_user/scanned_image/77b3e252-4340-4655-a346-4e1be1681ff3.jpg,,,,82026-2,,
9066649,Magic,Lorwyn Eclipsed,Voracious Tome-Skimmer,250,U,Near Mint Foil,0.33,,,,,1,0.33,,0.33,https://user-content.cardcastle.co/uploads/card_user/scanned_image/54cb84cb-8fd9-477f-a49d-519ce8ed7aaa.jpg,,,,82026-2,,
9078063,Magic,Lorwyn Eclipsed,Shore Lurker,34,C,Near Mint Foil,0.15,,,,,1,0.15,,0.15,https://user-content.cardcastle.co/uploads/card_user/scanned_image/eee2a868-100a-412b-bd78-5472d82f686b.jpg,,,,82026-2,,
9075536,Magic,Lorwyn Eclipsed,Eclipsed Flamekin,219,U,Near Mint Foil,0.27,,,,,1,0.27,,0.27,https://user-content.cardcastle.co/uploads/card_user/scanned_image/ba84dbb3-f2df-4872-8d17-038dba42160d.jpg,,,,82026-2,,
9084446,Magic,Lorwyn Eclipsed,Tanufel Rimespeaker,77,U,Near Mint Foil,0.29,,,,,1,0.29,,0.29,https://user-content.cardcastle.co/uploads/card_user/scanned_image/74756ca6-9e55-48c8-8813-48e0fbcf5bde.jpg,,,,82026-2,,
9083863,Magic,Lorwyn Eclipsed,Reluctant Dounguard,31,C,Near Mint Foil,0.14,,,,,1,0.14,,0.14,https://user-content.cardcastle.co/uploads/card_user/scanned_image/a20d59fe-2e74-4d8c-a929-57209d634a03.jpg,,,,82026-2,,
9080855,Magic,Lorwyn Eclipsed,Surly Farrier,196,C,Near Mint Foil,0.13,,,,,1,0.13,,0.13,https://user-content.cardcastle.co/uploads/card_user/scanned_image/f9bb32af-0506-49db-9db8-62a7c1666f15.jpg,,,,82026-2,,
9091972,Magic,Lorwyn Eclipsed,Sting-Slinger,161,U,Near Mint Foil,0.26,,,,,1,0.26,,0.26,https://user-content.cardcastle.co/uploads/card_user/scanned_image/62a7d65a-6b3f-4be2-b599-6e8578a17670.jpg,,,,82026-2,,
9079325,Magic,Lorwyn Eclipsed,Heirloom Auntie,107,C,Near Mint Foil,0.22,,,,,1,0.22,,0.22,https://user-content.cardcastle.co/uploads/card_user/scanned_image/b5b66e33-8e75-45fe-8650-7efa02d506ac.jpg,,,,82026-2,,
9085286,Magic,Lorwyn Eclipsed,Kulrath Zealot,148,C,Near Mint Foil,0.24,,,,,2,0.24,,0.24,https://user-content.cardcastle.co/uploads/card_user/scanned_image/4d34a22a-5b4f-47f2-a023-73a0c9ddb379.jpg,,,,82026-2,,
9065769,Magic,Lorwyn Eclipsed,Moonglove Extractor,109,C,Near Mint Foil,0.18,,,,,1,0.18,,0.18,https://user-content.cardcastle.co/uploads/card_user/scanned_image/bb56ae24-c735-4f4e-8dc6-23bbac9371fb.jpg,,,,82026-2,,
9082277,Magic,Lorwyn Eclipsed,Gristle Glutton,144,C,Near Mint Foil,0.27,,,,,1,0.27,,0.27,https://user-content.cardcastle.co/uploads/card_user/scanned_image/f74f288f-2e35-4672-b64a-fb1761402c4e.jpg,,,,82026-2,,
9087915,Magic,Lorwyn Eclipsed,Morcant's Loyalist,236,U,Near Mint Foil,0.36,,,,,1,0.36,,0.36,https://user-content.cardcastle.co/uploads/card_user/scanned_image/bbb416f1-b7a9-4816-9953-f7f8852d09cf.jpg,,,,82026-2,,
9090572,Magic,Lorwyn Eclipsed,Bogslither's Embrace,94,C,Near Mint Foil,0.26,,,,,1,0.26,,0.26,https://user-content.cardcastle.co/uploads/card_user/scanned_image/d644be58-53fa-4787-8a5b-9fe8b6657fc0.jpg,,,,82026-2,,
9083808,Magic,Lorwyn Eclipsed,Meanders Guide,25,U,Near Mint Foil,0.28,,,,,1,0.28,,0.28,https://user-content.cardcastle.co/uploads/card_user/scanned_image/81f9d0b7-844f-4c86-96a5-8b1b685ea3b5.jpg,,,,82026-2,,
9078223,Magic,Lorwyn Eclipsed,Blossombind,45,C,Near Mint Foil,0.27,,,,,1,0.27,,0.27,https://user-content.cardcastle.co/uploads/card_user/scanned_image/2f6e7ab5-fc3c-4ca0-b97c-6c24a27da3e4.jpg,,,,82026-2,,
8975986,Magic,Avatar: The Last Airbender,Mountain (0295),295,C,Near Mint Foil,0.59,,,,,1,0.59,,0.59,https://user-content.cardcastle.co/uploads/card_user/scanned_image/d255fb7b-726d-4728-ac1c-77787d4d4dfc.jpg,,,,82026-2,,
9000436,Magic,Avatar: The Last Airbender: Eternal-Legal,"Bosco, Just a Bear",132,U,Near Mint Foil,3.56,,,,,1,3.56,,3.56,https://user-content.cardcastle.co/uploads/card_user/scanned_image/3e7caf82-5b60-4989-82e9-ffe985b3897d.jpg,,,,82026-2,,
8888865,Magic,Avatar: The Last Airbender: Eternal-Legal,Warship Scout (0244),244,C,Near Mint Foil,0.3,,,,,2,0.3,,0.3,https://user-content.cardcastle.co/uploads/card_user/scanned_image/aa517883-1e30-46a8-b34d-2ed83ff3837f.jpg,,,,82026-2,,
8977417,Magic,Avatar: The Last Airbender,Allies at Last,164,U,Near Mint Foil,0.31,,,,,1,0.31,,0.31,https://user-content.cardcastle.co/uploads/card_user/scanned_image/105bca3c-c22a-411a-a680-8b37b9a94e30.jpg,,,,82026-2,,
8883075,Magic,Avatar: The Last Airbender,Fire Nation Attacks,133,U,Near Mint Foil,0.27,,,,,1,0.27,,0.27,https://user-content.cardcastle.co/uploads/card_user/scanned_image/8596c8ad-ff46-458b-845e-716737f2d503.jpg,,,,82026-2,,
8974464,Magic,Avatar: The Last Airbender,North Pole Patrol,65,U,Near Mint Foil,0.32,,,,,1,0.32,,0.32,https://user-content.cardcastle.co/uploads/card_user/scanned_image/c3004847-ffea-4258-be17-e03d8c8223ba.jpg,,,,82026-2,,
8990751,Magic,Avatar: The Last Airbender,Callous Inspector,89,C,Near Mint Foil,0.2,,,,,1,0.2,,0.2,https://user-content.cardcastle.co/uploads/card_user/scanned_image/c2ae5625-792e-407d-9f3b-cd0b3a37072d.jpg,,,,82026-2,,
8894172,Magic,Avatar: The Last Airbender,Ostrich-Horse,188,C,Near Mint Foil,0.15,,,,,1,0.15,,0.15,https://user-content.cardcastle.co/uploads/card_user/scanned_image/28e4811a-faac-4bf1-a5c5-3e972158837b.jpg,,,,82026-2,,
,Magic,Avatar: the Last Airbender Art Series,Plains,50,C,Near Mint Foil,,,,,,1,,,,https://user-content.cardcastle.co/uploads/card_user/scanned_image/3f985e50-206c-43c0-a01d-99c847c47561.jpg,,,,82026-2,,
9002556,Magic,Avatar: The Last Airbender: Eternal-Legal,"Zuko, Seeking Honor",150,U,Near Mint Foil,1.3,,,,,1,1.3,,1.3,https://user-content.cardcastle.co/uploads/card_user/scanned_image/13dfdc27-64a5-480f-97a1-bb39ef5360f3.jpg,,,,82026-2,,
8888665,Magic,Avatar: The Last Airbender: Eternal-Legal,Fire Nation Soldier (0238),238,C,Near Mint Foil,0.28,,,,,2,0.28,,0.28,https://user-content.cardcastle.co/uploads/card_user/scanned_image/348846b0-fb5b-4ce5-9487-a648a8463a55.jpg,,,,82026-2,,
8889565,Magic,Avatar: The Last Airbender,"Suki, Kyoshi Warrior",243,U,Near Mint Foil,0.32,,,,,1,0.32,,0.32,https://user-content.cardcastle.co/uploads/card_user/scanned_image/53fdae9b-8e21-4dc7-a5c0-d9fb13998ff9.jpg,,,,82026-2,,
8890087,Magic,Avatar: The Last Airbender,Master Pakku,63,U,Near Mint Foil,0.24,,,,,1,0.24,,0.24,https://user-content.cardcastle.co/uploads/card_user/scanned_image/a7f4d228-96e4-432c-a066-dfc654a0e2e8.jpg,,,,82026-2,,
9006174,Magic,Avatar: The Last Airbender,Water Tribe Captain,41,C,Near Mint Foil,0.18,,,,,1,0.18,,0.18,https://user-content.cardcastle.co/uploads/card_user/scanned_image/adcc2633-989d-470c-aabd-129a23198c94.jpg,,,,82026-2,,
9093247,Magic,Lorwyn Eclipsed,Mischievous Sneakling,235,C,Near Mint Foil,0.27,,,,,1,0.27,,0.27,https://user-content.cardcastle.co/uploads/card_user/scanned_image/97f071e1-28eb-45df-8780-14298c86f016.jpg,,,,82026-2,,
9080015,Magic,Lorwyn Eclipsed,Tweeze,162,C,Near Mint Foil,0.17,,,,,1,0.17,,0.17,https://user-content.cardcastle.co/uploads/card_user/scanned_image/e10f7bb8-5d5e-4083-b789-5b316cd5d557.jpg,,,,82026-2,,
9077823,Magic,Lorwyn Eclipsed,Gallant Fowlknight,17,C,Near Mint Foil,0.15,,,,,1,0.15,,0.15,https://user-content.cardcastle.co/uploads/card_user/scanned_image/e9e16cf4-54a2-47a2-8b50-14869d71acb1.jpg,,,,82026-2,,
9078965,Magic,Lorwyn Eclipsed,Bile-Vial Boggart,87,C,Near Mint Foil,0.23,,,,,1,0.23,,0.23,https://user-content.cardcastle.co/uploads/card_user/scanned_image/c85338f9-4a0a-455e-90ee-33bccd57ea9f.jpg,,,,82026-2,,
8841691,Magic,Edge of Eternities,Roving Actuator,157,U,Near Mint Foil,0.15,,,,,2,0.15,,0.15,https://user-content.cardcastle.co/uploads/card_user/scanned_image/e9764f27-13d6-4db4-9c11-000ce8667403.jpg,,,,82026-2,,
8840731,Magic,Edge of Eternities,Kavaron Skywarden,140,C,Near Mint Foil,0.15,,,,,1,0.15,,0.15,https://user-content.cardcastle.co/uploads/card_user/scanned_image/dde22fce-e295-45fe-9977-26b2782f30fd.jpg,,,,82026-2,,
8822233,Magic,Edge of Eternities,Remnant Elemental,155,U,Near Mint Foil,0.21,,,,,1,0.21,,0.21,https://user-content.cardcastle.co/uploads/card_user/scanned_image/b301b618-ebc7-4ed8-89a4-254db1d19f30.jpg,,,,82026-2,,
9001056,Magic,Avatar: The Last Airbender: Eternal-Legal,"Moku, Meandering Drummer",122,U,Near Mint Foil,0.32,,,,,1,0.32,,0.32,https://user-content.cardcastle.co/uploads/card_user/scanned_image/215d2a0c-b211-4a89-9a3c-c794b34350db.jpg,,,,82026-2,,
9284441,Magic,Foundations,Goblin Negotiation,88,U,Near Mint Foil,0.36,,,,,1,0.36,,0.36,https://user-content.cardcastle.co/uploads/card_user/scanned_image/e6b3a1d4-c1a0-4bef-bbf2-4c38f573c693.jpg,,,,82026-2,,
8339390,Magic,Foundations,Crackling Cyclops,83,C,Near Mint Foil,0.16,,,,,1,0.16,,0.16,https://user-content.cardcastle.co/uploads/card_user/scanned_image/20565ee7-a28f-4d76-9c67-cc10986c40d9.jpg,,,,82026-2,,
8186859,Magic,Duskmourn: House of Horror,Irreverent Gremlin,142,U,Near Mint Foil,0.23,,,,,1,0.23,,0.23,https://user-content.cardcastle.co/uploads/card_user/scanned_image/4f1f2964-06aa-4c4c-ba1e-d8a01660fa1b.jpg,,,,82026-2,,
8179743,Magic,Duskmourn: House of Horror,Betrayer's Bargain,126,U,Near Mint Foil,0.16,,,,,1,0.16,,0.16,https://user-content.cardcastle.co/uploads/card_user/scanned_image/66076297-59f8-474c-bf32-700e70901bd1.jpg,,,,82026-2,,
8644008,Magic,Tarkir: Dragonstorm,Fire-Rim Form,107,C,Near Mint Foil,0.12,,,,,3,0.12,,0.12,https://user-content.cardcastle.co/uploads/card_user/scanned_image/428c89c8-453f-4782-9af3-46310e5cfc35.jpg,,,,82026-2,,
7942099,Magic,Modern Horizons 3,Reckless Pyrosurfer,133,U,Near Mint Foil,0.34,,,,,1,0.34,,0.34,https://user-content.cardcastle.co/uploads/card_user/scanned_image/94aafb71-ae02-45b1-b99f-b2258f5c341e.jpg,,,,82026-2,,
7191974,Magic,Universes Beyond: The Lord of the Rings: Tales of Middle-earth,Battle-Scarred Goblin,115,C,Near Mint Foil,0.18,,,,,1,0.18,,0.18,https://user-content.cardcastle.co/uploads/card_user/scanned_image/36b80386-6e60-4e59-ba49-4adde6b3b7bf.jpg,,,,82026-2,,
8893722,Magic,Avatar: The Last Airbender,"Zuko, Exiled Prince",163,U,Near Mint Foil,0.3,,,,,1,0.3,,0.3,https://user-content.cardcastle.co/uploads/card_user/scanned_image/6df8437e-a825-46e3-851d-1cdb9a3fb0a0.jpg,,,,82026-2,,
8888745,Magic,Avatar: The Last Airbender: Eternal-Legal,"Iroh, Firebending Instructor (0240)",240,U,Near Mint Foil,0.95,,,,,1,0.95,,0.95,https://user-content.cardcastle.co/uploads/card_user/scanned_image/41358e53-21e3-4a5d-b953-05cace31a84c.jpg,,,,82026-2,,
8989989,Magic,Avatar: The Last Airbender,"Mai, Jaded Edge",147,U,Near Mint Foil,0.32,,,,,1,0.32,,0.32,https://user-content.cardcastle.co/uploads/card_user/scanned_image/5ddad997-ab71-43a9-af2d-c0372de5c516.jpg,,,,82026-2,,
8814607,Magic,Edge of Eternities,Galvanizing Sawship,136,U,Near Mint Foil,0.28,,,,,1,0.28,,0.28,https://user-content.cardcastle.co/uploads/card_user/scanned_image/455290ad-1c5c-43ad-ad38-958e553b3abc.jpg,,,,82026-2,,
8990871,Magic,Avatar: The Last Airbender,"Jeong Jeong, the Deserter",142,U,Near Mint Foil,0.32,,,,,1,0.32,,0.32,https://user-content.cardcastle.co/uploads/card_user/scanned_image/70c8df98-6762-4fd0-bfa3-5aeb8305fb55.jpg,,,,82026-2,,
8888545,Magic,Avatar: The Last Airbender: Eternal-Legal,Capital Guard (0234),234,C,Near Mint Foil,0.26,,,,,1,0.26,,0.26,https://user-content.cardcastle.co/uploads/card_user/scanned_image/4c846764-6ef3-48c7-8b7c-8312af9cf890.jpg,,,,82026-2,,
8976226,Magic,Avatar: The Last Airbender,The Cave of Two Lovers,126,U,Near Mint Foil,0.31,,,,,1,0.31,,0.31,https://user-content.cardcastle.co/uploads/card_user/scanned_image/a5ea2682-c6b0-4202-80f0-c9cb2537b3fa.jpg,,,,82026-2,,
8989106,Magic,Avatar: The Last Airbender,Price of Freedom,149,U,Near Mint Foil,0.81,,,,,1,0.81,,0.81,https://user-content.cardcastle.co/uploads/card_user/scanned_image/5d3a48d3-48b8-4a42-8d5c-73b6c32d5622.jpg,,,,82026-2,,
8989168,Magic,Avatar: The Last Airbender,Treetop Freedom Fighters,156,C,Near Mint Foil,0.17,,,,,1,0.17,,0.17,https://user-content.cardcastle.co/uploads/card_user/scanned_image/7d8fe0c8-2288-4c8b-9258-1c006c4f9f89.jpg,,,,82026-2,,
8628655,Magic,Tarkir: Dragonstorm,Underfoot Underdogs,129,C,Near Mint Foil,0.19,,,,,1,0.19,,0.19,https://user-content.cardcastle.co/uploads/card_user/scanned_image/794875a6-ca99-4e35-9c18-3b3b6db15d4f.jpg,,,,82026-2,,
8628715,Magic,Tarkir: Dragonstorm,War Effort,131,U,Near Mint Foil,0.28,,,,,1,0.28,,0.28,https://user-content.cardcastle.co/uploads/card_user/scanned_image/552841ce-a5c4-4fde-97a6-23a77f05b742.jpg,,,,82026-2,,
8649460,Magic,Tarkir: Dragonstorm,Overwhelming Surge,115,U,Near Mint Foil,0.34,,,,,1,0.34,,0.34,https://user-content.cardcastle.co/uploads/card_user/scanned_image/a7f09849-bd3e-44b1-87a0-04159bf74b80.jpg,,,,82026-2,,
8649220,Magic,Tarkir: Dragonstorm,Fleeting Effigy,108,U,Near Mint Foil,0.23,,,,,2,0.23,,0.23,https://user-content.cardcastle.co/uploads/card_user/scanned_image/7b0af8a3-609c-4063-ba1d-f43b8c278e0c.jpg,,,,82026-2,,
8644128,Magic,Tarkir: Dragonstorm,Molten Exhale,113,C,Near Mint Foil,0.28,,,,,1,0.28,,0.28,https://user-content.cardcastle.co/uploads/card_user/scanned_image/2fc3aac9-1b55-4dc0-b304-4242e3171296.jpg,,,,82026-2,,
8638815,Magic,Tarkir: Dragonstorm,Stormshriek Feral (Showcase),304,C,Near Mint Foil,0.25,,,,,1,0.25,,0.25,https://user-content.cardcastle.co/uploads/card_user/scanned_image/ee604ee7-9358-43f4-997d-4b3fffa1b105.jpg,,,,82026-2,,
8644068,Magic,Tarkir: Dragonstorm,Meticulous Artisan,112,C,Near Mint Foil,0.09,,,,,1,0.09,,0.09,https://user-content.cardcastle.co/uploads/card_user/scanned_image/2b9a8066-3856-46e6-9698-56c7ff9f8d2e.jpg,,,,82026-2,,
8616968,Magic,Tarkir: Dragonstorm,Devoted Duelist,104,C,Near Mint Foil,0.22,,,,,1,0.22,,0.22,https://user-content.cardcastle.co/uploads/card_user/scanned_image/70d450a5-0494-493f-b27e-0e9916fe9428.jpg,,,,82026-2,,
8840551,Magic,Edge of Eternities,Frontline War-Rager,134,C,Near Mint Foil,0.14,,,,,1,0.14,,0.14,https://user-content.cardcastle.co/uploads/card_user/scanned_image/ce3f3aca-b77d-4a57-9af8-77a7ae1545a3.jpg,,,,82026-2,,
,Magic,Assassin's Creed,Hidden Footblade,216,U,Near Mint Foil,0.93,,,,,1,0.93,,0.93,https://user-content.cardcastle.co/uploads/card_user/scanned_image/1980d31b-0ba5-4b8d-b38a-bf4544b7f788.jpg,,,,82026-2,,
7993232,Magic,Universes Beyond: Assassin's Creed,Origin of the Hidden Ones,36,U,Near Mint Foil,0.29,,,,,1,0.29,,0.29,https://user-content.cardcastle.co/uploads/card_user/scanned_image/1e73b31e-6745-45c8-9f7c-48c49669454a.jpg,,,,82026-2,,
,Magic,Assassin's Creed,Monastery Raid,217,U,Near Mint Foil,0.35,,,,,1,0.35,,0.35,https://user-content.cardcastle.co/uploads/card_user/scanned_image/aaf17b4a-4e17-4795-b6b0-04743e492f44.jpg,,,,82026-2,,
8001465,Magic,Universes Beyond: Assassin's Creed,Monastery Raid,35,U,Near Mint Foil,0.22,,,,,1,0.22,,0.22,https://user-content.cardcastle.co/uploads/card_user/scanned_image/601f8bff-6f83-45a4-90f8-15a35ccc2bb7.jpg,,,,82026-2,,
8005005,Magic,Universes Beyond: Assassin's Creed,Cathartic Reunion,94,U,Near Mint Foil,0.33,,,,,1,0.33,,0.33,https://user-content.cardcastle.co/uploads/card_user/scanned_image/0ffb7d29-801f-4e8b-bfbf-0e32ec255029.jpg,,,,82026-2,,
8005735,Magic,Universes Beyond: Assassin's Creed,"Alexios, Deimos of Kosmos (Showcase)",134,U,Near Mint Foil,0.37,,,,,1,0.37,,0.37,https://user-content.cardcastle.co/uploads/card_user/scanned_image/1d0d9261-5d45-4b5d-bed7-eed1695f0158.jpg,,,,82026-2,,
,Magic,Avatar: the Last Airbender Art Series,Fire Lord Ozai,27,C,Near Mint,2.21,,,,,1,2.21,,2.21,https://user-content.cardcastle.co/uploads/card_user/scanned_image/573878c5-31da-4100-ad00-a6011f423aa3.jpg,,,,82026-2,,
8299967,Magic,Foundations,Burst Lightning,192,C,Near Mint,0.23,,,,,2,0.23,,0.23,https://user-content.cardcastle.co/uploads/card_user/scanned_image/ff9c7af5-fdf7-4dda-b6f2-ab8a536fac08.jpg,,,,82026-2,,
8341365,Magic,Foundations,Goblin Boarders,87,C,Near Mint,0.17,,,,,1,0.17,,0.17,https://user-content.cardcastle.co/uploads/card_user/scanned_image/4e6f87a3-236c-4112-9d58-b07acc6cd6ee.jpg,,,,82026-2,,
8186769,Magic,Duskmourn: House of Horror,Hand That Feeds,139,C,Near Mint,0.1,,,,,1,0.1,,0.1,https://user-content.cardcastle.co/uploads/card_user/scanned_image/00636e42-3e0a-458f-bb3a-86b5a6f5e2a4.jpg,,,,82026-2,,
7213438,Magic,Universes Beyond: The Lord of the Rings: Tales of Middle-earth,Escape from Orthanc,12,C,Near Mint,0.17,,,,,1,0.17,,0.17,https://user-content.cardcastle.co/uploads/card_user/scanned_image/d19f4388-762a-4adb-8187-997d3921e959.jpg,,,,82026-2,,
8200233,Magic,Duskmourn: House of Horror,Rampaging Soulrager,151,C,Near Mint,0.05,,,,,1,0.05,,0.05,https://user-content.cardcastle.co/uploads/card_user/scanned_image/29969754-3f00-476a-ad14-d281715ea4d7.jpg,,,,82026-2,,
8174999,Magic,Duskmourn: House of Horror,Glassworks // Shattered Yard,137,C,Near Mint,0.22,,,,,1,0.22,,0.22,https://user-content.cardcastle.co/uploads/card_user/scanned_image/d1bae569-4c08-4a19-9cf1-ea27072d4abf.jpg,,,,82026-2,,
8830876,Magic,Edge of Eternities,Full Bore,135,U,Near Mint,0.27,,,,,1,0.27,,0.27,https://user-content.cardcastle.co/uploads/card_user/scanned_image/e2f794c8-3c81-4075-b2ca-18172a8d3d8b.jpg,,,,82026-2,,
8217668,Magic,Duskmourn: House of Horror,Ticket Booth // Tunnel of Hate,158,C,Near Mint,0.17,,,,,1,0.17,,0.17,https://user-content.cardcastle.co/uploads/card_user/scanned_image/04894b64-304c-4382-96c4-bd750607665a.jpg,,,,82026-2,,
8179713,Magic,Duskmourn: House of Horror,Betrayer's Bargain,126,U,Near Mint,0.17,,,,,1,0.17,,0.17,https://user-content.cardcastle.co/uploads/card_user/scanned_image/ecc9f9ea-7cb1-44ba-bca1-470a741b0fd4.jpg,,,,82026-2,,
8645674,Magic,Tarkir: Dragonstorm,Zurgo's Vanguard,133,U,Near Mint,0.27,,,,,1,0.27,,0.27,https://user-content.cardcastle.co/uploads/card_user/scanned_image/1d650f76-a107-47b7-8acd-fb151f33e32c.jpg,,,,82026-2,,
8644063,Magic,Tarkir: Dragonstorm,Meticulous Artisan,112,C,Near Mint,0.06,,,,,1,0.06,,0.06,https://user-content.cardcastle.co/uploads/card_user/scanned_image/b1603c64-3f67-45df-be26-1420ce1a019c.jpg,,,,82026-2,,
8822228,Magic,Edge of Eternities,Remnant Elemental,155,U,Near Mint,0.09,,,,,1,0.09,,0.09,https://user-content.cardcastle.co/uploads/card_user/scanned_image/c104914f-9939-40a5-b239-0b8d9ae7bb73.jpg,,,,82026-2,,
9079890,Magic,Lorwyn Eclipsed,Sourbread Auntie,158,U,Near Mint,0.24,,,,,1,0.24,,0.24,https://user-content.cardcastle.co/uploads/card_user/scanned_image/aeb102fd-b98c-4415-add0-f04a2a263b0b.jpg,,,,82026-2,,
9081912,Magic,Lorwyn Eclipsed,Bristlebane Outrider,169,U,Near Mint,0.14,,,,,1,0.14,,0.14,https://user-content.cardcastle.co/uploads/card_user/scanned_image/f4e0e2fb-de19-4650-a9d2-2cd72fd53111.jpg,,,,82026-2,,
9087550,Magic,Lorwyn Eclipsed,Silvergill Mentor,69,U,Near Mint,0.29,,,,,2,0.29,,0.29,https://user-content.cardcastle.co/uploads/card_user/scanned_image/46f6bc75-7aa3-42c3-8b17-7f17ce20c5c6.jpg,,,,82026-2,,
9073213,Magic,Lorwyn Eclipsed,Flamebraider,139,U,Near Mint,0.22,,,,,2,0.22,,0.22,https://user-content.cardcastle.co/uploads/card_user/scanned_image/99fcde77-d6a6-48e2-a8d8-813919406e6c.jpg,,,,82026-2,,
9079260,Magic,Lorwyn Eclipsed,Gutsplitter Gang,106,U,Near Mint,0.18,,,,,2,0.18,,0.18,https://user-content.cardcastle.co/uploads/card_user/scanned_image/2553bfe0-b930-4bda-952e-8178526adb5a.jpg,,,,82026-2,,
9080670,Magic,Lorwyn Eclipsed,Shimmerwilds Growth,194,U,Near Mint,0.27,,,,,2,0.27,,0.27,https://user-content.cardcastle.co/uploads/card_user/scanned_image/2937fac0-8584-407f-a77e-e62937692a6b.jpg,,,,82026-2,,
9078658,Magic,Lorwyn Eclipsed,Wanderwine Distracter,82,C,Near Mint,0.07,,,,,3,0.07,,0.07,https://user-content.cardcastle.co/uploads/card_user/scanned_image/d13c204e-207f-4d43-922b-311ccdadbae0.jpg,,,,82026-2,,
9091457,Magic,Lorwyn Eclipsed,Feed the Flames,137,C,Near Mint,0.11,,,,,7,0.11,,0.11,https://user-content.cardcastle.co/uploads/card_user/scanned_image/8c5e04a9-6f9f-482d-b563-abe32ca2237b.jpg,,,,82026-2,,
9080130,Magic,Lorwyn Eclipsed,Great Forest Druid,178,C,Near Mint,0.25,,,,,4,0.25,,0.25,https://user-content.cardcastle.co/uploads/card_user/scanned_image/0a51d434-729f-44cd-a3af-e8c9cc837607.jpg,,,,82026-2,,
9078960,Magic,Lorwyn Eclipsed,Bile-Vial Boggart,87,C,Near Mint,0.23,,,,,2,0.23,,0.23,https://user-content.cardcastle.co/uploads/card_user/scanned_image/e0672841-b8fb-4185-a791-d5e11957ad12.jpg,,,,82026-2,,
9093162,Magic,Lorwyn Eclipsed,Feisty Spikeling,223,C,Near Mint,0.14,,,,,7,0.14,,0.14,https://user-content.cardcastle.co/uploads/card_user/scanned_image/a0f557a5-3004-4771-a577-30e5ddc300d3.jpg,,,,82026-2,,
9078578,Magic,Lorwyn Eclipsed,Temporal Cleansing,78,C,Near Mint,0.12,,,,,3,0.12,,0.12,https://user-content.cardcastle.co/uploads/card_user/scanned_image/3de7ebd6-1ac5-473d-8864-df3cc5dc7c38.jpg,,,,82026-2,,
9093242,Magic,Lorwyn Eclipsed,Mischievous Sneakling,235,C,Near Mint,0.19,,,,,7,0.19,,0.19,https://user-content.cardcastle.co/uploads/card_user/scanned_image/9e512487-dc85-439d-a53b-8d47a57b1d8e.jpg,,,,82026-2,,
9082212,Magic,Lorwyn Eclipsed,Dundoolin Weaver,175,U,Near Mint,0.19,,,,,2,0.19,,0.19,https://user-content.cardcastle.co/uploads/card_user/scanned_image/2abaa75a-86fb-438b-9b3d-ed676fd235b7.jpg,,,,82026-2,,
9083583,Magic,Lorwyn Eclipsed,Clachan Festival,10,U,Near Mint,0.21,,,,,3,0.21,,0.21,https://user-content.cardcastle.co/uploads/card_user/scanned_image/6c96611b-51fb-4009-a032-7dd7c94414df.jpg,,,,82026-2,,
9092262,Magic,Lorwyn Eclipsed,Gilt-Leaf's Embrace,177,C,Near Mint,0.13,,,,,2,0.13,,0.13,https://user-content.cardcastle.co/uploads/card_user/scanned_image/973fea74-84aa-4c4f-9f17-d79c79c9e3ac.jpg,,,,82026-2,,
9079770,Magic,Lorwyn Eclipsed,Flame-Chain Mauler,138,C,Near Mint,0.06,,,,,4,0.06,,0.06,https://user-content.cardcastle.co/uploads/card_user/scanned_image/c22281e6-7d56-4d7f-9e57-d7dc6d3b11ae.jpg,,,,82026-2,,
9092762,Magic,Lorwyn Eclipsed,Wildvine Pummeler,203,C,Near Mint,0.09,,,,,7,0.09,,0.09,https://user-content.cardcastle.co/uploads/card_user/scanned_image/8e56e7d3-895f-4da0-9650-197603b1baa2.jpg,,,,82026-2,,
9090977,Magic,Lorwyn Eclipsed,Scarblade's Malice,119,C,Near Mint,0.07,,,,,3,0.07,,0.07,https://user-content.cardcastle.co/uploads/card_user/scanned_image/e7ae91f0-82a0-4f2f-83dd-ee23055e7043.jpg,,,,82026-2,,
9083693,Magic,Lorwyn Eclipsed,Goldmeadow Nomad,18,C,Near Mint,0.16,,,,,4,0.16,,0.16,https://user-content.cardcastle.co/uploads/card_user/scanned_image/cd8b6a3c-5f1a-4160-aa3c-ea1ffcb4ac9d.jpg,,,,82026-2,,
9084381,Magic,Lorwyn Eclipsed,Stratosoarer,72,C,Near Mint,0.09,,,,,3,0.09,,0.09,https://user-content.cardcastle.co/uploads/card_user/scanned_image/ff42df4d-6d17-42b6-9324-887a35429f34.jpg,,,,82026-2,,
9081325,Magic,Lorwyn Eclipsed,Rooftop Percher,2,C,Near Mint,0.2,,,,,3,0.2,,0.2,https://user-content.cardcastle.co/uploads/card_user/scanned_image/913fd8b7-a1a6-48bd-9067-08b208a7daf7.jpg,,,,82026-2,,
9068519,Magic,Lorwyn Eclipsed,Island (0270),270,C,Near Mint,0.16,,,,,5,0.16,,0.16,https://user-content.cardcastle.co/uploads/card_user/scanned_image/dd482a8f-9215-49c2-863e-f3f9438ee565.jpg,,,,82026-2,,
9080310,Magic,Lorwyn Eclipsed,Midnight Tilling,182,C,Near Mint,0.22,,,,,7,0.22,,0.22,https://user-content.cardcastle.co/uploads/card_user/scanned_image/5de8a081-4b17-45b0-bda2-90567a4cabad.jpg,,,,82026-2,,
9078118,Magic,Lorwyn Eclipsed,Wanderbrine Preacher,41,C,Near Mint,0.13,,,,,3,0.13,,0.13,https://user-content.cardcastle.co/uploads/card_user/scanned_image/c8a4f298-9143-4565-a895-be1c657f3d28.jpg,,,,82026-2,,
9069314,Magic,Lorwyn Eclipsed,Virulent Emissary,202,U,Near Mint,1.5,,,,,1,1.5,,1.5,https://user-content.cardcastle.co/uploads/card_user/scanned_image/938eb6fa-b0d4-4c0f-b906-e092cadda45d.jpg,,,,82026-2,,
9092197,Magic,Lorwyn Eclipsed,Moonlit Lamenter,26,U,Near Mint,0.19,,,,,4,0.19,,0.19,https://user-content.cardcastle.co/uploads/card_user/scanned_image/c63e4104-22ee-499d-bbb3-1e1490bf5839.jpg,,,,82026-2,,
9086162,Magic,Lorwyn Eclipsed,Noggle Robber,237,U,Near Mint,0.11,,,,,1,0.11,,0.11,https://user-content.cardcastle.co/uploads/card_user/scanned_image/e9ad4448-873a-4bfe-9ab6-02c33ac83e8b.jpg,,,,82026-2,,
9095800,Magic,Lorwyn Eclipsed,Gnarlbark Elm,103,U,Near Mint,0.16,,,,,3,0.16,,0.16,https://user-content.cardcastle.co/uploads/card_user/scanned_image/6f39b1d1-ce0a-4d93-ab21-162c790bf9ae.jpg,,,,82026-2,,
9090052,Magic,Lorwyn Eclipsed,Summit Sentinel,73,C,Near Mint,0.11,,,,,4,0.11,,0.11,https://user-content.cardcastle.co/uploads/card_user/scanned_image/732bcd61-1090-4831-a4f0-e995307982ed.jpg,,,,82026-2,,
9078058,Magic,Lorwyn Eclipsed,Shore Lurker,34,C,Near Mint,0.09,,,,,3,0.09,,0.09,https://user-content.cardcastle.co/uploads/card_user/scanned_image/240b307d-6989-4556-81b7-e641a8bfd722.jpg,,,,82026-2,,
9089652,Magic,Lorwyn Eclipsed,Glamermite,50,C,Near Mint,0.21,,,,,4,0.21,,0.21,https://user-content.cardcastle.co/uploads/card_user/scanned_image/b192908f-df32-4f65-ac66-87abeac6a353.jpg,,,,82026-2,,
9093442,Magic,Lorwyn Eclipsed,Stoic Grove-Guide,243,C,Near Mint,0.07,,,,,3,0.07,,0.07,https://user-content.cardcastle.co/uploads/card_user/scanned_image/6710c193-ec8d-4178-9c77-55bdcc47eaa9.jpg,,,,82026-2,,
9080070,Magic,Lorwyn Eclipsed,Warren Torchmaster,163,U,Near Mint,0.3,,,,,2,0.3,,0.3,https://user-content.cardcastle.co/uploads/card_user/scanned_image/9e298a79-b249-4d96-89ed-22faede13146.jpg,,,,82026-2,,
9081912,Magic,Lorwyn Eclipsed,Bristlebane Outrider,169,U,Near Mint,0.14,,,,,1,0.14,,0.14,https://user-content.cardcastle.co/uploads/card_user/scanned_image/9d8d4898-2421-43e0-8857-61b31d51195a.jpg,,,,82026-2,,
9077818,Magic,Lorwyn Eclipsed,Gallant Fowlknight,17,C,Near Mint,0.11,,,,,3,0.11,,0.11,https://user-content.cardcastle.co/uploads/card_user/scanned_image/c4fd8203-4621-410b-9b73-86552e4e8e7a.jpg,,,,82026-2,,
9090567,Magic,Lorwyn Eclipsed,Bogslither's Embrace,94,C,Near Mint,0.21,,,,,5,0.21,,0.21,https://user-content.cardcastle.co/uploads/card_user/scanned_image/dbe26d5d-cf7b-4eca-af2e-e31440217749.jpg,,,,82026-2,,
9073153,Magic,Lorwyn Eclipsed,Burning Curiosity,129,C,Near Mint,0.2,,,,,3,0.2,,0.2,https://user-content.cardcastle.co/uploads/card_user/scanned_image/5065aed0-9c45-4582-ab56-715c006874c8.jpg,,,,82026-2,,
9092702,Magic,Lorwyn Eclipsed,Safewright Cavalry,191,C,Near Mint,0.11,,,,,5,0.11,,0.11,https://user-content.cardcastle.co/uploads/card_user/scanned_image/95612062-232d-44d6-9144-2673277587d7.jpg,,,,82026-2,,
9086027,Magic,Lorwyn Eclipsed,Chitinous Graspling,211,C,Near Mint,0.15,,,,,6,0.15,,0.15,https://user-content.cardcastle.co/uploads/card_user/scanned_image/5610d199-5aab-45f9-bb91-65f45795e587.jpg,,,,82026-2,,
9068584,Magic,Lorwyn Eclipsed,Swamp (0271),271,C,Near Mint,0.19,,,,,2,0.19,,0.19,https://user-content.cardcastle.co/uploads/card_user/scanned_image/07e201de-ad4b-45eb-8e6f-112bb8b600d1.jpg,,,,82026-2,,
9078338,Magic,Lorwyn Eclipsed,Omni-Changeling,62,U,Near Mint,0.35,,,,,3,0.35,,0.35,https://user-content.cardcastle.co/uploads/card_user/scanned_image/d7ea3803-9129-4ad4-b950-d7136f29e233.jpg,,,,82026-2,,
9066524,Magic,Lorwyn Eclipsed,Sizzling Changeling,155,U,Near Mint,0.2,,,,,2,0.2,,0.2,https://user-content.cardcastle.co/uploads/card_user/scanned_image/2be6b1b8-e4ef-4f13-a301-57d7da6e3643.jpg,,,,82026-2,,
9066144,Magic,Lorwyn Eclipsed,Elder Auntie,133,C,Near Mint,0.17,,,,,5,0.17,,0.17,https://user-content.cardcastle.co/uploads/card_user/scanned_image/663f7786-d832-4757-9eb2-148a14dbd6a6.jpg,,,,82026-2,,
9080850,Magic,Lorwyn Eclipsed,Surly Farrier,196,C,Near Mint,0.07,,,,,6,0.07,,0.07,https://user-content.cardcastle.co/uploads/card_user/scanned_image/9ddec68f-aa22-453c-9d3b-746ee96c4127.jpg,,,,82026-2,,
9090487,Magic,Lorwyn Eclipsed,Keep Out,19,C,Near Mint,0.15,,,,,6,0.15,,0.15,https://user-content.cardcastle.co/uploads/card_user/scanned_image/df60b3fa-de74-468c-9c91-877e2553365a.jpg,,,,82026-2,,
9085221,Magic,Lorwyn Eclipsed,Kindle the Inner Flame,147,U,Near Mint,0.27,,,,,2,0.27,,0.27,https://user-content.cardcastle.co/uploads/card_user/scanned_image/fe68fd95-0f28-4cf5-af8d-9c089709b66d.jpg,,,,82026-2,,
9092502,Magic,Lorwyn Eclipsed,Moon-Vigil Adherents,184,U,Near Mint,0.23,,,,,1,0.23,,0.23,https://user-content.cardcastle.co/uploads/card_user/scanned_image/b4c72df7-55fa-4ed7-af99-ef16e81d37b1.jpg,,,,82026-2,,
9078618,Magic,Lorwyn Eclipsed,Unwelcome Sprite,81,U,Near Mint,0.21,,,,,1,0.21,,0.21,https://user-content.cardcastle.co/uploads/card_user/scanned_image/ec17b571-58ea-4586-92b2-ebdeb52ab4d7.jpg,,,,82026-2,,
9077878,Magic,Lorwyn Eclipsed,Kinsbaile Aspirant,21,U,Near Mint,0.19,,,,,1,0.19,,0.19,https://user-content.cardcastle.co/uploads/card_user/scanned_image/a7703de4-1559-4e5c-8264-cce02a1d044d.jpg,,,,82026-2,,
9079320,Magic,Lorwyn Eclipsed,Heirloom Auntie,107,C,Near Mint,0.12,,,,,6,0.12,,0.12,https://user-content.cardcastle.co/uploads/card_user/scanned_image/53f0853d-3ca9-49c7-b1cc-eb533c552d63.jpg,,,,82026-2,,
9079080,Magic,Lorwyn Eclipsed,Dawnhand Eulogist,99,C,Near Mint,0.13,,,,,4,0.13,,0.13,https://user-content.cardcastle.co/uploads/card_user/scanned_image/c6e8d87f-0f24-46c2-a72e-26a93fe87c8c.jpg,,,,82026-2,,
9091657,Magic,Lorwyn Eclipsed,Reckless Ransacking,152,C,Near Mint,0.31,,,,,2,0.31,,0.31,https://user-content.cardcastle.co/uploads/card_user/scanned_image/e6ba8f6e-c44b-4893-a94a-f213bb7eccf3.jpg,,,,82026-2,,
9069194,Magic,Lorwyn Eclipsed,Lys Alana Informant,181,C,Near Mint,0.13,,,,,4,0.13,,0.13,https://user-content.cardcastle.co/uploads/card_user/scanned_image/5b9c0641-e1c5-4ad1-b854-b35ae41ea2fb.jpg,,,,82026-2,,
9080610,Magic,Lorwyn Eclipsed,Gangly Stompling,226,C,Near Mint,0.21,,,,,2,0.21,,0.21,https://user-content.cardcastle.co/uploads/card_user/scanned_image/055025f0-13db-4454-954c-9dab7a5f30bc.jpg,,,,82026-2,,
9083913,Magic,Lorwyn Eclipsed,Spiral into Solitude,36,C,Near Mint,0.16,,,,,1,0.16,,0.16,https://user-content.cardcastle.co/uploads/card_user/scanned_image/43aa8c43-7fce-438d-9d6b-52c79dccbcac.jpg,,,,82026-2,,
9051960,Magic,Lorwyn Eclipsed,Unexpected Assistance,80,C,Near Mint,0.24,,,,,2,0.24,,0.24,https://user-content.cardcastle.co/uploads/card_user/scanned_image/5b97c73a-358e-4b34-8d21-e5c01807f97b.jpg,,,,82026-2,,
9081385,Magic,Lorwyn Eclipsed,Gathering Stone,257,U,Near Mint,0.82,,,,,2,0.82,,0.82,https://user-content.cardcastle.co/uploads/card_user/scanned_image/5f9ffe59-fa0e-483a-8e4f-bc7bf2ca6804.jpg,,,,82026-2,,
9092642,Magic,Lorwyn Eclipsed,Pummeler for Hire,190,U,Near Mint,0.11,,,,,1,0.11,,0.11,https://user-content.cardcastle.co/uploads/card_user/scanned_image/2180e82b-f3f0-4d0d-965c-d628388f299b.jpg,,,,82026-2,,
9087910,Magic,Lorwyn Eclipsed,Morcant's Loyalist,236,U,Near Mint,0.37,,,,,3,0.37,,0.37,https://user-content.cardcastle.co/uploads/card_user/scanned_image/f3e87c7c-8866-40be-8bba-3657f52aa2f2.jpg,,,,82026-2,,
9085871,Magic,Lorwyn Eclipsed,Unforgiving Aim,200,C,Near Mint,0.16,,,,,3,0.16,,0.16,https://user-content.cardcastle.co/uploads/card_user/scanned_image/570ffc7b-d0f9-4955-8536-9eac596ea12b.jpg,,,,82026-2,,
9086830,Magic,Lorwyn Eclipsed,Blight Rot,89,C,Near Mint,0.25,,,,,3,0.25,,0.25,https://user-content.cardcastle.co/uploads/card_user/scanned_image/0ffca124-cc38-4c0f-bc04-23c5568d9a78.jpg,,,,82026-2,,
9069794,Magic,Lorwyn Eclipsed,Tend the Sprigs,197,C,Near Mint,0.18,,,,,3,0.18,,0.18,https://user-content.cardcastle.co/uploads/card_user/scanned_image/e359e3db-33c7-4bef-8387-f44e3cca90a6.jpg,,,,82026-2,,
9086357,Magic,Lorwyn Eclipsed,Firdoch Core,255,C,Near Mint,0.33,,,,,3,0.33,,0.33,https://user-content.cardcastle.co/uploads/card_user/scanned_image/78178123-23f3-4611-9916-a673c1022e65.jpg,,,,82026-2,,
9083858,Magic,Lorwyn Eclipsed,Reluctant Dounguard,31,C,Near Mint,0.08,,,,,1,0.08,,0.08,https://user-content.cardcastle.co/uploads/card_user/scanned_image/1fefdaee-d47d-4728-aa0d-979e8de8e60d.jpg,,,,82026-2,,
9078418,Magic,Lorwyn Eclipsed,Silvergill Peddler,70,C,Near Mint,0.16,,,,,6,0.16,,0.16,https://user-content.cardcastle.co/uploads/card_user/scanned_image/84d042ef-83cb-443c-978c-daf5fd1a3251.jpg,,,,82026-2,,
9069734,Magic,Lorwyn Eclipsed,Vinebred Brawler,201,U,Near Mint,0.13,,,,,1,0.13,,0.13,https://user-content.cardcastle.co/uploads/card_user/scanned_image/394a2a04-6a53-4865-ab3b-d1b91ebe539f.jpg,,,,82026-2,,
9080730,Magic,Lorwyn Eclipsed,Hovel Hurler,230,U,Near Mint,0.11,,,,,1,0.11,,0.11,https://user-content.cardcastle.co/uploads/card_user/scanned_image/c5494314-7735-4cd3-b284-c004514f8c62.jpg,,,,82026-2,,
9084441,Magic,Lorwyn Eclipsed,Tanufel Rimespeaker,77,U,Near Mint,0.24,,,,,2,0.24,,0.24,https://user-content.cardcastle.co/uploads/card_user/scanned_image/4ae362d9-b1c8-4154-90b6-b2426131e825.jpg,,,,82026-2,,
9079380,Magic,Lorwyn Eclipsed,Requiting Hex,116,U,Near Mint,0.87,,,,,1,0.87,,0.87,https://user-content.cardcastle.co/uploads/card_user/scanned_image/87172148-59bf-40e0-917d-6fa279264711.jpg,,,,82026-2,,
9065764,Magic,Lorwyn Eclipsed,Moonglove Extractor,109,C,Near Mint,0.09,,,,,2,0.09,,0.09,https://user-content.cardcastle.co/uploads/card_user/scanned_image/27dd9ac0-2dc5-4e81-9399-7de8e45e3ff5.jpg,,,,82026-2,,
9080010,Magic,Lorwyn Eclipsed,Tweeze,162,C,Near Mint,0.12,,,,,2,0.12,,0.12,https://user-content.cardcastle.co/uploads/card_user/scanned_image/7cb8b554-bc97-4e2a-bba7-f7a5b4e70549.jpg,,,,82026-2,,
9086097,Magic,Lorwyn Eclipsed,Merrow Skyswimmer,234,C,Near Mint,0.17,,,,,3,0.17,,0.17,https://user-content.cardcastle.co/uploads/card_user/scanned_image/b8648bd8-7098-4ff1-ae23-062856b808cf.jpg,,,,82026-2,,
9068894,Magic,Lorwyn Eclipsed,Mountain (0272),272,C,Near Mint,0.18,,,,,3,0.18,,0.18,https://user-content.cardcastle.co/uploads/card_user/scanned_image/b5ae9b0d-6d85-42b7-8d43-1e88f2516dae.jpg,,,,82026-2,,
9093042,Magic,Lorwyn Eclipsed,Eclipsed Merrow,221,U,Near Mint,0.27,,,,,1,0.27,,0.27,https://user-content.cardcastle.co/uploads/card_user/scanned_image/51f2aacc-e48a-420c-9a37-851e4551a6de.jpg,,,,82026-2,,
9087310,Magic,Lorwyn Eclipsed,Eclipsed Elf (Showcase),336,U,Near Mint,0.3,,,,,1,0.3,,0.3,https://user-content.cardcastle.co/uploads/card_user/scanned_image/5f0b0bae-6348-4734-9e43-c06d24091444.jpg,,,,82026-2,,
9084561,Magic,Lorwyn Eclipsed,Auntie's Sentence,85,C,Near Mint,0.1,,,,,2,0.1,,0.1,https://user-content.cardcastle.co/uploads/card_user/scanned_image/e6d563fe-1632-4a7e-9dfd-623dec8d2655.jpg,,,,82026-2,,
9085281,Magic,Lorwyn Eclipsed,Kulrath Zealot,148,C,Near Mint,0.18,,,,,4,0.18,,0.18,https://user-content.cardcastle.co/uploads/card_user/scanned_image/92c98e43-3c38-4e1c-9b18-84c9b7079053.jpg,,,,82026-2,,
9064023,Magic,Lorwyn Eclipsed,Appeal to Eirdu,5,C,Near Mint,0.09,,,,,5,0.09,,0.09,https://user-content.cardcastle.co/uploads/card_user/scanned_image/373228b4-4c30-428d-8dfb-76549f4aa5ef.jpg,,,,82026-2,,
9084501,Magic,Lorwyn Eclipsed,Wild Unraveling,84,C,Near Mint,0.14,,,,,5,0.14,,0.14,https://user-content.cardcastle.co/uploads/card_user/scanned_image/73441bc5-a534-4a30-98d8-02964b4bf98e.jpg,,,,82026-2,,
,Magic,Lorwyn Eclipsed,Goblin,6,C,Near Mint,,,,,,8,,,,https://user-content.cardcastle.co/uploads/card_user/scanned_image/02535729-a875-440a-a3ad-f61f70106b3b.jpg,,,,82026-2,,
9078218,Magic,Lorwyn Eclipsed,Blossombind,45,C,Near Mint,0.13,,,,,4,0.13,,0.13,https://user-content.cardcastle.co/uploads/card_user/scanned_image/27a81e2d-67a6-426d-a2db-fdf65fd65956.jpg,,,,82026-2,,
9068954,Magic,Lorwyn Eclipsed,Forest (0273),273,C,Near Mint,0.16,,,,,3,0.16,,0.16,https://user-content.cardcastle.co/uploads/card_user/scanned_image/a2823305-a772-45bc-86a9-cda19c90b05d.jpg,,,,82026-2,,
9091967,Magic,Lorwyn Eclipsed,Sting-Slinger,161,U,Near Mint,0.21,,,,,2,0.21,,0.21,https://user-content.cardcastle.co/uploads/card_user/scanned_image/63914198-1b9c-4179-8c07-6fc62729a733.jpg,,,,82026-2,,
9069014,Magic,Lorwyn Eclipsed,Blossoming Defense,167,U,Near Mint,0.3,,,,,2,0.3,,0.3,https://user-content.cardcastle.co/uploads/card_user/scanned_image/f45eb78a-5f59-441f-abcd-ba5f3c22d6e3.jpg,,,,82026-2,,
9090857,Magic,Lorwyn Eclipsed,Riverguard's Reflexes,33,C,Near Mint,0.18,,,,,4,0.18,,0.18,https://user-content.cardcastle.co/uploads/card_user/scanned_image/d4b63121-6344-4b32-98c6-91330091b1f1.jpg,,,,82026-2,,
9082872,Magic,Lorwyn Eclipsed,Flamekin Gildweaver,140,C,Near Mint,0.11,,,,,5,0.11,,0.11,https://user-content.cardcastle.co/uploads/card_user/scanned_image/660ced8f-1c5d-4f65-926b-22e31b6b51f8.jpg,,,,82026-2,,
9088030,Magic,Lorwyn Eclipsed,Encumbered Reejerey,14,U,Near Mint,0.11,,,,,2,0.11,,0.11,https://user-content.cardcastle.co/uploads/card_user/scanned_image/aa2ea9c3-85e4-4b01-b94c-f036926ba84c.jpg,,,,82026-2,,
9069554,Magic,Lorwyn Eclipsed,Explosive Prodigy,136,U,Near Mint,0.12,,,,,2,0.12,,0.12,https://user-content.cardcastle.co/uploads/card_user/scanned_image/1f14a2c6-376f-426a-97b2-330ec450fc31.jpg,,,,82026-2,,
9066644,Magic,Lorwyn Eclipsed,Voracious Tome-Skimmer,250,U,Near Mint,0.3,,,,,1,0.3,,0.3,https://user-content.cardcastle.co/uploads/card_user/scanned_image/0e664f1b-5137-41bd-85d8-1c620170a7c0.jpg,,,,82026-2,,
9079650,Magic,Lorwyn Eclipsed,Boneclub Berserker,126,C,Near Mint,0.16,,,,,5,0.16,,0.16,https://user-content.cardcastle.co/uploads/card_user/scanned_image/10f427a6-ece4-44a7-ae8b-c200950fcc38.jpg,,,,82026-2,,
9068219,Magic,Lorwyn Eclipsed,Shinestriker,68,U,Near Mint,0.23,,,,,3,0.23,,0.23,https://user-content.cardcastle.co/uploads/card_user/scanned_image/3bef176c-e800-467f-9671-9b1f63dd11bb.jpg,,,,82026-2,,
9091742,Magic,Lorwyn Eclipsed,Soulbright Seeker,157,U,Near Mint,0.23,,,,,4,0.23,,0.23,https://user-content.cardcastle.co/uploads/card_user/scanned_image/040b2b19-9b2b-49b7-9694-a922c3ec1347.jpg,,,,82026-2,,
9085041,Magic,Lorwyn Eclipsed,Unbury,123,U,Near Mint,0.28,,,,,1,0.28,,0.28,https://user-content.cardcastle.co/uploads/card_user/scanned_image/bdf8ce3c-bf09-4799-826a-3840d9470e83.jpg,,,,82026-2,,
9084981,Magic,Lorwyn Eclipsed,Scarblade Scout,118,C,Near Mint,0.15,,,,,3,0.15,,0.15,https://user-content.cardcastle.co/uploads/card_user/scanned_image/9865546c-df9d-495b-b42e-177d7c33edb2.jpg,,,,82026-2,,
9085471,Magic,Lorwyn Eclipsed,Dawn's Light Archer,174,C,Near Mint,0.16,,,,,5,0.16,,0.16,https://user-content.cardcastle.co/uploads/card_user/scanned_image/7e6f2118-58e3-4d3e-bb97-da035c36b40d.jpg,,,,82026-2,,
9077938,Magic,Lorwyn Eclipsed,Liminal Hold,24,C,Near Mint,0.1,,,,,4,0.1,,0.1,https://user-content.cardcastle.co/uploads/card_user/scanned_image/2a8a6bf5-dd62-4b2e-848d-6b97a37ac823.jpg,,,,82026-2,,
9094022,Magic,Lorwyn Eclipsed,Changeling Wayfinder,1,C,Near Mint,0.31,,,,,3,0.31,,0.31,https://user-content.cardcastle.co/uploads/card_user/scanned_image/fdd6e518-c241-4d51-ae84-0afc64120f67.jpg,,,,82026-2,,
9065444,Magic,Lorwyn Eclipsed,Iron-Shield Elf,108,U,Near Mint,0.28,,,,,2,0.28,,0.28,https://user-content.cardcastle.co/uploads/card_user/scanned_image/daa63ab3-d8df-4bd8-bdad-740ece1c823e.jpg,,,,82026-2,,
7184048,Magic,Universes Beyond: The Lord of the Rings: Tales of Middle-earth,Gimli's Axe,130,C,Near Mint,0.15,,,,,2,0.15,,0.15,https://user-content.cardcastle.co/uploads/card_user/scanned_image/0d9854bb-92bb-4116-bcc5-1fffc855949e.jpg,,,,82026-2,,
7196837,Magic,Universes Beyond: The Lord of the Rings: Tales of Middle-earth,Breaking of the Fellowship,117,C,Near Mint,0.17,,,,,3,0.17,,0.17,https://user-content.cardcastle.co/uploads/card_user/scanned_image/ddc18edf-dec7-4b5f-b20b-a77a2b828179.jpg,,,,82026-2,,
7166395,Magic,Universes Beyond: The Lord of the Rings: Tales of Middle-earth,Goblin Fireleaper,133,U,Near Mint,0.16,,,,,3,0.16,,0.16,https://user-content.cardcastle.co/uploads/card_user/scanned_image/3b0c2595-bb11-40f7-a3f3-1c53f5dfb674.jpg,,,,82026-2,,
8343285,Magic,Foundations,Spitfire Lagac,208,C,Near Mint,0.23,,,,,2,0.23,,0.23,https://user-content.cardcastle.co/uploads/card_user/scanned_image/d4f14e97-7cb1-43b6-a8a5-d9082ec6e8bd.jpg,,,,82026-2,,
8338585,Magic,Foundations,Courageous Goblin,82,C,Near Mint,0.1,,,,,5,0.1,,0.1,https://user-content.cardcastle.co/uploads/card_user/scanned_image/9f7c7b4b-492f-40ce-b33a-265a965a5276.jpg,,,,82026-2,,
8342120,Magic,Foundations,Involuntary Employment,203,C,Near Mint,0.23,,,,,4,0.23,,0.23,https://user-content.cardcastle.co/uploads/card_user/scanned_image/7b9104ec-7199-45e0-b30f-b5d74b207dd4.jpg,,,,82026-2,,
8343225,Magic,Foundations,Sower of Chaos,95,C,Near Mint,0.09,,,,,6,0.09,,0.09,https://user-content.cardcastle.co/uploads/card_user/scanned_image/f22f2dc3-45dc-4c84-8301-34f200686cc9.jpg,,,,82026-2,,
8341365,Magic,Foundations,Goblin Boarders,87,C,Near Mint,0.17,,,,,6,0.17,,0.17,https://user-content.cardcastle.co/uploads/card_user/scanned_image/e7ec5b63-e605-49e0-b71e-7448e8e5add9.jpg,,,,82026-2,,
8340305,Magic,Foundations,Fanatical Firebrand,195,C,Near Mint,0.26,,,,,4,0.26,,0.26,https://user-content.cardcastle.co/uploads/card_user/scanned_image/81c7d27a-5755-4bdb-83f4-d4db2d7924cf.jpg,,,,82026-2,,
8645614,Magic,Tarkir: Dragonstorm,Unsparing Boltcaster,130,U,Near Mint,0.09,,,,,1,0.09,,0.09,https://user-content.cardcastle.co/uploads/card_user/scanned_image/807dbf78-e2e7-43e6-8bec-86d0603d76ad.jpg,,,,82026-2,,
8649515,Magic,Tarkir: Dragonstorm,Rescue Leopard,116,C,Near Mint,0.12,,,,,2,0.12,,0.12,https://user-content.cardcastle.co/uploads/card_user/scanned_image/35f8649e-1667-44f3-bfc1-6bbbb4fe1f34.jpg,,,,82026-2,,
8649635,Magic,Tarkir: Dragonstorm,Twin Bolt,128,C,Near Mint,0.09,,,,,8,0.09,,0.09,https://user-content.cardcastle.co/uploads/card_user/scanned_image/6cd28250-184d-424c-9411-9b31ca28f4dd.jpg,,,,82026-2,,
8616963,Magic,Tarkir: Dragonstorm,Devoted Duelist,104,C,Near Mint,0.16,,,,,7,0.16,,0.16,https://user-content.cardcastle.co/uploads/card_user/scanned_image/6785ecb2-c222-4240-b5e5-00d2abb1eca0.jpg,,,,82026-2,,
8634989,Magic,Tarkir: Dragonstorm,Narset's Rebuke,114,C,Near Mint,0.16,,,,,4,0.16,,0.16,https://user-content.cardcastle.co/uploads/card_user/scanned_image/5b8c5f54-6f46-49c1-94d5-c4625c873fec.jpg,,,,82026-2,,
8617266,Magic,Tarkir: Dragonstorm,Summit Intimidator,125,C,Near Mint,0.06,,,,,3,0.06,,0.06,https://user-content.cardcastle.co/uploads/card_user/scanned_image/e481b287-eb92-4aed-92c5-33f4b11f71a2.jpg,,,,82026-2,,
8644003,Magic,Tarkir: Dragonstorm,Fire-Rim Form,107,C,Near Mint,0.12,,,,,5,0.12,,0.12,https://user-content.cardcastle.co/uploads/card_user/scanned_image/23c157b7-b59e-4e33-9ba5-03f59bc57a8d.jpg,,,,82026-2,,
8628650,Magic,Tarkir: Dragonstorm,Underfoot Underdogs,129,C,Near Mint,0.15,,,,,5,0.15,,0.15,https://user-content.cardcastle.co/uploads/card_user/scanned_image/0bf08bf2-1015-4f85-ab5f-2fce3ea0e886.jpg,,,,82026-2,,
8340655,Magic,Foundations,Firebrand Archer,196,C,Near Mint,0.31,,,,,2,0.31,,0.31,https://user-content.cardcastle.co/uploads/card_user/scanned_image/241215a9-7c2f-44f0-bf4d-8c0a5df75d38.jpg,,,,82026-2,,
8246596,Magic,The List Reprints,Abrade (2XM),2XM-114,C,Near Mint,0.15,,,,,1,0.15,,0.15,https://user-content.cardcastle.co/uploads/card_user/scanned_image/339cad77-c85e-4df9-9749-8db876df4be9.jpg,,,,82026-2,,
8341525,Magic,Foundations,Goblin Surprise,200,C,Near Mint,0.28,,,,,3,0.28,,0.28,https://user-content.cardcastle.co/uploads/card_user/scanned_image/a9971d69-6cf4-4712-908e-8dc0d10299fe.jpg,,,,82026-2,,
7302369,Magic,Commander Masters,Spikeshot Goblin,256,C,Near Mint,0.22,,,,,1,0.22,,0.22,https://user-content.cardcastle.co/uploads/card_user/scanned_image/b00d0dc2-da6d-449c-af7a-157c7776d0fd.jpg,,,,82026-2,,
7305899,Magic,Commander Masters,Dragon Fodder,217,C,Near Mint,0.29,,,,,1,0.29,,0.29,https://user-content.cardcastle.co/uploads/card_user/scanned_image/e650fee7-9730-45a5-b6cd-bd13c4d05511.jpg,,,,82026-2,,
8801425,Magic,Edge of Eternities,Kav Landseeker,138,C,Near Mint,0.13,,,,,4,0.13,,0.13,https://user-content.cardcastle.co/uploads/card_user/scanned_image/0ce633c3-ebe2-47ef-854e-beb173d9f44c.jpg,,,,82026-2,,
8841806,Magic,Edge of Eternities,Slagdrill Scrapper,160,C,Near Mint,0.15,,,,,4,0.15,,0.15,https://user-content.cardcastle.co/uploads/card_user/scanned_image/01510532-02fe-445d-be41-4d0f4e6dc8d8.jpg,,,,82026-2,,
8822228,Magic,Edge of Eternities,Remnant Elemental,155,U,Near Mint,0.09,,,,,1,0.09,,0.09,https://user-content.cardcastle.co/uploads/card_user/scanned_image/619230ed-b594-445d-8430-815965dce7c2.jpg,,,,82026-2,,
8842166,Magic,Edge of Eternities,Territorial Bruntar,165,U,Near Mint,0.15,,,,,1,0.15,,0.15,https://user-content.cardcastle.co/uploads/card_user/scanned_image/6f208596-9da8-4eb3-8ec0-c329eae76de4.jpg,,,,82026-2,,
8839466,Magic,Edge of Eternities,Bombard,129,C,Near Mint,0.08,,,,,3,0.08,,0.08,https://user-content.cardcastle.co/uploads/card_user/scanned_image/82c8ba4f-0554-4a73-8e27-a78d32021161.jpg,,,,82026-2,,
8840846,Magic,Edge of Eternities,Kavaron Turbodrone,141,C,Near Mint,0.06,,,,,5,0.06,,0.06,https://user-content.cardcastle.co/uploads/card_user/scanned_image/a1272666-1ced-4d36-9c4b-d50a02494acf.jpg,,,,82026-2,,
8841326,Magic,Edge of Eternities,Molecular Modifier,146,U,Near Mint,0.14,,,,,2,0.14,,0.14,https://user-content.cardcastle.co/uploads/card_user/scanned_image/4e570760-25dc-4e57-b11a-a3cb6c1980b0.jpg,,,,82026-2,,
9006473,Magic,Avatar: The Last Airbender,Boar-q-pine,124,C,Near Mint,0.1,,,,,4,0.1,,0.1,https://user-content.cardcastle.co/uploads/card_user/scanned_image/9a5b9098-ceb5-4425-be5b-ddc25795d78b.jpg,,,,82026-2,,
8995493,Magic,Avatar: The Last Airbender,Fire Nation Raider,135,C,Near Mint,0.09,,,,,6,0.09,,0.09,https://user-content.cardcastle.co/uploads/card_user/scanned_image/0fd8c119-16de-4e9f-a805-ace90684e44f.jpg,,,,82026-2,,
8893497,Magic,Avatar: The Last Airbender,Rough Rhino Cavalry,152,C,Near Mint,0.1,,,,,2,0.1,,0.1,https://user-content.cardcastle.co/uploads/card_user/scanned_image/3f259481-ab67-40ab-8041-96e832c8377b.jpg,,,,82026-2,,
8976281,Magic,Avatar: The Last Airbender,Crescent Island Temple,129,U,Near Mint,0.28,,,,,1,0.28,,0.28,https://user-content.cardcastle.co/uploads/card_user/scanned_image/4a05a6f2-82e6-48f9-9319-a29e38a718fd.jpg,,,,82026-2,,
8988316,Magic,Avatar: The Last Airbender,Bumi Bash,125,C,Near Mint,0.11,,,,,3,0.11,,0.11,https://user-content.cardcastle.co/uploads/card_user/scanned_image/9195a12b-2439-4fce-a8fc-104663040d65.jpg,,,,82026-2,,
8989101,Magic,Avatar: The Last Airbender,Price of Freedom,149,U,Near Mint,0.5,,,,,4,0.5,,0.5,https://user-content.cardcastle.co/uploads/card_user/scanned_image/49656131-b760-49c9-a511-8cb69340c3c9.jpg,,,,82026-2,,
8893597,Magic,Avatar: The Last Airbender,Yuyan Archers,161,C,Near Mint,0.11,,,,,5,0.11,,0.11,https://user-content.cardcastle.co/uploads/card_user/scanned_image/307f511a-4ba7-479d-ac92-ca0ad8beaa12.jpg,,,,82026-2,,
8893217,Magic,Avatar: The Last Airbender,Fire Sages,136,U,Near Mint,0.24,,,,,2,0.24,,0.24,https://user-content.cardcastle.co/uploads/card_user/scanned_image/5d668029-c150-4c48-abbb-0b5c3f3a724a.jpg,,,,82026-2,,
8841566,Magic,Edge of Eternities,Oreplate Pangolin,150,C,Near Mint,0.09,,,,,5,0.09,,0.09,https://user-content.cardcastle.co/uploads/card_user/scanned_image/bf4d340f-efe9-4630-a8e4-c5be2213c480.jpg,,,,82026-2,,
8827684,Magic,Edge of Eternities,Melded Moxite,143,C,Near Mint,0.21,,,,,2,0.21,,0.21,https://user-content.cardcastle.co/uploads/card_user/scanned_image/cb97b77b-acf7-4721-9ed2-25321f2eedbb.jpg,,,,82026-2,,
8814662,Magic,Edge of Eternities,Ruinous Rampage,158,U,Near Mint,0.27,,,,,2,0.27,,0.27,https://user-content.cardcastle.co/uploads/card_user/scanned_image/6d5aaa25-1e9f-4549-9ae5-3462c55d0439.jpg,,,,82026-2,,
9089772,Magic,Lorwyn Eclipsed,Rime Chill,64,U,Near Mint,0.13,,,,,1,0.13,,0.13,https://user-content.cardcastle.co/uploads/card_user/scanned_image/cdfc50cf-5f2d-47b3-9f14-91ed283e9a87.jpg,,,,82026-2,,
9090917,Magic,Lorwyn Eclipsed,Nightmare Sower,114,U,Near Mint,0.22,,,,,1,0.22,,0.22,https://user-content.cardcastle.co/uploads/card_user/scanned_image/3e18ebbc-6ae4-4d5e-a9f2-6e3e19880e73.jpg,,,,82026-2,,
9090427,Magic,Lorwyn Eclipsed,Boggart Prankster,93,C,Near Mint,0.11,,,,,3,0.11,,0.11,https://user-content.cardcastle.co/uploads/card_user/scanned_image/47dd602a-8856-4b5b-8273-ef3014ec8727.jpg,,,,82026-2,,
9091397,Magic,Lorwyn Eclipsed,Cinder Strike,131,C,Near Mint,0.18,,,,,3,0.18,,0.18,https://user-content.cardcastle.co/uploads/card_user/scanned_image/29ff84bb-d41f-41fb-a7d8-5875c99272ef.jpg,,,,82026-2,,
9064744,Magic,Lorwyn Eclipsed,Sun-Dappled Celebrant,37,C,Near Mint,0.17,,,,,3,0.17,,0.17,https://user-content.cardcastle.co/uploads/card_user/scanned_image/0e9989e1-a0ad-449e-a236-2cf4da2e408a.jpg,,,,82026-2,,
9084201,Magic,Lorwyn Eclipsed,Gravelgill Scoundrel,53,C,Near Mint,0.13,,,,,3,0.13,,0.13,https://user-content.cardcastle.co/uploads/card_user/scanned_image/f3e7e482-a2a9-46d6-8f68-7741476c3531.jpg,,,,82026-2,,
9085101,Magic,Lorwyn Eclipsed,Boldwyr Aggressor,125,U,Near Mint,0.25,,,,,1,0.25,,0.25,https://user-content.cardcastle.co/uploads/card_user/scanned_image/47fe41b3-3b54-4b1b-be13-e97a93e09f90.jpg,,,,82026-2,,
9085806,Magic,Lorwyn Eclipsed,Thoughtweft Charge,198,U,Near Mint,0.15,,,,,1,0.15,,0.15,https://user-content.cardcastle.co/uploads/card_user/scanned_image/ed302d55-87f1-4e63-b8e4-8b2e6ff0cd95.jpg,,,,82026-2,,
9064994,Magic,Lorwyn Eclipsed,Dream Seizer,101,C,Near Mint,0.12,,,,,4,0.12,,0.12,https://user-content.cardcastle.co/uploads/card_user/scanned_image/f0f07f10-fa2a-4f5e-bfbc-fdff739e79fe.jpg,,,,82026-2,,
9068834,Magic,Lorwyn Eclipsed,Crossroads Watcher,173,C,Near Mint,0.11,,,,,3,0.11,,0.11,https://user-content.cardcastle.co/uploads/card_user/scanned_image/91bf51d6-3511-495e-a07f-dc94b0c10f62.jpg,,,,82026-2,,
9078298,Magic,Lorwyn Eclipsed,Kulrath Mystic,56,C,Near Mint,0.07,,,,,2,0.07,,0.07,https://user-content.cardcastle.co/uploads/card_user/scanned_image/4b86067e-c570-4c8e-a049-3aa166c690b1.jpg,,,,82026-2,,
9073334,Magic,Lorwyn Eclipsed,Evolving Wilds,264,C,Near Mint,0.35,,,,,1,0.35,,0.35,https://user-content.cardcastle.co/uploads/card_user/scanned_image/5e4b5d8e-11be-4863-9061-00cc0dbdc9cc.jpg,,,,82026-2,,
9084140,Magic,Lorwyn Eclipsed,Aquitect's Defenses,44,C,Near Mint,0.15,,,,,3,0.15,,0.15,https://user-content.cardcastle.co/uploads/card_user/scanned_image/e5a2919b-59af-47f3-9ff5-0ccc4dc80aaf.jpg,,,,82026-2,,
9068399,Magic,Lorwyn Eclipsed,Plains (0269),269,C,Near Mint,0.2,,,,,5,0.2,,0.2,https://user-content.cardcastle.co/uploads/card_user/scanned_image/b21a4a73-b0cf-4319-9797-0c949f539c8b.jpg,,,,82026-2,,
9088270,Magic,Lorwyn Eclipsed,Eclipsed Kithkin,220,U,Near Mint,0.27,,,,,1,0.27,,0.27,https://user-content.cardcastle.co/uploads/card_user/scanned_image/8c4fe04e-ff3d-4524-8cc7-0bb4dd35d4ba.jpg,,,,82026-2,,
9093602,Magic,Lorwyn Eclipsed,Deepchannel Duelist (Showcase),333,U,Near Mint,0.3,,,,,1,0.3,,0.3,https://user-content.cardcastle.co/uploads/card_user/scanned_image/436d5963-b5e9-4eee-81b0-df24c76e8c07.jpg,,,,82026-2,,
9092362,Magic,Lorwyn Eclipsed,Lys Alana Dignitary,180,U,Near Mint,0.26,,,,,2,0.26,,0.26,https://user-content.cardcastle.co/uploads/card_user/scanned_image/7f57df60-9a84-4873-8917-0c324523bc9c.jpg,,,,82026-2,,
9084921,Magic,Lorwyn Eclipsed,Retched Wretch,117,U,Near Mint,0.16,,,,,2,0.16,,0.16,https://user-content.cardcastle.co/uploads/card_user/scanned_image/4a96fabc-a819-4aae-8ad1-2457b1c7ad03.jpg,,,,82026-2,,
9084261,Magic,Lorwyn Eclipsed,Lofty Dreams,58,U,Near Mint,0.1,,,,,2,0.1,,0.1,https://user-content.cardcastle.co/uploads/card_user/scanned_image/9e3e0365-bc64-403d-a123-0911c35cf84e.jpg,,,,82026-2,,
9079830,Magic,Lorwyn Eclipsed,Impolite Entrance,146,U,Near Mint,0.33,,,,,2,0.33,,0.33,https://user-content.cardcastle.co/uploads/card_user/scanned_image/c31f0e9b-0703-4e19-903d-44cbbf4b9997.jpg,,,,82026-2,,
8343345,Magic,Foundations,Sure Strike,209,C,Near Mint,0.13,,,,,5,0.13,,0.13,https://user-content.cardcastle.co/uploads/card_user/scanned_image/d6642109-b0fe-4ead-803e-199adb2c4767.jpg,,,,82026-2,,
8208210,Magic,Duskmourn: House of Horror,Violent Urge,164,U,Near Mint,0.29,,,,,1,0.29,,0.29,https://user-content.cardcastle.co/uploads/card_user/scanned_image/edac26da-b970-484a-9165-f14c9b25bcc4.jpg,,,,82026-2,,
8208150,Magic,Duskmourn: House of Horror,Scorching Dragonfire,156,C,Near Mint,0.12,,,,,7,0.12,,0.12,https://user-content.cardcastle.co/uploads/card_user/scanned_image/96a29cfe-d8f8-45b6-abf7-7b3e7dec2e4a.jpg,,,,82026-2,,
8192111,Magic,Duskmourn: House of Horror,Trial of Agony,159,U,Near Mint,0.18,,,,,4,0.18,,0.18,https://user-content.cardcastle.co/uploads/card_user/scanned_image/cf3f083d-8e80-4d1c-a1f0-76a167243569.jpg,,,,82026-2,,
8191811,Magic,Duskmourn: House of Horror,Impossible Inferno,140,C,Near Mint,0.08,,,,,1,0.08,,0.08,https://user-content.cardcastle.co/uploads/card_user/scanned_image/90bd9494-bf4b-4341-b807-0a06fe8ba496.jpg,,,,82026-2,,
1134123,Magic,Theros,Scourgemark,105,C,Near Mint,0.09,,,,,3,0.09,,0.09,https://user-content.cardcastle.co/uploads/card_user/scanned_image/686fbd83-09db-4852-b615-179e3a81ac12.jpg,,,,82026-2,,
8174999,Magic,Duskmourn: House of Horror,Glassworks // Shattered Yard,137,C,Near Mint,0.22,,,,,1,0.22,,0.22,https://user-content.cardcastle.co/uploads/card_user/scanned_image/26e853a3-5c2f-4a8b-8df7-340c0a989f92.jpg,,,,82026-2,,
8186769,Magic,Duskmourn: House of Horror,Hand That Feeds,139,C,Near Mint,0.1,,,,,3,0.1,,0.1,https://user-content.cardcastle.co/uploads/card_user/scanned_image/3038ef9e-0502-462c-8962-7622bcdfbf72.jpg,,,,82026-2,,
8645494,Magic,Tarkir: Dragonstorm,Shocking Sharpshooter,121,U,Near Mint,0.3,,,,,3,0.3,,0.3,https://user-content.cardcastle.co/uploads/card_user/scanned_image/2d9dffef-708a-4171-9340-3f388bd152f1.jpg,,,,82026-2,,
8191871,Magic,Duskmourn: House of Horror,Most Valuable Slayer,144,C,Near Mint,0.09,,,,,1,0.09,,0.09,https://user-content.cardcastle.co/uploads/card_user/scanned_image/5e67bf3c-337c-44e9-bbf5-bb562e751837.jpg,,,,82026-2,,
8644123,Magic,Tarkir: Dragonstorm,Molten Exhale,113,C,Near Mint,0.14,,,,,1,0.14,,0.14,https://user-content.cardcastle.co/uploads/card_user/scanned_image/42ebe773-d03d-48b5-84e9-c6c74569c422.jpg,,,,82026-2,,
8287020,Magic,Foundations,Shivan Dragon (0206),206,U,Near Mint,0.14,,,,,1,0.14,,0.14,https://user-content.cardcastle.co/uploads/card_user/scanned_image/559ef562-8f51-4e0b-8d54-0b4762078829.jpg,,,,82026-2,,
8200233,Magic,Duskmourn: House of Horror,Rampaging Soulrager,151,C,Near Mint,0.05,,,,,1,0.05,,0.05,https://user-content.cardcastle.co/uploads/card_user/scanned_image/0bef75ac-72ab-4926-979f-8d076492d8b0.jpg,,,,82026-2,,
8893337,Magic,Avatar: The Last Airbender,Lightning Strike,146,C,Near Mint,0.18,,,,,2,0.18,,0.18,https://user-content.cardcastle.co/uploads/card_user/scanned_image/d0d71207-c1c2-4af4-b0b1-01d783f7c079.jpg,,,,82026-2,,
8976341,Magic,Avatar: The Last Airbender,Cunning Maneuver,130,C,Near Mint,0.16,,,,,5,0.16,,0.16,https://user-content.cardcastle.co/uploads/card_user/scanned_image/35c33e0a-4a70-47f5-9c3f-6ea8ff58325e.jpg,,,,82026-2,,
8988496,Magic,Avatar: The Last Airbender,Fire Nation Cadets,134,C,Near Mint,0.15,,,,,2,0.15,,0.15,https://user-content.cardcastle.co/uploads/card_user/scanned_image/b4cddc4f-4e16-4595-878d-82e93d779295.jpg,,,,82026-2,,
8893437,Magic,Avatar: The Last Airbender,Mongoose Lizard,148,C,Near Mint,0.11,,,,,3,0.11,,0.11,https://user-content.cardcastle.co/uploads/card_user/scanned_image/ee2b9138-16ec-402a-a7b1-3b173c076bd8.jpg,,,,82026-2,,
8861910,Magic,Marvel's Spider-Man,"Spider-Gwen, Free Spirit",90,C,Near Mint,0.16,,,,,1,0.16,,0.16,https://user-content.cardcastle.co/uploads/card_user/scanned_image/01e67601-0733-4339-ace7-207944484266.jpg,,,,82026-2,,
8861930,Magic,Marvel's Spider-Man,Masked Meower,82,C,Near Mint,0.2,,,,,4,0.2,,0.2,https://user-content.cardcastle.co/uploads/card_user/scanned_image/1c61ea43-39fb-4353-8a4b-60dcb2955849.jpg,,,,82026-2,,
8920254,Magic,Marvel's Spider-Man,Wisecrack,98,U,Near Mint,0.23,,,,,1,0.23,,0.23,https://user-content.cardcastle.co/uploads/card_user/scanned_image/af50e2f9-a1ef-46ef-8745-17590fd8c6b1.jpg,,,,82026-2,,
8861980,Magic,Marvel's Spider-Man,Romantic Rendezvous,86,C,Near Mint,0.31,,,,,3,0.31,,0.31,https://user-content.cardcastle.co/uploads/card_user/scanned_image/1788188f-8eac-40a9-9012-0d89d206d3e8.jpg,,,,82026-2,,
8914385,Magic,Marvel's Spider-Man,Heroes' Hangout,79,U,Near Mint,0.18,,,,,2,0.18,,0.18,https://user-content.cardcastle.co/uploads/card_user/scanned_image/8d1e74b3-87cb-423d-9727-7802af25f08e.jpg,,,,82026-2,,
8861855,Magic,Marvel's Spider-Man,Spider-Islanders,91,C,Near Mint,0.13,,,,,1,0.13,,0.13,https://user-content.cardcastle.co/uploads/card_user/scanned_image/eb4e2438-5657-486e-8e4a-d11d89640227.jpg,,,,82026-2,,
4299322,Magic,Theros Beyond Death,"Anax, Hardened in the Forge (Showcase)",264,U,Near Mint,0.16,,,,,1,0.16,,0.16,https://user-content.cardcastle.co/uploads/card_user/scanned_image/3ea5cee6-80d3-4951-b92f-2f6917efc2e2.jpg,,,,82026-2,,
9336952,Magic,Commander: Marvel Super Heroes,Taxi Driver,811,C,Near Mint,0.14,,,,,1,0.14,,0.14,https://user-content.cardcastle.co/uploads/card_user/scanned_image/22608e0e-a50b-43fd-ab54-2013e12fba4d.jpg,,,,82026-2,,
8323572,Magic,Foundations,Slumbering Cerberus,94,U,Near Mint,0.16,,,,,1,0.16,,0.16,https://user-content.cardcastle.co/uploads/card_user/scanned_image/7079bd8e-e402-4c3a-8d80-e8746863f3b3.jpg,,,,82026-2,,
8341805,Magic,Foundations,Gorehorn Raider,89,C,Near Mint,0.11,,,,,2,0.11,,0.11,https://user-content.cardcastle.co/uploads/card_user/scanned_image/8a28ce40-15f6-4ea0-8d3b-ddca0736b3bb.jpg,,,,82026-2,,
8331550,Magic,Foundations,Strongbox Raider,96,U,Near Mint,0.15,,,,,1,0.15,,0.15,https://user-content.cardcastle.co/uploads/card_user/scanned_image/e4a3b32f-e48f-41b7-a038-70be2ffdb48d.jpg,,,,82026-2,,
8340775,Magic,Foundations,Frenzied Goblin,199,U,Near Mint,0.23,,,,,1,0.23,,0.23,https://user-content.cardcastle.co/uploads/card_user/scanned_image/abbbac42-de38-41d4-9db3-c83d18163b98.jpg,,,,82026-2,,
8825707,Magic,Edge of Eternities,Memorial Team Leader,144,U,Near Mint,0.15,,,,,2,0.15,,0.15,https://user-content.cardcastle.co/uploads/card_user/scanned_image/2609ab04-670b-4cec-adfe-d7db4fc5fdfa.jpg,,,,82026-2,,
8840726,Magic,Edge of Eternities,Kavaron Skywarden,140,C,Near Mint,0.09,,,,,4,0.09,,0.09,https://user-content.cardcastle.co/uploads/card_user/scanned_image/2463709f-482c-4caf-9b46-e35d29993376.jpg,,,,82026-2,,
8841386,Magic,Edge of Eternities,Nebula Dragon,147,C,Near Mint,0.12,,,,,3,0.12,,0.12,https://user-content.cardcastle.co/uploads/card_user/scanned_image/8d449bdc-9cd7-48cc-9831-75f28a4a8426.jpg,,,,82026-2,,
8840426,Magic,Edge of Eternities,Drill Too Deep,133,C,Near Mint,0.21,,,,,5,0.21,,0.21,https://user-content.cardcastle.co/uploads/card_user/scanned_image/f0ed9798-6e26-4b2e-ac90-b3d822c1db1a.jpg,,,,82026-2,,
8841866,Magic,Edge of Eternities,Systems Override,161,U,Near Mint,0.19,,,,,3,0.19,,0.19,https://user-content.cardcastle.co/uploads/card_user/scanned_image/4665f7fc-4fd6-4037-a96f-008ee2608118.jpg,,,,82026-2,,
8217488,Magic,Duskmourn: House of Horror,Boilerbilges Ripper,127,C,Near Mint,0.1,,,,,1,0.1,,0.1,https://user-content.cardcastle.co/uploads/card_user/scanned_image/0d552fe8-bf02-43d9-9917-8c81fd32f8ee.jpg,,,,82026-2,,
8179773,Magic,Duskmourn: House of Horror,Fear of Burning Alive,135,U,Near Mint,0.24,,,,,1,0.24,,0.24,https://user-content.cardcastle.co/uploads/card_user/scanned_image/bf398122-1e12-4eb4-8ab1-63b6797ddba6.jpg,,,,82026-2,,
8208090,Magic,Duskmourn: House of Horror,Bedhead Beastie,125,C,Near Mint,0.08,,,,,1,0.08,,0.08,https://user-content.cardcastle.co/uploads/card_user/scanned_image/480a34e5-cbc3-46b8-9d5f-a0d7415a776c.jpg,,,,82026-2,,
7704352,Magic,Murders at Karlov Manor,Suspicious Detonation,145,C,Near Mint,0.1,,,,,1,0.1,,0.1,https://user-content.cardcastle.co/uploads/card_user/scanned_image/59eba966-0d70-4fab-a5e7-6f4b2c1e43a9.jpg,,,,82026-2,,
7667879,Magic,Murders at Karlov Manor,Galvanize,128,C,Near Mint,0.2,,,,,1,0.2,,0.2,https://user-content.cardcastle.co/uploads/card_user/scanned_image/15f69073-9b29-4977-accd-39c40574c89b.jpg,,,,82026-2,,
8186829,Magic,Duskmourn: House of Horror,Irreverent Gremlin,142,U,Near Mint,0.3,,,,,1,0.3,,0.3,https://user-content.cardcastle.co/uploads/card_user/scanned_image/8e13b3a7-90d0-4900-95a3-bf77d7b7de9b.jpg,,,,82026-2,,
8246911,Magic,The List Reprints,Axgard Cavalry,KHM-121,C,Near Mint,0.06,,,,,2,0.06,,0.06,https://user-content.cardcastle.co/uploads/card_user/scanned_image/813d87f3-d1a4-48d0-beb4-ba34bd7fc8fd.jpg,,,,82026-2,,
8336775,Magic,Foundations,Axgard Cavalry,189,C,Near Mint,0.28,,,,,1,0.28,,0.28,https://user-content.cardcastle.co/uploads/card_user/scanned_image/e36bb8cd-d536-4ced-8b10-8aae25a48d1b.jpg,,,,82026-2,,
8323512,Magic,Foundations,Seismic Rupture,205,U,Near Mint,0.15,,,,,1,0.15,,0.15,https://user-content.cardcastle.co/uploads/card_user/scanned_image/fe70eb31-daad-4271-b900-305b2bd5b92c.jpg,,,,82026-2,,
8295365,Magic,Foundations,Firespitter Whelp (0197),197,U,Near Mint,0.24,,,,,1,0.24,,0.24,https://user-content.cardcastle.co/uploads/card_user/scanned_image/f8720020-5ce4-411c-aa75-9542c7a9868c.jpg,,,,82026-2,,
5001311,Magic,Modern Horizons 2,Mount Velus Manticore,136,C,Near Mint,0.08,,,,,1,0.08,,0.08,https://user-content.cardcastle.co/uploads/card_user/scanned_image/b7aa3caa-7b6a-4426-b2d4-aa9cc41810cf.jpg,,,,82026-2,,
4057420,Magic,Modern Horizons,Pyrophobia,141,C,Near Mint,0.11,,,,,1,0.11,,0.11,https://user-content.cardcastle.co/uploads/card_user/scanned_image/5042932e-8cce-4a52-9069-0d2c5286f886.jpg,,,,82026-2,,
4060070,Magic,Modern Horizons,Orcish Hellraiser,136,C,Near Mint,0.11,,,,,1,0.11,,0.11,https://user-content.cardcastle.co/uploads/card_user/scanned_image/1c5fb171-5fe0-4a46-a348-0fd28032ecb9.jpg,,,,82026-2,,
8611979,Magic,Tarkir: Dragonstorm,Equilibrium Adept,106,U,Near Mint,0.12,,,,,2,0.12,,0.12,https://user-content.cardcastle.co/uploads/card_user/scanned_image/8460818e-7586-4901-976c-8c58896f86f4.jpg,,,,82026-2,,
8649815,Magic,Tarkir: Dragonstorm,Wild Ride,132,C,Near Mint,0.26,,,,,2,0.26,,0.26,https://user-content.cardcastle.co/uploads/card_user/scanned_image/2c81406d-03ce-430a-a66c-43638aa7a466.jpg,,,,82026-2,,
4275820,Magic,The List Reprints,Sparktongue Dragon,M19-159,C,Near Mint,0.15,,,,,1,0.15,,0.15,https://user-content.cardcastle.co/uploads/card_user/scanned_image/a416649e-cce1-486a-98a2-00b253b91635.jpg,,,,82026-2,,
9034238,Magic,The List Reprints,Dragon Mantle,CMR-174,C,Near Mint,0.14,,,,,1,0.14,,0.14,https://user-content.cardcastle.co/uploads/card_user/scanned_image/0feea072-80bd-4d93-b211-b50df7b278c3.jpg,,,,82026-2,,
6765985,Magic,Jumpstart 2022,Reckless Fireweaver,587,C,Near Mint,0.77,,,,,1,0.77,,0.77,https://user-content.cardcastle.co/uploads/card_user/scanned_image/f2f51fb4-032d-446e-bc2d-581ab10a41a8.jpg,,,,82026-2,,
6668316,Magic,The Brothers' War,"Mishra, Excavation Prodigy",140,U,Near Mint,0.13,,,,,1,0.13,,0.13,https://user-content.cardcastle.co/uploads/card_user/scanned_image/a8f24ff7-0324-4fe8-ba26-f643d45763ed.jpg,,,,82026-2,,
6711935,Magic,The Brothers' War,Excavation Explosion,132,C,Near Mint,0.2,,,,,1,0.2,,0.2,https://user-content.cardcastle.co/uploads/card_user/scanned_image/6ea69967-b1e7-41d2-a86a-69e9a97e88f5.jpg,,,,82026-2,,
6676017,Magic,The Brothers' War,Bitter Reunion,127,C,Near Mint,0.38,,,,,2,0.38,,0.38,https://user-content.cardcastle.co/uploads/card_user/scanned_image/bed0f157-ab5c-4075-adf4-22ccf28da6f6.jpg,,,,82026-2,,
6714300,Magic,The Brothers' War,Conscripted Infantry,129,C,Near Mint,0.04,,,,,1,0.04,,0.04,https://user-content.cardcastle.co/uploads/card_user/scanned_image/f0076d17-f0bb-445d-b08d-91a58a79019c.jpg,,,,82026-2,,
6716260,Magic,The Brothers' War,Roc Hunter,150,C,Near Mint,0.04,,,,,2,0.04,,0.04,https://user-content.cardcastle.co/uploads/card_user/scanned_image/7cb2a968-7c0a-421c-8219-927131fc9c75.jpg,,,,82026-2,,
6715965,Magic,The Brothers' War,Penregon Strongbull,147,C,Near Mint,0.14,,,,,1,0.14,,0.14,https://user-content.cardcastle.co/uploads/card_user/scanned_image/94ac3cbc-f0ec-4d12-8fa1-1523cfa6e9b0.jpg,,,,82026-2,,
6685373,Magic,The Brothers' War,Mishra's Domination,142,C,Near Mint,0.07,,,,,1,0.07,,0.07,https://user-content.cardcastle.co/uploads/card_user/scanned_image/85d75508-274e-4f38-a9c0-7b42e5b0ae08.jpg,,,,82026-2,,
8343465,Magic,Foundations,Thrill of Possibility,210,C,Near Mint,0.29,,,,,1,0.29,,0.29,https://user-content.cardcastle.co/uploads/card_user/scanned_image/c1e33438-5085-4658-bd96-466f0b486551.jpg,,,,82026-2,,
8331430,Magic,Foundations,Goblin Negotiation,88,U,Near Mint,0.32,,,,,1,0.32,,0.32,https://user-content.cardcastle.co/uploads/card_user/scanned_image/bd79625d-b9db-471a-84e5-71ed7cee538d.jpg,,,,82026-2,,
8338165,Magic,Foundations,Brazen Scourge,191,U,Near Mint,0.06,,,,,2,0.06,,0.06,https://user-content.cardcastle.co/uploads/card_user/scanned_image/bde35dc3-cb6e-44a3-ae68-06a3a578c4e2.jpg,,,,82026-2,,
8299967,Magic,Foundations,Burst Lightning,192,C,Near Mint,0.23,,,,,1,0.23,,0.23,https://user-content.cardcastle.co/uploads/card_user/scanned_image/f2f2ef81-c4af-4710-ac47-61cc40b64e70.jpg,,,,82026-2,,
8341995,Magic,Foundations,Incinerating Blast,90,C,Near Mint,0.07,,,,,3,0.07,,0.07,https://user-content.cardcastle.co/uploads/card_user/scanned_image/fc7c876d-38da-4d66-ad21-c0ada073f51b.jpg,,,,82026-2,,
8645464,Magic,Tarkir: Dragonstorm,Reverberating Summons,117,U,Near Mint,0.1,,,,,3,0.1,,0.1,https://user-content.cardcastle.co/uploads/card_user/scanned_image/f09c2ef8-a5f7-40bb-a870-83d8c98689c3.jpg,,,,82026-2,,
8841626,Magic,Edge of Eternities,Rig for War,156,C,Near Mint,0.15,,,,,5,0.15,,0.15,https://user-content.cardcastle.co/uploads/card_user/scanned_image/5d901ce2-b40f-42f4-8789-b1b36536abfb.jpg,,,,82026-2,,
8825576,Magic,Edge of Eternities,Cut Propulsion,130,U,Near Mint,0.11,,,,,2,0.11,,0.11,https://user-content.cardcastle.co/uploads/card_user/scanned_image/3bdcc564-6b37-4e1b-9332-0eca491fbeef.jpg,,,,82026-2,,
8841686,Magic,Edge of Eternities,Roving Actuator,157,U,Near Mint,0.12,,,,,2,0.12,,0.12,https://user-content.cardcastle.co/uploads/card_user/scanned_image/358e5dae-cc66-4780-9c24-88f31d307130.jpg,,,,82026-2,,
8842286,Magic,Edge of Eternities,Zookeeper Mechan,170,C,Near Mint,0.28,,,,,2,0.28,,0.28,https://user-content.cardcastle.co/uploads/card_user/scanned_image/b1f3c666-d0f4-4cb1-bc67-89bbf1d05a0f.jpg,,,,82026-2,,
8801845,Magic,Edge of Eternities,Red Tiger Mechan,154,C,Near Mint,0.16,,,,,4,0.16,,0.16,https://user-content.cardcastle.co/uploads/card_user/scanned_image/63087a49-06a5-4444-a1b9-f95b7f6b551c.jpg,,,,82026-2,,
8821908,Magic,Edge of Eternities,Plasma Bolt,152,C,Near Mint,0.2,,,,,4,0.2,,0.2,https://user-content.cardcastle.co/uploads/card_user/scanned_image/8acde1ab-4e7b-4a43-9a7a-b5fed2f7734f.jpg,,,,82026-2,,
8840546,Magic,Edge of Eternities,Frontline War-Rager,134,C,Near Mint,0.08,,,,,4,0.08,,0.08,https://user-content.cardcastle.co/uploads/card_user/scanned_image/c20eb7e7-2aa0-4914-9791-8513b7a2e089.jpg,,,,82026-2,,
8814602,Magic,Edge of Eternities,Galvanizing Sawship,136,U,Near Mint,0.21,,,,,2,0.21,,0.21,https://user-content.cardcastle.co/uploads/card_user/scanned_image/536fe065-5940-4de6-9716-8b65af30a99e.jpg,,,,82026-2,,
8841446,Magic,Edge of Eternities,Orbital Plunge,149,C,Near Mint,0.13,,,,,4,0.13,,0.13,https://user-content.cardcastle.co/uploads/card_user/scanned_image/a3d86e33-a554-4aab-a709-08669eabb6b7.jpg,,,,82026-2,,
8339385,Magic,Foundations,Crackling Cyclops,83,C,Near Mint,0.14,,,,,2,0.14,,0.14,https://user-content.cardcastle.co/uploads/card_user/scanned_image/4f39fafc-642a-4f9f-94e9-6595d8b629e7.jpg,,,,82026-2,,
8191631,Magic,Duskmourn: House of Horror,Charred Foyer // Warped Space (Borderless),340,M,Near Mint,4.29,,,,,1,4.29,,4.29,https://user-content.cardcastle.co/uploads/card_user/scanned_image/d2301da0-4ece-4895-ac85-4204122697b6.jpg,,,,82026-2,,
8638750,Magic,Tarkir: Dragonstorm,Stormshriek Feral,124,C,Near Mint,0.19,,,,,2,0.19,,0.19,https://user-content.cardcastle.co/uploads/card_user/scanned_image/007900d1-76d8-440d-b4d7-cccf360dc4d1.jpg,,,,82026-2,,
8634749,Magic,Tarkir: Dragonstorm,Channeled Dragonfire,102,U,Near Mint,0.19,,,,,2,0.19,,0.19,https://user-content.cardcastle.co/uploads/card_user/scanned_image/6d6f078b-515f-4931-8204-b0c0e61fcbb5.jpg,,,,82026-2,,
8638810,Magic,Tarkir: Dragonstorm,Stormshriek Feral (Showcase),304,C,Near Mint,0.23,,,,,2,0.23,,0.23,https://user-content.cardcastle.co/uploads/card_user/scanned_image/171b0ba4-ac2f-41fc-bfe4-98d4bf37f91c.jpg,,,,82026-2,,
8628590,Magic,Tarkir: Dragonstorm,Shock Brigade,120,C,Near Mint,0.19,,,,,1,0.19,,0.19,https://user-content.cardcastle.co/uploads/card_user/scanned_image/0a19252c-2b28-473b-a4a0-9ff39c01f0c8.jpg,,,,82026-2,,
8649215,Magic,Tarkir: Dragonstorm,Fleeting Effigy,108,U,Near Mint,0.23,,,,,1,0.23,,0.23,https://user-content.cardcastle.co/uploads/card_user/scanned_image/8ff21744-3e0f-4a57-8aa7-338a57a519f5.jpg,,,,82026-2,,
8634689,Magic,Tarkir: Dragonstorm,Breaching Dragonstorm,101,U,Near Mint,0.27,,,,,2,0.27,,0.27,https://user-content.cardcastle.co/uploads/card_user/scanned_image/a201f9bc-55c6-4c8e-8e54-6f7d74a55030.jpg,,,,82026-2,,
8628530,Magic,Tarkir: Dragonstorm,Jeskai Devotee,110,C,Near Mint,0.08,,,,,1,0.08,,0.08,https://user-content.cardcastle.co/uploads/card_user/scanned_image/fd89390a-f530-4ef7-8a70-e21c89ad1ed1.jpg,,,,82026-2,,
8649455,Magic,Tarkir: Dragonstorm,Overwhelming Surge,115,U,Near Mint,0.3,,,,,1,0.3,,0.3,https://user-content.cardcastle.co/uploads/card_user/scanned_image/57da9d46-0a7a-4626-bdf5-4374dd67c36b.jpg,,,,82026-2,,
8617043,Magic,Tarkir: Dragonstorm,Seize Opportunity,119,C,Near Mint,0.19,,,,,3,0.19,,0.19,https://user-content.cardcastle.co/uploads/card_user/scanned_image/4db6bb63-fd0e-4dbb-8059-14a0b51418af.jpg,,,,82026-2,,
8861970,Magic,Marvel's Spider-Man,Electro's Bolt,77,C,Near Mint,0.18,,,,,2,0.18,,0.18,https://user-content.cardcastle.co/uploads/card_user/scanned_image/419334a8-d16a-4eb8-8c5f-2f17f72f1ff5.jpg,,,,82026-2,,
8917709,Magic,Marvel's Spider-Man,"Molten Man, Inferno Incarnate",84,U,Near Mint,0.2,,,,,2,0.2,,0.2,https://user-content.cardcastle.co/uploads/card_user/scanned_image/096d0ba5-614d-40d6-8551-cb5aad978a66.jpg,,,,82026-2,,
8842106,Magic,Edge of Eternities,Terrapact Intimidator,164,U,Near Mint,0.16,,,,,1,0.16,,0.16,https://user-content.cardcastle.co/uploads/card_user/scanned_image/67f2d976-298f-42f4-9efc-d84cb02e9b5f.jpg,,,,82026-2,,
8842226,Magic,Edge of Eternities,Vaultguard Trooper,166,U,Near Mint,0.11,,,,,2,0.11,,0.11,https://user-content.cardcastle.co/uploads/card_user/scanned_image/e7170108-3196-4517-9a0f-5d1a4ae3c43b.jpg,,,,82026-2,,
8804140,Magic,Edge of Eternities,Weftstalker Ardent,169,U,Near Mint,1.84,,,,,1,1.84,,1.84,https://user-content.cardcastle.co/uploads/card_user/scanned_image/a3521705-5d8d-4c07-88ec-dde035969b06.jpg,,,,82026-2,,
8247996,Magic,The List Reprints,By Force,AKH-123,U,Near Mint,0.22,,,,,1,0.22,,0.22,https://user-content.cardcastle.co/uploads/card_user/scanned_image/392b15f3-075c-41df-9ad5-7fa3c37f2808.jpg,,,,82026-2,,
9085676,Magic,Lorwyn Eclipsed,Pitiless Fists,187,U,Near Mint,0.18,,,,,1,0.18,,0.18,https://user-content.cardcastle.co/uploads/card_user/scanned_image/8cfe9ab0-84db-4f17-8eef-7ba875ebb0e5.jpg,,,,82026-2,,
9064213,Magic,Lorwyn Eclipsed,Flock Impostor,16,U,Near Mint,0.29,,,,,1,0.29,,0.29,https://user-content.cardcastle.co/uploads/card_user/scanned_image/627f903c-42b4-477d-8045-23352dfa3bef.jpg,,,,82026-2,,
9071637,Magic,Lorwyn Eclipsed,Shimmercreep,120,U,Near Mint,0.14,,,,,1,0.14,,0.14,https://user-content.cardcastle.co/uploads/card_user/scanned_image/56131f56-ce0b-49ae-aa3c-d8b31448c3bf.jpg,,,,82026-2,,
9078378,Magic,Lorwyn Eclipsed,Run Away Together,67,C,Near Mint,0.16,,,,,2,0.16,,0.16,https://user-content.cardcastle.co/uploads/card_user/scanned_image/67c2a7f7-1a98-40ba-96b4-062f9412be91.jpg,,,,82026-2,,
9082272,Magic,Lorwyn Eclipsed,Gristle Glutton,144,C,Near Mint,0.23,,,,,4,0.23,,0.23,https://user-content.cardcastle.co/uploads/card_user/scanned_image/6cbbc30b-9e8a-4ffe-9188-0cf4fc3702ed.jpg,,,,82026-2,,
9079950,Magic,Lorwyn Eclipsed,Assert Perfection,164,C,Near Mint,0.14,,,,,2,0.14,,0.14,https://user-content.cardcastle.co/uploads/card_user/scanned_image/bb5611d6-a193-4ef8-a43b-6ddf35ea7350.jpg,,,,82026-2,,
9080370,Magic,Lorwyn Eclipsed,Chaos Spewer,210,C,Near Mint,0.14,,,,,3,0.14,,0.14,https://user-content.cardcastle.co/uploads/card_user/scanned_image/0905a391-82c3-43f3-ab45-286da5926c3c.jpg,,,,82026-2,,
9087010,Magic,Lorwyn Eclipsed,Reaping Willow,240,U,Near Mint,0.26,,,,,1,0.26,,0.26,https://user-content.cardcastle.co/uploads/card_user/scanned_image/65ddd315-3886-488e-9390-d5143f84cf85.jpg,,,,82026-2,,
9078538,Magic,Lorwyn Eclipsed,Swat Away,75,U,Near Mint,0.18,,,,,1,0.18,,0.18,https://user-content.cardcastle.co/uploads/card_user/scanned_image/5288dcab-a989-47fd-9f97-f5826a9c42ac.jpg,,,,82026-2,,
9083803,Magic,Lorwyn Eclipsed,Meanders Guide,25,U,Near Mint,0.2,,,,,1,0.2,,0.2,https://user-content.cardcastle.co/uploads/card_user/scanned_image/6270000a-1446-422f-84bb-07439c339ce5.jpg,,,,82026-2,,
9091037,Magic,Lorwyn Eclipsed,Timid Shieldbearer,39,C,Near Mint,0.1,,,,,2,0.1,,0.1,https://user-content.cardcastle.co/uploads/card_user/scanned_image/a5971e92-5b19-4ed0-aa52-f9bf0815bfbb.jpg,,,,82026-2,,
9084321,Magic,Lorwyn Eclipsed,Pestered Wellguard,63,U,Near Mint,0.22,,,,,2,0.22,,0.22,https://user-content.cardcastle.co/uploads/card_user/scanned_image/e3384e61-7ba5-40c7-87f5-a555c10509c5.jpg,,,,82026-2,,
9077998,Magic,Lorwyn Eclipsed,Pyrrhic Strike,30,U,Near Mint,0.34,,,,,1,0.34,,0.34,https://user-content.cardcastle.co/uploads/card_user/scanned_image/018fda0f-6bb6-4476-9eea-dd351b72061d.jpg,,,,82026-2,,
9064143,Magic,Lorwyn Eclipsed,Boggart Mischief,92,U,Near Mint,0.3,,,,,2,0.3,,0.3,https://user-content.cardcastle.co/uploads/card_user/scanned_image/2b0357e9-b7b6-4355-8dcb-4b2253251f08.jpg,,,,82026-2,,
9084621,Magic,Lorwyn Eclipsed,Blighted Blackthorn,90,C,Near Mint,0.12,,,,,3,0.12,,0.12,https://user-content.cardcastle.co/uploads/card_user/scanned_image/f76148d0-2b0d-4e19-8fbe-e651d7612018.jpg,,,,82026-2,,
9086950,Magic,Lorwyn Eclipsed,Brambleback Brute,128,C,Near Mint,0.18,,,,,2,0.18,,0.18,https://user-content.cardcastle.co/uploads/card_user/scanned_image/e5ab3e90-948b-4fb2-8332-c1cf05328897.jpg,,,,82026-2,,
9085606,Magic,Lorwyn Eclipsed,Mistmeadow Council,183,C,Near Mint,0.08,,,,,2,0.08,,0.08,https://user-content.cardcastle.co/uploads/card_user/scanned_image/42ef44b1-29a5-40ad-8da7-185118fe52bc.jpg,,,,82026-2,,
9093902,Magic,Lorwyn Eclipsed,Foraging Wickermaw,256,C,Near Mint,0.14,,,,,2,0.14,,0.14,https://user-content.cardcastle.co/uploads/card_user/scanned_image/89ba61f3-d4e0-4148-ba82-a2442a1e7542.jpg,,,,82026-2,,
9092982,Magic,Lorwyn Eclipsed,Eclipsed Boggart,217,U,Near Mint,0.27,,,,,2,0.27,,0.27,https://user-content.cardcastle.co/uploads/card_user/scanned_image/ea2920b3-a9d0-441e-aaa1-883b7e3ef8b9.jpg,,,,82026-2,,
9093542,Magic,Lorwyn Eclipsed,Twinflame Travelers,248,U,Near Mint,0.33,,,,,1,0.33,,0.33,https://user-content.cardcastle.co/uploads/card_user/scanned_image/5d6c484a-c09f-497a-9399-ead3afe8a331.jpg,,,,82026-2,,
9064513,Magic,Lorwyn Eclipsed,Dawn-Blessed Pennant,254,U,Near Mint,0.34,,,,,2,0.34,,0.34,https://user-content.cardcastle.co/uploads/card_user/scanned_image/eab9d281-8d90-443a-957b-6560a03dc441.jpg,,,,82026-2,,
9083968,Magic,Lorwyn Eclipsed,Thoughtweft Imbuer,38,U,Near Mint,0.15,,,,,2,0.15,,0.15,https://user-content.cardcastle.co/uploads/card_user/scanned_image/f949f11b-c81d-4653-9fb6-420eadc13bd5.jpg,,,,82026-2,,
9069854,Magic,Lorwyn Eclipsed,Wanderwine Farewell,83,U,Near Mint,0.21,,,,,1,0.21,,0.21,https://user-content.cardcastle.co/uploads/card_user/scanned_image/8fb1a757-5ab2-4632-b21d-ce973c5943c7.jpg,,,,82026-2,,
9064583,Magic,Lorwyn Eclipsed,Dose of Dawnglow,100,U,Near Mint,0.19,,,,,1,0.19,,0.19,https://user-content.cardcastle.co/uploads/card_user/scanned_image/c11d6552-9b03-4865-8faa-0a0e5d457093.jpg,,,,82026-2,,
9080790,Magic,Lorwyn Eclipsed,Prideful Feastling,238,C,Near Mint,0.17,,,,,2,0.17,,0.17,https://user-content.cardcastle.co/uploads/card_user/scanned_image/00d26b14-bc87-4326-8079-176c8bd25680.jpg,,,,82026-2,,
9091537,Magic,Lorwyn Eclipsed,Giantfall,141,U,Near Mint,0.21,,,,,1,0.21,,0.21,https://user-content.cardcastle.co/uploads/card_user/scanned_image/e1fd3cb9-4905-4428-a69f-a32120f89f7d.jpg,,,,82026-2,,
9068099,Magic,Lorwyn Eclipsed,Chomping Changeling,172,U,Near Mint,1.68,,,,,1,1.68,,1.68,https://user-content.cardcastle.co/uploads/card_user/scanned_image/d85385d1-4ccf-4eb2-a8fe-ce05fc302783.jpg,,,,82026-2,,
9080910,Magic,Lorwyn Eclipsed,Wary Farmer,251,C,Near Mint,0.13,,,,,2,0.13,,0.13,https://user-content.cardcastle.co/uploads/card_user/scanned_image/95b0f67b-fbc0-4d10-bd7c-8e9fe9d5f7a0.jpg,,,,82026-2,,
9091907,Magic,Lorwyn Eclipsed,Wanderbrine Trapper,42,U,Near Mint,0.23,,,,,2,0.23,,0.23,https://user-content.cardcastle.co/uploads/card_user/scanned_image/3c71356d-5efa-4978-8ba2-ba369b08ce0c.jpg,,,,82026-2,,
9084801,Magic,Lorwyn Eclipsed,Mudbutton Cursetosser,112,U,Near Mint,0.24,,,,,1,0.24,,0.24,https://user-content.cardcastle.co/uploads/card_user/scanned_image/674668eb-4cab-4a09-bc7b-29d25e93ac38.jpg,,,,82026-2,,
9069434,Magic,Lorwyn Eclipsed,Spell Snare,71,U,Near Mint,0.36,,,,,1,0.36,,0.36,https://user-content.cardcastle.co/uploads/card_user/scanned_image/855ed96a-5d10-4779-a05d-f715583bca66.jpg,,,,82026-2,,
9074264,Magic,Lorwyn Eclipsed,Lasting Tarfire,149,U,Near Mint,0.25,,,,,1,0.25,,0.25,https://user-content.cardcastle.co/uploads/card_user/scanned_image/af5732b4-f647-4d6f-b0d8-a9db7a12f2e4.jpg,,,,82026-2,,
9093957,Magic,Lorwyn Eclipsed,Stalactite Dagger,261,C,Near Mint,0.21,,,,,2,0.21,,0.21,https://user-content.cardcastle.co/uploads/card_user/scanned_image/99dac5e6-d8b6-4f3d-9949-ccf1c8bd9a6b.jpg,,,,82026-2,,
9089952,Magic,Lorwyn Eclipsed,Rimekin Recluse,66,U,Near Mint,0.17,,,,,1,0.17,,0.17,https://user-content.cardcastle.co/uploads/card_user/scanned_image/af2dbe6d-1fe3-4105-979e-89c195736d44.jpg,,,,82026-2,,
9082032,Magic,Lorwyn Eclipsed,Darkness Descends,97,U,Near Mint,0.29,,,,,1,0.29,,0.29,https://user-content.cardcastle.co/uploads/card_user/scanned_image/2fec9b80-fb39-495f-97f1-97eed8c91ba4.jpg,,,,82026-2,,
9091277,Magic,Lorwyn Eclipsed,Boulder Dash,127,U,Near Mint,0.16,,,,,1,0.16,,0.16,https://user-content.cardcastle.co/uploads/card_user/scanned_image/afc48ede-8afc-4730-944e-ba6334732ed1.jpg,,,,82026-2,,
9075531,Magic,Lorwyn Eclipsed,Eclipsed Flamekin,219,U,Near Mint,0.13,,,,,1,0.13,,0.13,https://user-content.cardcastle.co/uploads/card_user/scanned_image/eb619e69-05d3-4a4d-b94b-22bee4613690.jpg,,,,82026-2,,
9090337,Magic,Lorwyn Eclipsed,Barbed Bloodletter,86,C,Near Mint,0.1,,,,,3,0.1,,0.1,https://user-content.cardcastle.co/uploads/card_user/scanned_image/21f0ce41-fd5f-4cce-8e2f-54c2a079c4db.jpg,,,,82026-2,,
9082152,Magic,Lorwyn Eclipsed,Flaring Cinder,225,C,Near Mint,0.13,,,,,3,0.13,,0.13,https://user-content.cardcastle.co/uploads/card_user/scanned_image/b84237e9-add9-4ebf-a36b-00e46c74371b.jpg,,,,82026-2,,
9088750,Magic,Lorwyn Eclipsed,Eclipsed Kithkin (Showcase),338,U,Near Mint,0.19,,,,,1,0.19,,0.19,https://user-content.cardcastle.co/uploads/card_user/scanned_image/5274b775-a0fe-41a6-83e7-e9ffb7faa7de.jpg,,,,82026-2,,
9082452,Magic,Lorwyn Eclipsed,Bark of Doran,6,U,Near Mint,0.2,,,,,1,0.2,,0.2,https://user-content.cardcastle.co/uploads/card_user/scanned_image/08c9cae2-9ed2-4b1e-a1a3-175564b753ff.jpg,,,,82026-2,,
9084023,Magic,Lorwyn Eclipsed,Tributary Vaulter,40,C,Near Mint,0.13,,,,,2,0.13,,0.13,https://user-content.cardcastle.co/uploads/card_user/scanned_image/c1da927c-ee14-490d-9e39-289b2772de64.jpg,,,,82026-2,,
7195497,Magic,Universes Beyond: The Lord of the Rings: Tales of Middle-earth,"Erkenbrand, Lord of Westfold",123,U,Near Mint,0.14,,,,,2,0.14,,0.14,https://user-content.cardcastle.co/uploads/card_user/scanned_image/70a443d9-e288-4723-aa24-7bcf4a03d787.jpg,,,,82026-2,,
7191119,Magic,Universes Beyond: The Lord of the Rings: Tales of Middle-earth,Eomer of the Riddermark,121,U,Near Mint,0.16,,,,,2,0.16,,0.16,https://user-content.cardcastle.co/uploads/card_user/scanned_image/f85d920c-4df0-4484-9bdf-537238915cf4.jpg,,,,82026-2,,
7175640,Magic,Universes Beyond: The Lord of the Rings: Tales of Middle-earth,Foray of Orcs (Borderless),417,U,Near Mint,0.28,,,,,1,0.28,,0.28,https://user-content.cardcastle.co/uploads/card_user/scanned_image/ba8ba126-1a85-4a45-8ec9-81f2be980d19.jpg,,,,82026-2,,
7169790,Magic,Universes Beyond: The Lord of the Rings: Tales of Middle-earth,Rising of the Day,145,U,Near Mint,0.79,,,,,1,0.79,,0.79,https://user-content.cardcastle.co/uploads/card_user/scanned_image/4d7c2984-33a0-482c-8350-f5837c8d70d6.jpg,,,,82026-2,,
7184675,Magic,Universes Beyond: The Lord of the Rings: Tales of Middle-earth,"Gimli, Counter of Kills",129,U,Near Mint,0.17,,,,,1,0.17,,0.17,https://user-content.cardcastle.co/uploads/card_user/scanned_image/e989123c-be7c-46f8-ba43-3e2a2c6f76e1.jpg,,,,82026-2,,
7185135,Magic,Universes Beyond: The Lord of the Rings: Tales of Middle-earth,Gimli's Fury,131,C,Near Mint,0.16,,,,,1,0.16,,0.16,https://user-content.cardcastle.co/uploads/card_user/scanned_image/c78637f9-9701-47d1-8281-2109154ed532.jpg,,,,82026-2,,
7214478,Magic,Universes Beyond: The Lord of the Rings: Tales of Middle-earth,Quarrel's End,141,C,Near Mint,0.16,,,,,1,0.16,,0.16,https://user-content.cardcastle.co/uploads/card_user/scanned_image/2cac9d3b-f2f5-4802-89b7-1856ce2d48be.jpg,,,,82026-2,,
7165605,Magic,Universes Beyond: The Lord of the Rings: Tales of Middle-earth,Foray of Orcs,128,U,Near Mint,0.28,,,,,1,0.28,,0.28,https://user-content.cardcastle.co/uploads/card_user/scanned_image/526f23ef-ebe4-4d98-95f0-2dd0876b3afd.jpg,,,,82026-2,,
7214718,Magic,Universes Beyond: The Lord of the Rings: Tales of Middle-earth,Relentless Rohirrim,144,C,Near Mint,0.1,,,,,2,0.1,,0.1,https://user-content.cardcastle.co/uploads/card_user/scanned_image/f55afa6b-a72d-431d-be6b-5aaf7a091e1a.jpg,,,,82026-2,,
7214958,Magic,Universes Beyond: The Lord of the Rings: Tales of Middle-earth,Rohirrim Lancer,146,C,Near Mint,0.11,,,,,2,0.11,,0.11,https://user-content.cardcastle.co/uploads/card_user/scanned_image/9899700f-78a0-4f25-8e63-7664668fd1ea.jpg,,,,82026-2,,
7214158,Magic,Universes Beyond: The Lord of the Rings: Tales of Middle-earth,Haradrim Spearmaster,135,C,Near Mint,0.09,,,,,1,0.09,,0.09,https://user-content.cardcastle.co/uploads/card_user/scanned_image/73e1e51e-3b9e-4aee-8118-f352670b410e.jpg,,,,82026-2,,
7191969,Magic,Universes Beyond: The Lord of the Rings: Tales of Middle-earth,Battle-Scarred Goblin,115,C,Near Mint,0.18,,,,,1,0.18,,0.18,https://user-content.cardcastle.co/uploads/card_user/scanned_image/357afa90-e210-48e3-90e2-f48f72d27af1.jpg,,,,82026-2,,
7185786,Magic,Universes Beyond: The Lord of the Rings: Tales of Middle-earth,Smite the Deathless,148,C,Near Mint,0.19,,,,,1,0.19,,0.19,https://user-content.cardcastle.co/uploads/card_user/scanned_image/5fb316f2-24a1-4461-a6be-4e885ec8c96a.jpg,,,,82026-2,,
9081090,Magic,Lorwyn Eclipsed,Eclipsed Flamekin (Showcase),337,U,Near Mint,0.19,,,,,1,0.19,,0.19,https://user-content.cardcastle.co/uploads/card_user/scanned_image/1574be25-2389-48e8-b99f-86a7ce70d150.jpg,,,,82026-2,,
9066924,Magic,Lorwyn Eclipsed,Sear,154,U,Near Mint,0.31,,,,,1,0.31,,0.31,https://user-content.cardcastle.co/uploads/card_user/scanned_image/22b09296-da59-442b-abd0-4464c9e27c0a.jpg,,,,82026-2,,
9086417,Magic,Lorwyn Eclipsed,Puca's Eye,259,U,Near Mint,0.18,,,,,2,0.18,,0.18,https://user-content.cardcastle.co/uploads/card_user/scanned_image/aacbc9ed-21e8-4283-a3d8-ae56c47cfeae.jpg,,,,82026-2,,
9085161,Magic,Lorwyn Eclipsed,Enraged Flamecaster,135,C,Near Mint,0.16,,,,,1,0.16,,0.16,https://user-content.cardcastle.co/uploads/card_user/scanned_image/5d7a3758-5cd5-4b77-a7b4-c4b37f4cfbc4.jpg,,,,82026-2,,
9051900,Magic,Lorwyn Eclipsed,Perfect Intimidation,115,U,Near Mint,0.17,,,,,1,0.17,,0.17,https://user-content.cardcastle.co/uploads/card_user/scanned_image/d78324b4-d38b-4a7c-ab2e-a6ce270ba90a.jpg,,,,82026-2,,
9085536,Magic,Lorwyn Eclipsed,Luminollusk,179,U,Near Mint,0.12,,,,,1,0.12,,0.12,https://user-content.cardcastle.co/uploads/card_user/scanned_image/d7a1ef65-402f-4a59-8753-30bb2986ff34.jpg,,,,82026-2,,
9084741,Magic,Lorwyn Eclipsed,Graveshifter,104,U,Near Mint,0.24,,,,,1,0.24,,0.24,https://user-content.cardcastle.co/uploads/card_user/scanned_image/96641285-d1c6-44ed-bd72-885004c4451a.jpg,,,,82026-2,,
9065704,Magic,Lorwyn Eclipsed,Goatnap,142,U,Near Mint,0.22,,,,,1,0.22,,0.22,https://user-content.cardcastle.co/uploads/card_user/scanned_image/b203fc1a-8404-4888-b4ae-358a01fadebd.jpg,,,,82026-2,,
9085341,Magic,Lorwyn Eclipsed,Squawkroaster,160,U,Near Mint,0.11,,,,,1,0.11,,0.11,https://user-content.cardcastle.co/uploads/card_user/scanned_image/f2c0c4b6-2c9d-4c20-b84c-588c9b810b04.jpg,,,,82026-2,,
9085741,Magic,Lorwyn Eclipsed,Prismabasher,188,U,Near Mint,0.19,,,,,1,0.19,,0.19,https://user-content.cardcastle.co/uploads/card_user/scanned_image/689c1e7a-b89b-44c8-84f3-571b91e2f4be.jpg,,,,82026-2,,
9091597,Magic,Lorwyn Eclipsed,Protective Response,29,U,Near Mint,0.17,,,,,1,0.17,,0.17,https://user-content.cardcastle.co/uploads/card_user/scanned_image/31687857-e4fa-4564-b308-5823ef047f55.jpg,,,,82026-2,,
9090637,Magic,Lorwyn Eclipsed,Evershrike's Gift,15,U,Near Mint,0.24,,,,,1,0.24,,0.24,https://user-content.cardcastle.co/uploads/card_user/scanned_image/e4577e12-4e06-4796-8eef-9f75b5337c3b.jpg,,,,82026-2,,
9083748,Magic,Lorwyn Eclipsed,Kithkeeper,23,U,Near Mint,0.1,,,,,1,0.1,,0.1,https://user-content.cardcastle.co/uploads/card_user/scanned_image/20ed2757-2d13-4494-a2f1-1a1c8816f350.jpg,,,,82026-2,,
9064453,Magic,Lorwyn Eclipsed,Personify,28,U,Near Mint,0.28,,,,,1,0.28,,0.28,https://user-content.cardcastle.co/uploads/card_user/scanned_image/9cb9042f-20d7-4b39-9d2c-7ae240313e65.jpg,,,,82026-2,,
9090112,Magic,Lorwyn Eclipsed,Thirst for Identity,79,U,Near Mint,0.24,,,,,1,0.24,,0.24,https://user-content.cardcastle.co/uploads/card_user/scanned_image/42d64f73-fb13-4d74-bfea-c4496fba4f88.jpg,,,,82026-2,,
7213638,Magic,Universes Beyond: The Lord of the Rings: Tales of Middle-earth,Erebor Flamesmith,122,C,Near Mint,0.41,,,,,1,0.41,,0.41,https://user-content.cardcastle.co/uploads/card_user/scanned_image/2bdfa864-3d62-4b8f-9591-1813b5fc7b27.jpg,,,,82026-2,,
8893717,Magic,Avatar: The Last Airbender,"Zuko, Exiled Prince",163,U,Near Mint,0.22,,,,,1,0.22,,0.22,https://user-content.cardcastle.co/uploads/card_user/scanned_image/17bf6a2d-2ec3-480f-a822-dc6a5ae7845f.jpg,,,,82026-2,,
8995313,Magic,Avatar: The Last Airbender,Combustion Man,127,U,Near Mint,0.27,,,,,1,0.27,,0.27,https://user-content.cardcastle.co/uploads/card_user/scanned_image/107f6189-48fd-4581-9b10-b09b43161433.jpg,,,,82026-2,,
8729045,Magic,FINAL FANTASY,Sidequest: Play Blitzball,158,U,Near Mint,0.23,,,,,1,0.23,,0.23,https://user-content.cardcastle.co/uploads/card_user/scanned_image/51286650-e4f9-402e-9eb2-66bf07982ca7.jpg,,,,82026-2,,
8743120,Magic,FINAL FANTASY,Choco-Comet,132,U,Near Mint,0.22,,,,,1,0.22,,0.22,https://user-content.cardcastle.co/uploads/card_user/scanned_image/2df45c07-15fe-49ab-910b-d2e30d8a3c77.jpg,,,,82026-2,,
8743870,Magic,FINAL FANTASY,Sabotender,153,C,Near Mint,0.32,,,,,1,0.32,,0.32,https://user-content.cardcastle.co/uploads/card_user/scanned_image/f05a52cb-46fb-4977-8bc3-291ddaa0feb3.jpg,,,,82026-2,,
8743060,Magic,FINAL FANTASY,Call the Mountain Chocobo,131,C,Near Mint,0.13,,,,,1,0.13,,0.13,https://user-content.cardcastle.co/uploads/card_user/scanned_image/2a35d557-a621-405b-bb25-06a302282322.jpg,,,,82026-2,,
7198570,Magic,Universes Beyond: The Lord of the Rings: Tales of Middle-earth,Ranger's Firebrand,143,U,Near Mint,0.19,,,,,1,0.19,,0.19,https://user-content.cardcastle.co/uploads/card_user/scanned_image/c3536290-68f1-4fea-9ffb-fee95eebab5b.jpg,,,,82026-2,,
8644063,Magic,Tarkir: Dragonstorm,Meticulous Artisan,112,C,Near Mint,0.06,,,,,1,0.06,,0.06,https://user-content.cardcastle.co/uploads/card_user/scanned_image/2965a897-a569-453a-9ad9-fc35680f17e8.jpg,,,,82026-2,,
6711695,Magic,The Brothers' War,Whirling Strike,157,C,Near Mint,0.2,,,,,1,0.2,,0.2,https://user-content.cardcastle.co/uploads/card_user/scanned_image/ca2947ee-cdd7-4d9d-81ad-8ebb125b4b2f.jpg,,,,82026-2,,
7675614,Magic,The List Reprints,Magmaw,UMA-138,U,Near Mint,0.06,,,,,1,0.06,,0.06,https://user-content.cardcastle.co/uploads/card_user/scanned_image/34fe6f6a-d3c6-4f9a-801e-8abeccc82dd3.jpg,,,,82026-2,,
8861920,Magic,Marvel's Spider-Man,Angry Rabble,75,C,Near Mint,0.12,,,,,2,0.12,,0.12,https://user-content.cardcastle.co/uploads/card_user/scanned_image/886872f3-c970-46bb-bdda-fa898e81c8f3.jpg,,,,82026-2,,
8861885,Magic,Marvel's Spider-Man,Stegron the Dinosaur Man,95,C,Near Mint,0.15,,,,,2,0.15,,0.15,https://user-content.cardcastle.co/uploads/card_user/scanned_image/4523afdb-28da-45b8-8c69-8d011674187e.jpg,,,,82026-2,,
8921858,Magic,Marvel's Spider-Man,"Hobgoblin, Mantled Marauder",80,U,Near Mint,0.24,,,,,2,0.24,,0.24,https://user-content.cardcastle.co/uploads/card_user/scanned_image/68b25bcf-1d50-4c1a-8900-dfef3feee604.jpg,,,,82026-2,,
8839706,Magic,Edge of Eternities,Debris Field Crusher,131,U,Near Mint,0.17,,,,,1,0.17,,0.17,https://user-content.cardcastle.co/uploads/card_user/scanned_image/55558939-b74f-4d7c-80d4-4d424acf192e.jpg,,,,82026-2,,
8841146,Magic,Edge of Eternities,Lithobraking,142,U,Near Mint,0.21,,,,,1,0.21,,0.21,https://user-content.cardcastle.co/uploads/card_user/scanned_image/a97b218e-3a28-4a1a-b029-891837a6e26d.jpg,,,,82026-2,,
7165475,Magic,Universes Beyond: The Lord of the Rings: Tales of Middle-earth,Fire of Orthanc,127,C,Near Mint,0.19,,,,,1,0.19,,0.19,https://user-content.cardcastle.co/uploads/card_user/scanned_image/c2175e19-b0d3-4b0c-8e34-5984413e3875.jpg,,,,82026-2,,
7178644,Magic,Universes Beyond: The Lord of the Rings: Tales of Middle-earth,Book of Mazarbul,116,U,Near Mint,0.22,,,,,1,0.22,,0.22,https://user-content.cardcastle.co/uploads/card_user/scanned_image/634be842-d7f9-4888-8221-6e3e6a2643c3.jpg,,,,82026-2,,
7214318,Magic,Universes Beyond: The Lord of the Rings: Tales of Middle-earth,Improvised Club,137,C,Near Mint,0.13,,,,,1,0.13,,0.13,https://user-content.cardcastle.co/uploads/card_user/scanned_image/e6150630-f97c-417b-a079-80b23ae05f9e.jpg,,,,82026-2,,
8830996,Magic,Edge of Eternities,Invasive Maneuvers,137,U,Near Mint,0.17,,,,,1,0.17,,0.17,https://user-content.cardcastle.co/uploads/card_user/scanned_image/0572d115-0d54-49e9-afea-24435263cecd.jpg,,,,82026-2,,
8825636,Magic,Edge of Eternities,Kavaron Harrier,139,U,Near Mint,0.28,,,,,1,0.28,,0.28,https://user-content.cardcastle.co/uploads/card_user/scanned_image/1a390c5a-6501-4a3d-a5be-c199e8125367.jpg,,,,82026-2,,
8919149,Magic,Marvel's Spider-Man,Superior Foes of Spider-Man,96,U,Near Mint,0.2,,,,,1,0.2,,0.2,https://user-content.cardcastle.co/uploads/card_user/scanned_image/c47d8055-349c-44ee-8b78-90a923610627.jpg,,,,82026-2,,
9336872,Magic,Commander: Marvel Super Heroes,Shock,809,C,Near Mint,0.26,,,,,2,0.26,,0.26,https://user-content.cardcastle.co/uploads/card_user/scanned_image/90eb3b52-3bcf-4837-837d-bed83eef3902.jpg,,,,82026-2,,
6685783,Magic,The Brothers' War,Sibling Rivalry,152,C,Near Mint,0.2,,,,,1,0.2,,0.2,https://user-content.cardcastle.co/uploads/card_user/scanned_image/43a9a11a-c46b-478e-a9bc-2d6331f2c16e.jpg,,,,82026-2,,
6691043,Magic,The Brothers' War,Fallaji Dragon Engine,159,U,Near Mint,0.11,,,,,1,0.11,,0.11,https://user-content.cardcastle.co/uploads/card_user/scanned_image/5b11f791-0305-42a3-9bf9-5e656ed8185d.jpg,,,,82026-2,,
8249571,Magic,The List Reprints,Spiteful Prankster,JMP-26,U,Near Mint,0.17,,,,,1,0.17,,0.17,https://user-content.cardcastle.co/uploads/card_user/scanned_image/6c7bb1b8-c9e0-4938-b59b-29b59cf9063d.jpg,,,,82026-2,,
8249171,Magic,The List Reprints,Humble Defector,FRF-104,U,Near Mint,0.14,,,,,1,0.14,,0.14,https://user-content.cardcastle.co/uploads/card_user/scanned_image/a0333601-b562-4ef0-88b0-c71109a4a099.jpg,,,,82026-2,,
8247711,Magic,The List Reprints,Blood Knight,PLC-115,U,Near Mint,0.21,,,,,1,0.21,,0.21,https://user-content.cardcastle.co/uploads/card_user/scanned_image/04da91a4-cb65-4027-b06a-04820445a1b9.jpg,,,,82026-2,,
8249126,Magic,The List Reprints,Ground Rift,TSP-162,C,Near Mint,0.16,,,,,1,0.16,,0.16,https://user-content.cardcastle.co/uploads/card_user/scanned_image/956ff984-c26d-40c8-b206-5ba7c27f2104.jpg,,,,82026-2,,
8989163,Magic,Avatar: The Last Airbender,Treetop Freedom Fighters,156,C,Near Mint,0.09,,,,,1,0.09,,0.09,https://user-content.cardcastle.co/uploads/card_user/scanned_image/d449a71f-d0aa-4902-b8a7-9b90144dfa63.jpg,,,,82026-2,,
8893277,Magic,Avatar: The Last Airbender,How to Start a Riot,140,C,Near Mint,0.14,,,,,2,0.14,,0.14,https://user-content.cardcastle.co/uploads/card_user/scanned_image/570b184b-43b7-4c35-8369-50e135880eba.jpg,,,,82026-2,,
8990866,Magic,Avatar: The Last Airbender,"Jeong Jeong, the Deserter",142,U,Near Mint,0.17,,,,,2,0.17,,0.17,https://user-content.cardcastle.co/uploads/card_user/scanned_image/e0b59623-9eaa-4fce-b1eb-e88bd6788f73.jpg,,,,82026-2,,
8893117,Magic,Avatar: The Last Airbender,Deserter's Disciple,131,C,Near Mint,0.11,,,,,2,0.11,,0.11,https://user-content.cardcastle.co/uploads/card_user/scanned_image/bbbda213-e261-498b-99ca-3d5778f76929.jpg,,,,82026-2,,
6694726,Magic,The Brothers' War,Obliterating Bolt,145,U,Near Mint,0.22,,,,,1,0.22,,0.22,https://user-content.cardcastle.co/uploads/card_user/scanned_image/b18cbff9-80c8-415f-800e-9c3ca38ebeb7.jpg,,,,82026-2,,
8094630,Magic,Mystery Booster 2,Goblin Gang Leader (Future Sight),144,U,Near Mint,0.64,,,,,1,0.64,,0.64,https://user-content.cardcastle.co/uploads/card_user/scanned_image/057a506f-5fdb-455d-bc8f-3d9c5bd8e8c4.jpg,,,,82026-2,,
8248591,Magic,The List Reprints,Firewing Phoenix,UMA-130,U,Near Mint,0.08,,,,,1,0.08,,0.08,https://user-content.cardcastle.co/uploads/card_user/scanned_image/aecd1d58-8546-41ee-afde-60e6972a4bd9.jpg,,,,82026-2,,
8249251,Magic,The List Reprints,Merchant of the Vale,ELD-131,C,Near Mint,0.06,,,,,1,0.06,,0.06,https://user-content.cardcastle.co/uploads/card_user/scanned_image/c47683cf-4e39-4ee3-90ab-d193aab3c480.jpg,,,,82026-2,,
8248586,Magic,The List Reprints,Fireslinger,TMP-173,C,Near Mint,0.15,,,,,1,0.15,,0.15,https://user-content.cardcastle.co/uploads/card_user/scanned_image/79e57b63-8748-4c0f-84e4-32cfdb237ad1.jpg,,,,82026-2,,
8248821,Magic,The List Reprints,Frenzied Saddlebrute,CMR-180,U,Near Mint,0.16,,,,,1,0.16,,0.16,https://user-content.cardcastle.co/uploads/card_user/scanned_image/2c11bffa-a7b2-4091-b843-b583700b59d2.jpg,,,,82026-2,,
6720110,Magic,The Brothers' War,Blitz Automaton,158,C,Near Mint,0.13,,,,,1,0.13,,0.13,https://user-content.cardcastle.co/uploads/card_user/scanned_image/77de0a15-ed2d-45af-a2fd-f54447d1f10b.jpg,,,,82026-2,,
7192129,Magic,Universes Beyond: The Lord of the Rings: Tales of Middle-earth,Warbeast of Gorgoroth,152,C,Near Mint,0.12,,,,,1,0.12,,0.12,https://user-content.cardcastle.co/uploads/card_user/scanned_image/704b170f-dc7e-4c32-8e43-d44a7b95674e.jpg,,,,82026-2,,
7170910,Magic,Universes Beyond: The Lord of the Rings: Tales of Middle-earth,Swarming of Moria,150,C,Near Mint,0.23,,,,,1,0.23,,0.23,https://user-content.cardcastle.co/uploads/card_user/scanned_image/5d3b902a-5fd3-4dbd-bc42-b1df15c3ff64.jpg,,,,82026-2,,
8989984,Magic,Avatar: The Last Airbender,"Mai, Jaded Edge",147,U,Near Mint,0.22,,,,,1,0.22,,0.22,https://user-content.cardcastle.co/uploads/card_user/scanned_image/b5f34b67-4008-4bc1-97e0-5a536c1bcbc2.jpg,,,,82026-2,,
8990986,Magic,Avatar: The Last Airbender,Twin Blades,157,U,Near Mint,0.2,,,,,1,0.2,,0.2,https://user-content.cardcastle.co/uploads/card_user/scanned_image/b3f5e0b0-28a8-4407-b5d8-ec7a2ad3c742.jpg,,,,82026-2,,
9009051,Magic,Avatar: The Last Airbender,Firebending Lesson,138,C,Near Mint,0.2,,,,,1,0.2,,0.2,https://user-content.cardcastle.co/uploads/card_user/scanned_image/4b4a860d-b55d-4d19-9986-4d1cadcfbe4c.jpg,,,,82026-2,,
7166685,Magic,Universes Beyond: The Lord of the Rings: Tales of Middle-earth,"Grishnakh, Brash Instigator",134,U,Near Mint,0.22,,,,,1,0.22,,0.22,https://user-content.cardcastle.co/uploads/card_user/scanned_image/ca19adb6-3b7f-417a-bc80-b10d012221a1.jpg,,,,82026-2,,
7184755,Magic,Universes Beyond: The Lord of the Rings: Tales of Middle-earth,"Gimli, Counter of Kills (Showcase)",312,U,Near Mint,0.25,,,,,1,0.25,,0.25,https://user-content.cardcastle.co/uploads/card_user/scanned_image/8423e16a-e963-4e76-b179-96577b9a6f87.jpg,,,,82026-2,,
7190909,Magic,Universes Beyond: The Lord of the Rings: Tales of Middle-earth,"Fear, Fire, Foes!",125,U,Near Mint,0.17,,,,,1,0.17,,0.17,https://user-content.cardcastle.co/uploads/card_user/scanned_image/58b96096-b80b-4aa4-b084-90bb621fe42b.jpg,,,,82026-2,,
7169045,Magic,Universes Beyond: The Lord of the Rings: Tales of Middle-earth,Olog-hai Crusher,140,C,Near Mint,0.11,,,,,1,0.11,,0.11,https://user-content.cardcastle.co/uploads/card_user/scanned_image/3ebfaa7a-0d7b-4bfa-a3bd-9b41adfe0d3c.jpg,,,,82026-2,,
7215358,Magic,Universes Beyond: The Lord of the Rings: Tales of Middle-earth,Rush the Room,147,C,Near Mint,0.15,,,,,1,0.15,,0.15,https://user-content.cardcastle.co/uploads/card_user/scanned_image/47b6dd7e-a097-4dcc-bfa1-cf30c1e65658.jpg,,,,82026-2,,